#FORMAT=WebAnno TSV 3.3
#T_SP=custom.Span|label
#T_RL=custom.Relation|label|BT_custom.Span


#Text=Al Comune di Brindisi Marca da bollo € 16
1-1	0-2	Al	_	_	_	
1-2	3-9	Comune	ENTE[1]	_	_	
1-3	10-12	di	ENTE[1]	_	_	
1-4	13-21	Brindisi	ENTE[1]	_	_	
1-5	22-27	Marca	_	_	_	
1-6	28-30	da	_	_	_	
1-7	31-36	bollo	_	_	_	
1-8	37-38	€	_	_	_	
1-9	39-41	16	_	_	_	

#Text=RICHIESTA DELL' ATTESTATO DI SOGGIORNO PERMANENTE
2-1	42-51	RICHIESTA	_	_	_	
2-2	52-57	DELL'	_	_	_	
2-3	58-67	ATTESTATO	_	_	_	
2-4	68-70	DI	_	_	_	
2-5	71-80	SOGGIORNO	_	_	_	
2-6	81-91	PERMANENTE	_	_	_	

#Text=Il / la sottoscritto / a Eleonora Villa codice fiscale VLLLNR90R63B180V , nato / a a Brindisi , prov. BR , il 23/10/1990 , cittadino / a appartenente all' Unione Europea , residente in Brindisi , prov. BR , via Saponea n. LOC 14 tel. 0831 098765 Mail evilla@libero.it RIVOLGE DOMANDA intesa ad ottenere il rilascio di attestato che certifichi la sua condizione di titolare del diritto di soggiorno permanente , valido ( ) per se stesso per se stesso e per i seguenti familiari conviventi , minori di età : Cognome e nome Francesco Lividi Luogo e data di nascita Brindisi , 23/09/2013 Sesso M Cittadinanza italiana A tal fine , consapevole delle sanzioni penali , nel caso di dichiarazioni non veritiere , di informazioni o uso di atti falsi , richiamate dall’ art. 76 del D.P.R. 28 dicembre 2000 , n. 445 DICHIARA di trovarsi nella condizione sotto indicata ( ) : • cittadino dell' Unione europea che soggiorna regolarmente ed in via continuativa in Italia dal 2015 e , quindi , da più di cinque anni ( ) ; • Lavoratore subordinato autonomo che ha cessato l' attività in data , dopo avere raggiunto l' età utile per l' acquisizione del diritto alla pensione di vecchiaia ( ) ;
3-1	92-94	Il	_	_	_	
3-2	95-96	/	_	_	_	
3-3	97-99	la	_	_	_	
3-4	100-112	sottoscritto	_	_	_	
3-5	113-114	/	_	_	_	
3-6	115-116	a	_	_	_	
3-7	117-125	Eleonora	PER[2]	addressR|email|cf|addressR|birthDate|relative|birthLoc|tel|birthLoc|addressR	3-40[3_2]|3-47[0_2]|3-11[0_2]|3-35[0_2]|3-23[0_2]|3-93[4_2]|3-17[0_2]|3-45[0_2]|3-20[0_2]|3-38[0_2]	
3-8	126-131	Villa	PER[2]	_	_	
3-9	132-138	codice	_	_	_	
3-10	139-146	fiscale	_	_	_	
3-11	147-163	VLLLNR90R63B180V	CF	_	_	
3-12	164-165	,	_	_	_	
3-13	166-170	nato	_	_	_	
3-14	171-172	/	_	_	_	
3-15	173-174	a	_	_	_	
3-16	175-176	a	_	_	_	
3-17	177-185	Brindisi	LOC	_	_	
3-18	186-187	,	_	_	_	
3-19	188-193	prov.	_	_	_	
3-20	194-196	BR	LOC	_	_	
3-21	197-198	,	_	_	_	
3-22	199-201	il	_	_	_	
3-23	202-212	23/10/1990	DATE	_	_	
3-24	213-214	,	_	_	_	
3-25	215-224	cittadino	_	_	_	
3-26	225-226	/	_	_	_	
3-27	227-228	a	_	_	_	
3-28	229-241	appartenente	_	_	_	
3-29	242-246	all'	_	_	_	
3-30	247-253	Unione	_	_	_	
3-31	254-261	Europea	_	_	_	
3-32	262-263	,	_	_	_	
3-33	264-273	residente	_	_	_	
3-34	274-276	in	_	_	_	
3-35	277-285	Brindisi	LOC	_	_	
3-36	286-287	,	_	_	_	
3-37	288-293	prov.	_	_	_	
3-38	294-296	BR	LOC	_	_	
3-39	297-298	,	_	_	_	
3-40	299-302	via	LOC[3]	_	_	
3-41	303-310	Saponea	LOC[3]	_	_	
3-42	311-317	n. LOC	LOC[3]	_	_	
3-43	318-320	14	LOC[3]	_	_	
3-44	321-325	tel.	_	_	_	
3-45	326-337	0831 098765	NUMBER	_	_	
3-46	338-342	Mail	_	_	_	
3-47	343-359	evilla@libero.it	EMAIL	_	_	
3-48	360-367	RIVOLGE	_	_	_	
3-49	368-375	DOMANDA	_	_	_	
3-50	376-382	intesa	_	_	_	
3-51	383-385	ad	_	_	_	
3-52	386-394	ottenere	_	_	_	
3-53	395-397	il	_	_	_	
3-54	398-406	rilascio	_	_	_	
3-55	407-409	di	_	_	_	
3-56	410-419	attestato	_	_	_	
3-57	420-423	che	_	_	_	
3-58	424-434	certifichi	_	_	_	
3-59	435-437	la	_	_	_	
3-60	438-441	sua	_	_	_	
3-61	442-452	condizione	_	_	_	
3-62	453-455	di	_	_	_	
3-63	456-464	titolare	_	_	_	
3-64	465-468	del	_	_	_	
3-65	469-476	diritto	_	_	_	
3-66	477-479	di	_	_	_	
3-67	480-489	soggiorno	_	_	_	
3-68	490-500	permanente	_	_	_	
3-69	501-502	,	_	_	_	
3-70	503-509	valido	_	_	_	
3-71	510-511	(	_	_	_	
3-72	512-513	)	_	_	_	
3-73	514-517	per	_	_	_	
3-74	518-520	se	_	_	_	
3-75	521-527	stesso	_	_	_	
3-76	528-531	per	_	_	_	
3-77	532-534	se	_	_	_	
3-78	535-541	stesso	_	_	_	
3-79	542-543	e	_	_	_	
3-80	544-547	per	_	_	_	
3-81	548-549	i	_	_	_	
3-82	550-558	seguenti	_	_	_	
3-83	559-568	familiari	_	_	_	
3-84	569-579	conviventi	_	_	_	
3-85	580-581	,	_	_	_	
3-86	582-588	minori	_	_	_	
3-87	589-591	di	_	_	_	
3-88	592-595	età	_	_	_	
3-89	596-597	:	_	_	_	
3-90	598-605	Cognome	_	_	_	
3-91	606-607	e	_	_	_	
3-92	608-612	nome	_	_	_	
3-93	613-622	Francesco	PER[4]	birthDate|birthLoc	3-102[0_4]|3-100[0_4]	
3-94	623-629	Lividi	PER[4]	_	_	
3-95	630-635	Luogo	_	_	_	
3-96	636-637	e	_	_	_	
3-97	638-642	data	_	_	_	
3-98	643-645	di	_	_	_	
3-99	646-653	nascita	_	_	_	
3-100	654-662	Brindisi	LOC	_	_	
3-101	663-664	,	_	_	_	
3-102	665-675	23/09/2013	DATE	_	_	
3-103	676-681	Sesso	_	_	_	
3-104	682-683	M	_	_	_	
3-105	684-696	Cittadinanza	_	_	_	
3-106	697-705	italiana	_	_	_	
3-107	706-707	A	_	_	_	
3-108	708-711	tal	_	_	_	
3-109	712-716	fine	_	_	_	
3-110	717-718	,	_	_	_	
3-111	719-730	consapevole	_	_	_	
3-112	731-736	delle	_	_	_	
3-113	737-745	sanzioni	_	_	_	
3-114	746-752	penali	_	_	_	
3-115	753-754	,	_	_	_	
3-116	755-758	nel	_	_	_	
3-117	759-763	caso	_	_	_	
3-118	764-766	di	_	_	_	
3-119	767-780	dichiarazioni	_	_	_	
3-120	781-784	non	_	_	_	
3-121	785-794	veritiere	_	_	_	
3-122	795-796	,	_	_	_	
3-123	797-799	di	_	_	_	
3-124	800-812	informazioni	_	_	_	
3-125	813-814	o	_	_	_	
3-126	815-818	uso	_	_	_	
3-127	819-821	di	_	_	_	
3-128	822-826	atti	_	_	_	
3-129	827-832	falsi	_	_	_	
3-130	833-834	,	_	_	_	
3-131	835-845	richiamate	_	_	_	
3-132	846-851	dall’	_	_	_	
3-133	852-856	art.	LEX[5]	_	_	
3-134	857-859	76	LEX[5]	_	_	
3-135	860-863	del	LEX[5]	_	_	
3-136	864-870	D.P.R.	LEX[5]	_	_	
3-137	871-873	28	LEX[5]	_	_	
3-138	874-882	dicembre	LEX[5]	_	_	
3-139	883-887	2000	LEX[5]	_	_	
3-140	888-889	,	LEX[5]	_	_	
3-141	890-896	n. 445	LEX[5]	_	_	
3-142	897-905	DICHIARA	_	_	_	
3-143	906-908	di	_	_	_	
3-144	909-917	trovarsi	_	_	_	
3-145	918-923	nella	_	_	_	
3-146	924-934	condizione	_	_	_	
3-147	935-940	sotto	_	_	_	
3-148	941-949	indicata	_	_	_	
3-149	950-951	(	_	_	_	
3-150	952-953	)	_	_	_	
3-151	954-955	:	_	_	_	
3-152	956-957	•	_	_	_	
3-153	958-967	cittadino	_	_	_	
3-154	968-973	dell'	_	_	_	
3-155	974-980	Unione	_	_	_	
3-156	981-988	europea	_	_	_	
3-157	989-992	che	_	_	_	
3-158	993-1002	soggiorna	_	_	_	
3-159	1003-1015	regolarmente	_	_	_	
3-160	1016-1018	ed	_	_	_	
3-161	1019-1021	in	_	_	_	
3-162	1022-1025	via	_	_	_	
3-163	1026-1038	continuativa	_	_	_	
3-164	1039-1041	in	_	_	_	
3-165	1042-1048	Italia	LOC	_	_	
3-166	1049-1052	dal	_	_	_	
3-167	1053-1057	2015	_	_	_	
3-168	1058-1059	e	_	_	_	
3-169	1060-1061	,	_	_	_	
3-170	1062-1068	quindi	_	_	_	
3-171	1069-1070	,	_	_	_	
3-172	1071-1073	da	_	_	_	
3-173	1074-1077	più	_	_	_	
3-174	1078-1080	di	_	_	_	
3-175	1081-1087	cinque	_	_	_	
3-176	1088-1092	anni	_	_	_	
3-177	1093-1094	(	_	_	_	
3-178	1095-1096	)	_	_	_	
3-179	1097-1098	;	_	_	_	
3-180	1099-1100	•	_	_	_	
3-181	1101-1111	Lavoratore	_	_	_	
3-182	1112-1123	subordinato	_	_	_	
3-183	1124-1132	autonomo	_	_	_	
3-184	1133-1136	che	_	_	_	
3-185	1137-1139	ha	_	_	_	
3-186	1140-1147	cessato	_	_	_	
3-187	1148-1150	l'	_	_	_	
3-188	1151-1159	attività	_	_	_	
3-189	1160-1162	in	_	_	_	
3-190	1163-1167	data	_	_	_	
3-191	1168-1169	,	_	_	_	
3-192	1170-1174	dopo	_	_	_	
3-193	1175-1180	avere	_	_	_	
3-194	1181-1190	raggiunto	_	_	_	
3-195	1191-1193	l'	_	_	_	
3-196	1194-1197	età	_	_	_	
3-197	1198-1203	utile	_	_	_	
3-198	1204-1207	per	_	_	_	
3-199	1208-1210	l'	_	_	_	
3-200	1211-1223	acquisizione	_	_	_	
3-201	1224-1227	del	_	_	_	
3-202	1228-1235	diritto	_	_	_	
3-203	1236-1240	alla	_	_	_	
3-204	1241-1249	pensione	_	_	_	
3-205	1250-1252	di	_	_	_	
3-206	1253-1262	vecchiaia	_	_	_	
3-207	1263-1264	(	_	_	_	
3-208	1265-1266	)	_	_	_	
3-209	1267-1268	;	_	_	_	
