#FORMAT=WebAnno TSV 3.3
#T_SP=custom.Span|label
#T_RL=custom.Relation|label|BT_custom.Span


#Text=ISTANZA DI MANIFESTAZIONE DI INTERESSE
1-1	0-7	ISTANZA	_	_	_	
1-2	8-10	DI	_	_	_	
1-3	11-25	MANIFESTAZIONE	_	_	_	
1-4	26-28	DI	_	_	_	
1-5	29-38	INTERESSE	_	_	_	

#Text=Al Comune di Vercelli
2-1	39-41	Al	_	_	_	
2-2	42-48	Comune	ENTE[1]	_	_	
2-3	49-51	di	ENTE[1]	_	_	
2-4	52-60	Vercelli	ENTE[1]	_	_	

#Text=Settore urbanistico
3-1	61-68	Settore	_	_	_	
3-2	69-80	urbanistico	_	_	_	

#Text=OGGETTO : Manifestazione di interesse finalizzata all’ Indagine di mercato per l’ affidamento diretto ai sensi dell’ art. 36 , comma 2 , lett. b ) , del D. Lgs. n. 50 / 2016 del servizio di tesoreria del Comune di Vercelli dal 24/03/2019 al 24/03/2020
4-1	81-88	OGGETTO	_	_	_	
4-2	89-90	:	_	_	_	
4-3	91-105	Manifestazione	_	_	_	
4-4	106-108	di	_	_	_	
4-5	109-118	interesse	_	_	_	
4-6	119-130	finalizzata	_	_	_	
4-7	131-135	all’	_	_	_	
4-8	136-144	Indagine	_	_	_	
4-9	145-147	di	_	_	_	
4-10	148-155	mercato	_	_	_	
4-11	156-159	per	_	_	_	
4-12	160-162	l’	_	_	_	
4-13	163-174	affidamento	_	_	_	
4-14	175-182	diretto	_	_	_	
4-15	183-185	ai	_	_	_	
4-16	186-191	sensi	_	_	_	
4-17	192-197	dell’	_	_	_	
4-18	198-202	art.	LEX[2]	_	_	
4-19	203-205	36	LEX[2]	_	_	
4-20	206-207	,	LEX[2]	_	_	
4-21	208-213	comma	LEX[2]	_	_	
4-22	214-215	2	LEX[2]	_	_	
4-23	216-217	,	LEX[2]	_	_	
4-24	218-223	lett.	LEX[2]	_	_	
4-25	224-225	b	LEX[2]	_	_	
4-26	226-227	)	LEX[2]	_	_	
4-27	228-229	,	LEX[2]	_	_	
4-28	230-233	del	LEX[2]	_	_	
4-29	234-236	D.	LEX[2]	_	_	
4-30	237-241	Lgs.	LEX[2]	_	_	
4-31	242-244	n.	LEX[2]	_	_	
4-32	245-247	50	LEX[2]	_	_	
4-33	248-249	/	LEX[2]	_	_	
4-34	250-254	2016	LEX[2]	_	_	
4-35	255-258	del	_	_	_	
4-36	259-267	servizio	_	_	_	
4-37	268-270	di	_	_	_	
4-38	271-280	tesoreria	_	_	_	
4-39	281-284	del	_	_	_	
4-40	285-291	Comune	ENTE[3]	_	_	
4-41	292-294	di	ENTE[3]	_	_	
4-42	295-303	Vercelli	ENTE[3]	_	_	
4-43	304-307	dal	_	_	_	
4-44	308-318	24/03/2019	_	_	_	
4-45	319-321	al	_	_	_	
4-46	322-332	24/03/2020	_	_	_	

#Text=Codice CIG : PLSIE67983
5-1	333-339	Codice	_	_	_	
5-2	340-343	CIG	_	_	_	
5-3	344-345	:	_	_	_	
5-4	346-356	PLSIE67983	NUMBER	_	_	

#Text=Il sottoscritto Zeno Fochesato nato il 22/09/1987 a Vercelli residente nel Comune di Vercelli ( VC ) Stato Italia , Via / Piazza Via Antonio del Pollaiolo n. 237 in qualità di rappresentante legale della Ditta ( impresa esecutrice dell’ appalto ) Fochesato assicurazioni a.r.l. avente sede legale in Vercelli nel Comune di Vercelli ( VC ) Via / Piazza Viale Bovio n. 19 e-mail z.foche@gmail.com - PEC : zeno.fochesato@pec.it telefono n. 0161 559994 Codice Fiscale FCHZNE87P22L750V Partita IVA n. 98334528812
6-1	357-359	Il	_	_	_	
6-2	360-372	sottoscritto	_	_	_	
6-3	373-377	Zeno	PER[4]	addressR|addressR|addressR|email|email|birthLoc|birthDate|addressR|cf|personalRole	6-19[0_4]|6-24[6_4]|6-12[5_4]|6-70[0_4]|6-66[0_4]|6-9[0_4]|6-7[0_4]|6-16[0_4]|6-76[0_4]|6-33[7_4]	
6-4	378-387	Fochesato	PER[4]	_	_	
6-5	388-392	nato	_	_	_	
6-6	393-395	il	_	_	_	
6-7	396-406	22/09/1987	DATE	_	_	
6-8	407-408	a	_	_	_	
6-9	409-417	Vercelli	LOC	_	_	
6-10	418-427	residente	_	_	_	
6-11	428-431	nel	_	_	_	
6-12	432-438	Comune	LOC[5]	_	_	
6-13	439-441	di	LOC[5]	_	_	
6-14	442-450	Vercelli	LOC[5]	_	_	
6-15	451-452	(	_	_	_	
6-16	453-455	VC	LOC	_	_	
6-17	456-457	)	_	_	_	
6-18	458-463	Stato	_	_	_	
6-19	464-470	Italia	LOC	_	_	
6-20	471-472	,	_	_	_	
6-21	473-476	Via	_	_	_	
6-22	477-478	/	_	_	_	
6-23	479-485	Piazza	_	_	_	
6-24	486-489	Via	LOC[6]	_	_	
6-25	490-497	Antonio	LOC[6]	_	_	
6-26	498-501	del	LOC[6]	_	_	
6-27	502-511	Pollaiolo	LOC[6]	_	_	
6-28	512-514	n.	LOC[6]	_	_	
6-29	515-518	237	LOC[6]	_	_	
6-30	519-521	in	_	_	_	
6-31	522-529	qualità	_	_	_	
6-32	530-532	di	_	_	_	
6-33	533-547	rappresentante	ROLE[7]	_	_	
6-34	548-554	legale	ROLE[7]	_	_	
6-35	555-560	della	_	_	_	
6-36	561-566	Ditta	_	_	_	
6-37	567-568	(	_	_	_	
6-38	569-576	impresa	_	_	_	
6-39	577-587	esecutrice	_	_	_	
6-40	588-593	dell’	_	_	_	
6-41	594-601	appalto	_	_	_	
6-42	602-603	)	_	_	_	
6-43	604-613	Fochesato	ORG[8]	op|cig|addressR|companyRole|addressR|addressR|tel|addressR|vat	6-3[4_8]|5-4[0_8]|6-61[10_8]|6-33[7_8]|6-52[9_8]|6-56[0_8]|6-73[0_8]|6-50[0_8]|6-80[0_8]	
6-44	614-627	assicurazioni	ORG[8]	_	_	
6-45	628-634	a.r.l.	ORG[8]	_	_	
6-46	635-641	avente	_	_	_	
6-47	642-646	sede	_	_	_	
6-48	647-653	legale	_	_	_	
6-49	654-656	in	_	_	_	
6-50	657-665	Vercelli	LOC	_	_	
6-51	666-669	nel	_	_	_	
6-52	670-676	Comune	LOC[9]	_	_	
6-53	677-679	di	LOC[9]	_	_	
6-54	680-688	Vercelli	LOC[9]	_	_	
6-55	689-690	(	_	_	_	
6-56	691-693	VC	LOC	_	_	
6-57	694-695	)	_	_	_	
6-58	696-699	Via	_	_	_	
6-59	700-701	/	_	_	_	
6-60	702-708	Piazza	_	_	_	
6-61	709-714	Viale	LOC[10]	_	_	
6-62	715-720	Bovio	LOC[10]	_	_	
6-63	721-723	n.	LOC[10]	_	_	
6-64	724-726	19	LOC[10]	_	_	
6-65	727-733	e-mail	_	_	_	
6-66	734-751	z.foche@gmail.com	EMAIL	_	_	
6-67	752-753	-	_	_	_	
6-68	754-757	PEC	_	_	_	
6-69	758-759	:	_	_	_	
6-70	760-781	zeno.fochesato@pec.it	EMAIL	_	_	
6-71	782-790	telefono	_	_	_	
6-72	791-793	n.	_	_	_	
6-73	794-805	0161 559994	NUMBER	_	_	
6-74	806-812	Codice	_	_	_	
6-75	813-820	Fiscale	_	_	_	
6-76	821-837	FCHZNE87P22L750V	CF	_	_	
6-77	838-845	Partita	_	_	_	
6-78	846-849	IVA	_	_	_	
6-79	850-852	n.	_	_	_	
6-80	853-864	98334528812	NUMBER	_	_	

#Text=ai sensi del d.P.R. n. 445 / 2000 e consapevole del fatto che , in caso di dichiarazione mendace , verranno applicate nei propri riguardi , ai sensi dell' art. 76 del d.P.R. n. 445 / 2000 , le sanzioni previste dal codice penale e dalle leggi speciali in materia di falsità negli atti , oltre alle conseguenze amministrative previste dal vigente ordinamento per le procedure in materia di contratti pubblici relativi a lavori , servizi e forniture
7-1	865-867	ai	_	_	_	
7-2	868-873	sensi	_	_	_	
7-3	874-877	del	_	_	_	
7-4	878-884	d.P.R.	LEX[11]	_	_	
7-5	885-887	n.	LEX[11]	_	_	
7-6	888-891	445	LEX[11]	_	_	
7-7	892-893	/	LEX[11]	_	_	
7-8	894-898	2000	LEX[11]	_	_	
7-9	899-900	e	_	_	_	
7-10	901-912	consapevole	_	_	_	
7-11	913-916	del	_	_	_	
7-12	917-922	fatto	_	_	_	
7-13	923-926	che	_	_	_	
7-14	927-928	,	_	_	_	
7-15	929-931	in	_	_	_	
7-16	932-936	caso	_	_	_	
7-17	937-939	di	_	_	_	
7-18	940-953	dichiarazione	_	_	_	
7-19	954-961	mendace	_	_	_	
7-20	962-963	,	_	_	_	
7-21	964-972	verranno	_	_	_	
7-22	973-982	applicate	_	_	_	
7-23	983-986	nei	_	_	_	
7-24	987-993	propri	_	_	_	
7-25	994-1002	riguardi	_	_	_	
7-26	1003-1004	,	_	_	_	
7-27	1005-1007	ai	_	_	_	
7-28	1008-1013	sensi	_	_	_	
7-29	1014-1019	dell'	_	_	_	
7-30	1020-1024	art.	LEX[12]	_	_	
7-31	1025-1027	76	LEX[12]	_	_	
7-32	1028-1031	del	LEX[12]	_	_	
7-33	1032-1038	d.P.R.	LEX[12]	_	_	
7-34	1039-1041	n.	LEX[12]	_	_	
7-35	1042-1045	445	LEX[12]	_	_	
7-36	1046-1047	/	LEX[12]	_	_	
7-37	1048-1052	2000	LEX[12]	_	_	
7-38	1053-1054	,	_	_	_	
7-39	1055-1057	le	_	_	_	
7-40	1058-1066	sanzioni	_	_	_	
7-41	1067-1075	previste	_	_	_	
7-42	1076-1079	dal	_	_	_	
7-43	1080-1086	codice	_	_	_	
7-44	1087-1093	penale	_	_	_	
7-45	1094-1095	e	_	_	_	
7-46	1096-1101	dalle	_	_	_	
7-47	1102-1107	leggi	_	_	_	
7-48	1108-1116	speciali	_	_	_	
7-49	1117-1119	in	_	_	_	
7-50	1120-1127	materia	_	_	_	
7-51	1128-1130	di	_	_	_	
7-52	1131-1138	falsità	_	_	_	
7-53	1139-1144	negli	_	_	_	
7-54	1145-1149	atti	_	_	_	
7-55	1150-1151	,	_	_	_	
7-56	1152-1157	oltre	_	_	_	
7-57	1158-1162	alle	_	_	_	
7-58	1163-1174	conseguenze	_	_	_	
7-59	1175-1189	amministrative	_	_	_	
7-60	1190-1198	previste	_	_	_	
7-61	1199-1202	dal	_	_	_	
7-62	1203-1210	vigente	_	_	_	
7-63	1211-1222	ordinamento	_	_	_	
7-64	1223-1226	per	_	_	_	
7-65	1227-1229	le	_	_	_	
7-66	1230-1239	procedure	_	_	_	
7-67	1240-1242	in	_	_	_	
7-68	1243-1250	materia	_	_	_	
7-69	1251-1253	di	_	_	_	
7-70	1254-1263	contratti	_	_	_	
7-71	1264-1272	pubblici	_	_	_	
7-72	1273-1281	relativi	_	_	_	
7-73	1282-1283	a	_	_	_	
7-74	1284-1290	lavori	_	_	_	
7-75	1291-1292	,	_	_	_	
7-76	1293-1300	servizi	_	_	_	
7-77	1301-1302	e	_	_	_	
7-78	1303-1312	forniture	_	_	_	
