#FORMAT=WebAnno TSV 3.3
#T_SP=custom.Span|label
#T_RL=custom.Relation|label|BT_custom.Span


#Text=Spett. le Comune di Genova
1-1	0-6	Spett.	_	_	_	
1-2	7-9	le	_	_	_	
1-3	10-16	Comune	ENTE[1]	addressR	2-1[2_1]	
1-4	17-19	di	ENTE[1]	_	_	
1-5	20-26	Genova	ENTE[1]	_	_	

#Text=Viale della Repubblica , 7
2-1	27-32	Viale	LOC[2]	_	_	
2-2	33-38	della	LOC[2]	_	_	
2-3	39-49	Repubblica	LOC[2]	_	_	
2-4	50-51	,	LOC[2]	_	_	
2-5	52-53	7	LOC[2]	_	_	

#Text=OGGETTO : Richiesta di patrocinio , vantaggio economico o contributo per iniziativa in campo sociale , culturale , sportivo [ o turistico ]
3-1	54-61	OGGETTO	_	_	_	
3-2	62-63	:	_	_	_	
3-3	64-73	Richiesta	_	_	_	
3-4	74-76	di	_	_	_	
3-5	77-87	patrocinio	_	_	_	
3-6	88-89	,	_	_	_	
3-7	90-99	vantaggio	_	_	_	
3-8	100-109	economico	_	_	_	
3-9	110-111	o	_	_	_	
3-10	112-122	contributo	_	_	_	
3-11	123-126	per	_	_	_	
3-12	127-137	iniziativa	_	_	_	
3-13	138-140	in	_	_	_	
3-14	141-146	campo	_	_	_	
3-15	147-154	sociale	_	_	_	
3-16	155-156	,	_	_	_	
3-17	157-166	culturale	_	_	_	
3-18	167-168	,	_	_	_	
3-19	169-177	sportivo	_	_	_	
3-20	178-179	[	_	_	_	
3-21	180-181	o	_	_	_	
3-22	182-191	turistico	_	_	_	
3-23	192-193	]	_	_	_	

#Text=Il / La sottoscritto / a Maggio Massimo nato / a Genova ( GE ) il 23/05/1971 residente a Genova via del Lavoro 45 cap 75011 , Comune Genova , Provincia ( GE ) □ in qualità di ( legale rappresentante , presidente , ecc. ) Presidente di ( Associazione , ente , comitato , società ecc. ) C.S. Cooperazione e Solidarietà Via del Seminario Maggiore 115 – 85100 , GENOVA ( GE ) C.F. / P.I. 1931590762 Sito Internet ( se presente ) https://www.consorziocs.it/ Sito Internet dedicato all’ iniziativa ( se presente ) https://www.consorziocs.it/ L’ Associazione è iscritta all’ Albo di cui all’ art. 12 del “ Regolamento comunale per l' accesso alle prestazioni di tipo sociale , culturale , sportivo e turistico , per la partecipazione di cittadini singoli o associati alla gestione dei servizi comunali e per l' utilizzo di spazi , sale e impianti sportivi nella disponibilità dell' amministrazione ” ?
4-1	194-196	Il	_	_	_	
4-2	197-198	/	_	_	_	
4-3	199-201	La	_	_	_	
4-4	202-214	sottoscritto	_	_	_	
4-5	215-216	/	_	_	_	
4-6	217-218	a	_	_	_	
4-7	219-225	Maggio	PER[3]	addressR|addressR|addressR|birthDate|addressR|personalRole|birthLoc|birthLoc|addressR	4-20[0_3]|4-26[0_3]|4-21[4_3]|4-17[0_3]|4-33[0_3]|4-47[0_3]|4-12[0_3]|4-14[0_3]|4-29[0_3]	
4-8	226-233	Massimo	PER[3]	_	_	
4-9	234-238	nato	_	_	_	
4-10	239-240	/	_	_	_	
4-11	241-242	a	_	_	_	
4-12	243-249	Genova	LOC	_	_	
4-13	250-251	(	_	_	_	
4-14	252-254	GE	LOC	_	_	
4-15	255-256	)	_	_	_	
4-16	257-259	il	_	_	_	
4-17	260-270	23/05/1971	DATE	_	_	
4-18	271-280	residente	_	_	_	
4-19	281-282	a	_	_	_	
4-20	283-289	Genova	LOC	_	_	
4-21	290-293	via	LOC[4]	_	_	
4-22	294-297	del	LOC[4]	_	_	
4-23	298-304	Lavoro	LOC[4]	_	_	
4-24	305-307	45	LOC[4]	_	_	
4-25	308-311	cap	_	_	_	
4-26	312-317	75011	LOC	_	_	
4-27	318-319	,	_	_	_	
4-28	320-326	Comune	_	_	_	
4-29	327-333	Genova	LOC	_	_	
4-30	334-335	,	_	_	_	
4-31	336-345	Provincia	_	_	_	
4-32	346-347	(	_	_	_	
4-33	348-350	GE	LOC	_	_	
4-34	351-352	)	_	_	_	
4-35	353-354	□	_	_	_	
4-36	355-357	in	_	_	_	
4-37	358-365	qualità	_	_	_	
4-38	366-368	di	_	_	_	
4-39	369-370	(	_	_	_	
4-40	371-377	legale	_	_	_	
4-41	378-392	rappresentante	_	_	_	
4-42	393-394	,	_	_	_	
4-43	395-405	presidente	_	_	_	
4-44	406-407	,	_	_	_	
4-45	408-412	ecc.	_	_	_	
4-46	413-414	)	_	_	_	
4-47	415-425	Presidente	ROLE	_	_	
4-48	426-428	di	_	_	_	
4-49	429-430	(	_	_	_	
4-50	431-443	Associazione	_	_	_	
4-51	444-445	,	_	_	_	
4-52	446-450	ente	_	_	_	
4-53	451-452	,	_	_	_	
4-54	453-461	comitato	_	_	_	
4-55	462-463	,	_	_	_	
4-56	464-471	società	_	_	_	
4-57	472-476	ecc.	_	_	_	
4-58	477-478	)	_	_	_	
4-59	479-483	C.S.	ORG[5]	op|addressR|addressR|addressR|companyRole|addressR|vat	4-7[3_5]|4-69[7_5]|4-63[6_5]|4-73[0_5]|4-47[0_5]|4-71[0_5]|4-78[0_5]	
4-60	484-496	Cooperazione	ORG[5]	_	_	
4-61	497-498	e	ORG[5]	_	_	
4-62	499-510	Solidarietà	ORG[5]	_	_	
4-63	511-514	Via	LOC[6]	_	_	
4-64	515-518	del	LOC[6]	_	_	
4-65	519-528	Seminario	LOC[6]	_	_	
4-66	529-537	Maggiore	LOC[6]	_	_	
4-67	538-541	115	LOC[6]	_	_	
4-68	542-543	–	_	_	_	
4-69	544-549	85100	LOC[7]	_	_	
4-70	550-551	,	LOC[7]	_	_	
4-71	552-558	GENOVA	LOC	_	_	
4-72	559-560	(	_	_	_	
4-73	561-563	GE	LOC	_	_	
4-74	564-565	)	_	_	_	
4-75	566-570	C.F.	_	_	_	
4-76	571-572	/	_	_	_	
4-77	573-577	P.I.	_	_	_	
4-78	578-588	1931590762	NUMBER	_	_	
4-79	589-593	Sito	_	_	_	
4-80	594-602	Internet	_	_	_	
4-81	603-604	(	_	_	_	
4-82	605-607	se	_	_	_	
4-83	608-616	presente	_	_	_	
4-84	617-618	)	_	_	_	
4-85	619-646	https://www.consorziocs.it/	_	_	_	
4-86	647-651	Sito	_	_	_	
4-87	652-660	Internet	_	_	_	
4-88	661-669	dedicato	_	_	_	
4-89	670-674	all’	_	_	_	
4-90	675-685	iniziativa	_	_	_	
4-91	686-687	(	_	_	_	
4-92	688-690	se	_	_	_	
4-93	691-699	presente	_	_	_	
4-94	700-701	)	_	_	_	
4-95	702-729	https://www.consorziocs.it/	_	_	_	
4-96	730-732	L’	_	_	_	
4-97	733-745	Associazione	_	_	_	
4-98	746-747	è	_	_	_	
4-99	748-756	iscritta	_	_	_	
4-100	757-761	all’	_	_	_	
4-101	762-766	Albo	_	_	_	
4-102	767-769	di	_	_	_	
4-103	770-773	cui	_	_	_	
4-104	774-778	all’	_	_	_	
4-105	779-783	art.	LEX[8]	_	_	
4-106	784-786	12	LEX[8]	_	_	
4-107	787-790	del	LEX[8]	_	_	
4-108	791-792	“	LEX[8]	_	_	
4-109	793-804	Regolamento	LEX[8]	_	_	
4-110	805-813	comunale	LEX[8]	_	_	
4-111	814-817	per	LEX[8]	_	_	
4-112	818-820	l'	LEX[8]	_	_	
4-113	821-828	accesso	LEX[8]	_	_	
4-114	829-833	alle	LEX[8]	_	_	
4-115	834-845	prestazioni	LEX[8]	_	_	
4-116	846-848	di	LEX[8]	_	_	
4-117	849-853	tipo	LEX[8]	_	_	
4-118	854-861	sociale	LEX[8]	_	_	
4-119	862-863	,	LEX[8]	_	_	
4-120	864-873	culturale	LEX[8]	_	_	
4-121	874-875	,	LEX[8]	_	_	
4-122	876-884	sportivo	LEX[8]	_	_	
4-123	885-886	e	LEX[8]	_	_	
4-124	887-896	turistico	LEX[8]	_	_	
4-125	897-898	,	LEX[8]	_	_	
4-126	899-902	per	LEX[8]	_	_	
4-127	903-905	la	LEX[8]	_	_	
4-128	906-920	partecipazione	LEX[8]	_	_	
4-129	921-923	di	LEX[8]	_	_	
4-130	924-933	cittadini	LEX[8]	_	_	
4-131	934-941	singoli	LEX[8]	_	_	
4-132	942-943	o	LEX[8]	_	_	
4-133	944-953	associati	LEX[8]	_	_	
4-134	954-958	alla	LEX[8]	_	_	
4-135	959-967	gestione	LEX[8]	_	_	
4-136	968-971	dei	LEX[8]	_	_	
4-137	972-979	servizi	LEX[8]	_	_	
4-138	980-988	comunali	LEX[8]	_	_	
4-139	989-990	e	LEX[8]	_	_	
4-140	991-994	per	LEX[8]	_	_	
4-141	995-997	l'	LEX[8]	_	_	
4-142	998-1006	utilizzo	LEX[8]	_	_	
4-143	1007-1009	di	LEX[8]	_	_	
4-144	1010-1015	spazi	LEX[8]	_	_	
4-145	1016-1017	,	LEX[8]	_	_	
4-146	1018-1022	sale	LEX[8]	_	_	
4-147	1023-1024	e	LEX[8]	_	_	
4-148	1025-1033	impianti	LEX[8]	_	_	
4-149	1034-1042	sportivi	LEX[8]	_	_	
4-150	1043-1048	nella	LEX[8]	_	_	
4-151	1049-1062	disponibilità	LEX[8]	_	_	
4-152	1063-1068	dell'	LEX[8]	_	_	
4-153	1069-1084	amministrazione	LEX[8]	_	_	
4-154	1085-1086	”	LEX[8]	_	_	
4-155	1087-1088	?	_	_	_	
