#FORMAT=WebAnno TSV 3.3
#T_SP=custom.Span|label
#T_RL=custom.Relation|label|BT_custom.Span


#Text=Al Comune di Fermo Provincia di Fermo
1-1	0-2	Al	_	_	_	
1-2	3-9	Comune	ENTE[1]	_	_	
1-3	10-12	di	ENTE[1]	_	_	
1-4	13-18	Fermo	ENTE[1]	_	_	
1-5	19-28	Provincia	ENTE[2]	_	_	
1-6	29-31	di	ENTE[2]	_	_	
1-7	32-37	Fermo	ENTE[2]	_	_	

#Text=OGGETTO : Richiesta di concessione di passo carrabile .
2-1	38-45	OGGETTO	_	_	_	
2-2	46-47	:	_	_	_	
2-3	48-57	Richiesta	_	_	_	
2-4	58-60	di	_	_	_	
2-5	61-72	concessione	_	_	_	
2-6	73-75	di	_	_	_	
2-7	76-81	passo	_	_	_	
2-8	82-91	carrabile	_	_	_	
2-9	92-93	.	_	_	_	

#Text=La sottoscritta Flavia Nomadi nata a Piano di Sorrento il 11.09.1988 residente in Fermo in via Giustiniano n.23 codice fiscale NMDFLV88P51D542Z a norma delle vigenti disposizioni e regolamenti comunali CHIEDE la concessione di un passo carrabile per l' accesso al proprio fondo fabbricato , sito in Via Giustiniano , all' altezza del civico n.23 , delle seguenti dimensioni : m. 300 x m. 350 uguale mq. 400 ;
3-1	94-96	La	_	_	_	
3-2	97-109	sottoscritta	_	_	_	
3-3	110-116	Flavia	PER[3]	addressR|cf|birthLoc|addressR|birthDate	3-16[5_3]|3-21[0_3]|3-7[4_3]|3-14[0_3]|3-11[0_3]	
3-4	117-123	Nomadi	PER[3]	_	_	
3-5	124-128	nata	_	_	_	
3-6	129-130	a	_	_	_	
3-7	131-136	Piano	LOC[4]	_	_	
3-8	137-139	di	LOC[4]	_	_	
3-9	140-148	Sorrento	LOC[4]	_	_	
3-10	149-151	il	_	_	_	
3-11	152-162	11.09.1988	DATE	_	_	
3-12	163-172	residente	_	_	_	
3-13	173-175	in	_	_	_	
3-14	176-181	Fermo	LOC	_	_	
3-15	182-184	in	_	_	_	
3-16	185-188	via	LOC[5]	_	_	
3-17	189-200	Giustiniano	LOC[5]	_	_	
3-18	201-205	n.23	LOC[5]	_	_	
3-19	206-212	codice	_	_	_	
3-20	213-220	fiscale	_	_	_	
3-21	221-237	NMDFLV88P51D542Z	CF	_	_	
3-22	238-239	a	_	_	_	
3-23	240-245	norma	_	_	_	
3-24	246-251	delle	_	_	_	
3-25	252-259	vigenti	_	_	_	
3-26	260-272	disposizioni	_	_	_	
3-27	273-274	e	_	_	_	
3-28	275-286	regolamenti	_	_	_	
3-29	287-295	comunali	_	_	_	
3-30	296-302	CHIEDE	_	_	_	
3-31	303-305	la	_	_	_	
3-32	306-317	concessione	_	_	_	
3-33	318-320	di	_	_	_	
3-34	321-323	un	_	_	_	
3-35	324-329	passo	_	_	_	
3-36	330-339	carrabile	_	_	_	
3-37	340-343	per	_	_	_	
3-38	344-346	l'	_	_	_	
3-39	347-354	accesso	_	_	_	
3-40	355-357	al	_	_	_	
3-41	358-365	proprio	_	_	_	
3-42	366-371	fondo	_	_	_	
3-43	372-382	fabbricato	_	_	_	
3-44	383-384	,	_	_	_	
3-45	385-389	sito	_	_	_	
3-46	390-392	in	_	_	_	
3-47	393-396	Via	LOC[6]	_	_	
3-48	397-408	Giustiniano	LOC[6]	_	_	
3-49	409-410	,	_	_	_	
3-50	411-415	all'	_	_	_	
3-51	416-423	altezza	_	_	_	
3-52	424-427	del	_	_	_	
3-53	428-434	civico	_	_	_	
3-54	435-439	n.23	LOC	_	_	
3-55	440-441	,	_	_	_	
3-56	442-447	delle	_	_	_	
3-57	448-456	seguenti	_	_	_	
3-58	457-467	dimensioni	_	_	_	
3-59	468-469	:	_	_	_	
3-60	470-472	m.	_	_	_	
3-61	473-476	300	_	_	_	
3-62	477-478	x	_	_	_	
3-63	479-481	m.	_	_	_	
3-64	482-485	350	_	_	_	
3-65	486-492	uguale	_	_	_	
3-66	493-496	mq.	_	_	_	
3-67	497-500	400	_	_	_	
3-68	501-502	;	_	_	_	

#Text=Si allega , in triplice copia , la planimetria in scala 1 / a firma di un tecnico , con la descrizione delle opere da eseguire e si impegna , ai sensi dell' art. 27 , comma 3 del Codice della Strada , approvato con D. Lgs 30 aprile 1992 , n. 285 , a sostenere tutte le spese di sopralluogo , di istruttoria e di apposizione della prescritta segnaletica .
4-1	503-505	Si	_	_	_	
4-2	506-512	allega	_	_	_	
4-3	513-514	,	_	_	_	
4-4	515-517	in	_	_	_	
4-5	518-526	triplice	_	_	_	
4-6	527-532	copia	_	_	_	
4-7	533-534	,	_	_	_	
4-8	535-537	la	_	_	_	
4-9	538-549	planimetria	_	_	_	
4-10	550-552	in	_	_	_	
4-11	553-558	scala	_	_	_	
4-12	559-560	1	_	_	_	
4-13	561-562	/	_	_	_	
4-14	563-564	a	_	_	_	
4-15	565-570	firma	_	_	_	
4-16	571-573	di	_	_	_	
4-17	574-576	un	_	_	_	
4-18	577-584	tecnico	_	_	_	
4-19	585-586	,	_	_	_	
4-20	587-590	con	_	_	_	
4-21	591-593	la	_	_	_	
4-22	594-605	descrizione	_	_	_	
4-23	606-611	delle	_	_	_	
4-24	612-617	opere	_	_	_	
4-25	618-620	da	_	_	_	
4-26	621-629	eseguire	_	_	_	
4-27	630-631	e	_	_	_	
4-28	632-634	si	_	_	_	
4-29	635-642	impegna	_	_	_	
4-30	643-644	,	_	_	_	
4-31	645-647	ai	_	_	_	
4-32	648-653	sensi	_	_	_	
4-33	654-659	dell'	_	_	_	
4-34	660-664	art.	LEX[7]	_	_	
4-35	665-667	27	LEX[7]	_	_	
4-36	668-669	,	LEX[7]	_	_	
4-37	670-675	comma	LEX[7]	_	_	
4-38	676-677	3	LEX[7]	_	_	
4-39	678-681	del	LEX[7]	_	_	
4-40	682-688	Codice	LEX[7]	_	_	
4-41	689-694	della	LEX[7]	_	_	
4-42	695-701	Strada	LEX[7]	_	_	
4-43	702-703	,	_	_	_	
4-44	704-713	approvato	_	_	_	
4-45	714-717	con	_	_	_	
4-46	718-724	D. Lgs	LEX[8]	_	_	
4-47	725-727	30	LEX[8]	_	_	
4-48	728-734	aprile	LEX[8]	_	_	
4-49	735-739	1992	LEX[8]	_	_	
4-50	740-741	,	LEX[8]	_	_	
4-51	742-748	n. 285	LEX[8]	_	_	
4-52	749-750	,	_	_	_	
4-53	751-752	a	_	_	_	
4-54	753-762	sostenere	_	_	_	
4-55	763-768	tutte	_	_	_	
4-56	769-771	le	_	_	_	
4-57	772-777	spese	_	_	_	
4-58	778-780	di	_	_	_	
4-59	781-792	sopralluogo	_	_	_	
4-60	793-794	,	_	_	_	
4-61	795-797	di	_	_	_	
4-62	798-809	istruttoria	_	_	_	
4-63	810-811	e	_	_	_	
4-64	812-814	di	_	_	_	
4-65	815-826	apposizione	_	_	_	
4-66	827-832	della	_	_	_	
4-67	833-843	prescritta	_	_	_	
4-68	844-855	segnaletica	_	_	_	
4-69	856-857	.	_	_	_	

#Text=Dichiara di essere informato , tramite apposita informativa resa disponibile dall’ ente a cui è indirizzato il presente documento , ai sensi e per gli effetti degli articoli 13 e seg. del Regolamento Generale sulla Protezione dei Dati ( RGPD-UE 2016/679 ) , che i dati personali raccolti saranno trattati , anche con strumenti informatici , esclusivamente nell’ ambito del procedimento per il quale la presente istanza / dichiarazione viene resa .
5-1	858-866	Dichiara	_	_	_	
5-2	867-869	di	_	_	_	
5-3	870-876	essere	_	_	_	
5-4	877-886	informato	_	_	_	
5-5	887-888	,	_	_	_	
5-6	889-896	tramite	_	_	_	
5-7	897-905	apposita	_	_	_	
5-8	906-917	informativa	_	_	_	
5-9	918-922	resa	_	_	_	
5-10	923-934	disponibile	_	_	_	
5-11	935-940	dall’	_	_	_	
5-12	941-945	ente	_	_	_	
5-13	946-947	a	_	_	_	
5-14	948-951	cui	_	_	_	
5-15	952-953	è	_	_	_	
5-16	954-965	indirizzato	_	_	_	
5-17	966-968	il	_	_	_	
5-18	969-977	presente	_	_	_	
5-19	978-987	documento	_	_	_	
5-20	988-989	,	_	_	_	
5-21	990-992	ai	_	_	_	
5-22	993-998	sensi	_	_	_	
5-23	999-1000	e	_	_	_	
5-24	1001-1004	per	_	_	_	
5-25	1005-1008	gli	_	_	_	
5-26	1009-1016	effetti	_	_	_	
5-27	1017-1022	degli	_	_	_	
5-28	1023-1031	articoli	LEX[9]	_	_	
5-29	1032-1034	13	LEX[9]	_	_	
5-30	1035-1036	e	LEX[9]	_	_	
5-31	1037-1041	seg.	LEX[9]	_	_	
5-32	1042-1045	del	LEX[9]	_	_	
5-33	1046-1057	Regolamento	LEX[9]	_	_	
5-34	1058-1066	Generale	LEX[9]	_	_	
5-35	1067-1072	sulla	LEX[9]	_	_	
5-36	1073-1083	Protezione	LEX[9]	_	_	
5-37	1084-1087	dei	LEX[9]	_	_	
5-38	1088-1092	Dati	LEX[9]	_	_	
5-39	1093-1094	(	LEX[9]	_	_	
5-40	1095-1102	RGPD-UE	LEX[9]	_	_	
5-41	1103-1111	2016/679	LEX[9]	_	_	
5-42	1112-1113	)	LEX[9]	_	_	
5-43	1114-1115	,	_	_	_	
5-44	1116-1119	che	_	_	_	
5-45	1120-1121	i	_	_	_	
5-46	1122-1126	dati	_	_	_	
5-47	1127-1136	personali	_	_	_	
5-48	1137-1145	raccolti	_	_	_	
5-49	1146-1153	saranno	_	_	_	
5-50	1154-1162	trattati	_	_	_	
5-51	1163-1164	,	_	_	_	
5-52	1165-1170	anche	_	_	_	
5-53	1171-1174	con	_	_	_	
5-54	1175-1184	strumenti	_	_	_	
5-55	1185-1196	informatici	_	_	_	
5-56	1197-1198	,	_	_	_	
5-57	1199-1213	esclusivamente	_	_	_	
5-58	1214-1219	nell’	_	_	_	
5-59	1220-1226	ambito	_	_	_	
5-60	1227-1230	del	_	_	_	
5-61	1231-1243	procedimento	_	_	_	
5-62	1244-1247	per	_	_	_	
5-63	1248-1250	il	_	_	_	
5-64	1251-1256	quale	_	_	_	
5-65	1257-1259	la	_	_	_	
5-66	1260-1268	presente	_	_	_	
5-67	1269-1276	istanza	_	_	_	
5-68	1277-1278	/	_	_	_	
5-69	1279-1292	dichiarazione	_	_	_	
5-70	1293-1298	viene	_	_	_	
5-71	1299-1303	resa	_	_	_	
5-72	1304-1305	.	_	_	_	

#Text=Luogo e data Fermo , 12/12/2016 Il / la richiedente
6-1	1306-1311	Luogo	_	_	_	
6-2	1312-1313	e	_	_	_	
6-3	1314-1318	data	_	_	_	
6-4	1319-1324	Fermo	LOC	_	_	
6-5	1325-1326	,	_	_	_	
6-6	1327-1337	12/12/2016	_	_	_	
6-7	1338-1340	Il	_	_	_	
6-8	1341-1342	/	_	_	_	
6-9	1343-1345	la	_	_	_	
6-10	1346-1357	richiedente	_	_	_	
