#FORMAT=WebAnno TSV 3.3
#T_SP=custom.Span|label
#T_RL=custom.Relation|label|BT_custom.Span


#Text=Io sottoscritto Nome GERARDO Cognome VERONESI Data di nascita 26 APRILE 1909 Codice fiscale VRNGRD09D26L219G Tipo documento passaporto Numero documento AG48976532 emesso da Ministero dell' Interno Data emissione 12 aprile 2018 Scadenza documento 13 marzo 2025 dichiara qualcosa .
1-1	0-2	Io	_	_	_	
1-2	3-15	sottoscritto	_	_	_	
1-3	16-20	Nome	_	_	_	
1-4	21-28	GERARDO	PER	docID|name|cf|birthDate|docType	1-21|1-6|1-15|1-10[1_0]|1-18	
1-5	29-36	Cognome	_	_	_	
1-6	37-45	VERONESI	PER	_	_	
1-7	46-50	Data	_	_	_	
1-8	51-53	di	_	_	_	
1-9	54-61	nascita	_	_	_	
1-10	62-64	26	DATE[1]	_	_	
1-11	65-71	APRILE	DATE[1]	_	_	
1-12	72-76	1909	DATE[1]	_	_	
1-13	77-83	Codice	_	_	_	
1-14	84-91	fiscale	_	_	_	
1-15	92-108	VRNGRD09D26L219G	CF	_	_	
1-16	109-113	Tipo	_	_	_	
1-17	114-123	documento	_	_	_	
1-18	124-134	passaporto	DOCTYPE	docID|docIssueLoc|docIssueDate|docExpDate	1-21|1-24[2_0]|1-29[3_0]|1-34[4_0]	
1-19	135-141	Numero	_	_	_	
1-20	142-151	documento	_	_	_	
1-21	152-162	AG48976532	NUMBER	_	_	
1-22	163-169	emesso	_	_	_	
1-23	170-172	da	_	_	_	
1-24	173-182	Ministero	ENTE[2]	_	_	
1-25	183-188	dell'	ENTE[2]	_	_	
1-26	189-196	Interno	ENTE[2]	_	_	
1-27	197-201	Data	_	_	_	
1-28	202-211	emissione	_	_	_	
1-29	212-214	12	DATE[3]	_	_	
1-30	215-221	aprile	DATE[3]	_	_	
1-31	222-226	2018	DATE[3]	_	_	
1-32	227-235	Scadenza	_	_	_	
1-33	236-245	documento	_	_	_	
1-34	246-248	13	DATE[4]	_	_	
1-35	249-254	marzo	DATE[4]	_	_	
1-36	255-259	2025	DATE[4]	_	_	
1-37	260-268	dichiara	_	_	_	
1-38	269-277	qualcosa	_	_	_	
1-39	278-279	.	_	_	_	
