#FORMAT=WebAnno TSV 3.3
#T_SP=custom.Span|label
#T_RL=custom.Relation|label|BT_custom.Span


#Text=QUESTURA DI PALERMO
1-1	0-8	QUESTURA	ENTE[1]	_	_	
1-2	9-11	DI	ENTE[1]	_	_	
1-3	12-19	PALERMO	ENTE[1]	_	_	

#Text=DICHIARAZIONE DI ACCOMPAGNAMENTO
2-1	20-33	DICHIARAZIONE	_	_	_	
2-2	34-36	DI	_	_	_	
2-3	37-52	ACCOMPAGNAMENTO	_	_	_	

#Text=( per i minori di anni 14 – art. 14 legge 1185 / 1967 )
3-1	53-54	(	_	_	_	
3-2	55-58	per	_	_	_	
3-3	59-60	i	_	_	_	
3-4	61-67	minori	_	_	_	
3-5	68-70	di	_	_	_	
3-6	71-75	anni	_	_	_	
3-7	76-78	14	_	_	_	
3-8	79-80	–	_	_	_	
3-9	81-85	art.	LEX[2]	_	_	
3-10	86-88	14	LEX[2]	_	_	
3-11	89-94	legge	LEX[2]	_	_	
3-12	95-99	1185	LEX[2]	_	_	
3-13	100-101	/	LEX[2]	_	_	
3-14	102-106	1967	LEX[2]	_	_	
3-15	107-108	)	_	_	_	

#Text=Letter of consent to minors under age 14 / Déclaration d’ accompagnement de mineurs de moins de 14 ans
4-1	109-115	Letter	_	_	_	
4-2	116-118	of	_	_	_	
4-3	119-126	consent	_	_	_	
4-4	127-129	to	_	_	_	
4-5	130-136	minors	_	_	_	
4-6	137-142	under	_	_	_	
4-7	143-146	age	_	_	_	
4-8	147-149	14	_	_	_	
4-9	150-151	/	_	_	_	
4-10	152-163	Déclaration	_	_	_	
4-11	164-166	d’	_	_	_	
4-12	167-181	accompagnement	_	_	_	
4-13	182-184	de	_	_	_	
4-14	185-192	mineurs	_	_	_	
4-15	193-195	de	_	_	_	
4-16	196-201	moins	_	_	_	
4-17	202-204	de	_	_	_	
4-18	205-207	14	_	_	_	
4-19	208-211	ans	_	_	_	

#Text=I SOTTOSCRITTI
5-1	212-213	I	_	_	_	
5-2	214-226	SOTTOSCRITTI	_	_	_	

#Text=We undersigned / Nous soussignés
6-1	227-229	We	_	_	_	
6-2	230-241	undersigned	_	_	_	
6-3	242-243	/	_	_	_	
6-4	244-248	Nous	_	_	_	
6-5	249-259	soussignés	_	_	_	

#Text=Cognome Perulli Nome Nicola Luogo di nascita Bitonto Data di nascita 3/27/68 Cittadinanza Italiana CF PRRNCL68C27A893J , Cognome PERRINI Nome ARCANGELO Luogo di nascita Bitonto Data di nascita 1/22/49 Cittadinanza CF PRRRNG49A22A893C ESERCENTI LA RESPONSABILITÀ GENITORIALE / TUTORIA SU Parents or guardians of / Titulaires de l’ autorité parentale ou de tutelle sur Cognome BELLEZZA Nome AGNESE Luogo di nascita Bitonto Data di nascita 4/4/85 Documento d’ identità n. AU985687 Data di emissione 5/5/15 Ente emittente Comune di Bitonto , AUTORIZZANO IL PREDETTO MINORE A VIAGGIARE ACCOMPAGNATO DA , Hereby authorise the above mentioned minor to travel accompanied by / , autorisent le mineur mentionné ci-dessus à voyager accompagné par Cognome Romeo Nome Antonio Luogo di nascita Palermo Data di nascita 5/5/69 Cittadinanza Italiana oppure Cognome Bartolomeo Nome Telesca Luogo di nascita Ruoti Data di nascita 23/12/1980 Cittadinanza Italiana
7-1	260-267	Cognome	_	_	_	
7-2	268-275	Perulli	PER	name|birthDate|birthLoc|cf|relative|personalRole	7-4|7-12|7-8|7-16|7-55|7-35[3_0]	
7-3	276-280	Nome	_	_	_	
7-4	281-287	Nicola	PER	_	_	
7-5	288-293	Luogo	_	_	_	
7-6	294-296	di	_	_	_	
7-7	297-304	nascita	_	_	_	
7-8	305-312	Bitonto	LOC	_	_	
7-9	313-317	Data	_	_	_	
7-10	318-320	di	_	_	_	
7-11	321-328	nascita	_	_	_	
7-12	329-336	3/27/68	DATE	_	_	
7-13	337-349	Cittadinanza	_	_	_	
7-14	350-358	Italiana	_	_	_	
7-15	359-361	CF	_	_	_	
7-16	362-378	PRRNCL68C27A893J	CF	_	_	
7-17	379-380	,	_	_	_	
7-18	381-388	Cognome	_	_	_	
7-19	389-396	PERRINI	PER	relative|cf|name|birthLoc|birthDate|personalRole	7-55|7-32|7-21|7-25|7-29|7-35[3_0]	
7-20	397-401	Nome	_	_	_	
7-21	402-411	ARCANGELO	PER	_	_	
7-22	412-417	Luogo	_	_	_	
7-23	418-420	di	_	_	_	
7-24	421-428	nascita	_	_	_	
7-25	429-436	Bitonto	LOC	_	_	
7-26	437-441	Data	_	_	_	
7-27	442-444	di	_	_	_	
7-28	445-452	nascita	_	_	_	
7-29	453-460	1/22/49	DATE	_	_	
7-30	461-473	Cittadinanza	_	_	_	
7-31	474-476	CF	_	_	_	
7-32	477-493	PRRRNG49A22A893C	CF	_	_	
7-33	494-503	ESERCENTI	_	_	_	
7-34	504-506	LA	_	_	_	
7-35	507-521	RESPONSABILITÀ	ROLE[3]	_	_	
7-36	522-533	GENITORIALE	ROLE[3]	_	_	
7-37	534-535	/	_	_	_	
7-38	536-543	TUTORIA	_	_	_	
7-39	544-546	SU	_	_	_	
7-40	547-554	Parents	_	_	_	
7-41	555-557	or	_	_	_	
7-42	558-567	guardians	_	_	_	
7-43	568-570	of	_	_	_	
7-44	571-572	/	_	_	_	
7-45	573-583	Titulaires	_	_	_	
7-46	584-586	de	_	_	_	
7-47	587-589	l’	_	_	_	
7-48	590-598	autorité	_	_	_	
7-49	599-608	parentale	_	_	_	
7-50	609-611	ou	_	_	_	
7-51	612-614	de	_	_	_	
7-52	615-622	tutelle	_	_	_	
7-53	623-626	sur	_	_	_	
7-54	627-634	Cognome	_	_	_	
7-55	635-643	BELLEZZA	PER	birthLoc|name|birthDate|docType	7-61|7-57|7-65|7-66[4_0]	
7-56	644-648	Nome	_	_	_	
7-57	649-655	AGNESE	PER	_	_	
7-58	656-661	Luogo	_	_	_	
7-59	662-664	di	_	_	_	
7-60	665-672	nascita	_	_	_	
7-61	673-680	Bitonto	LOC	_	_	
7-62	681-685	Data	_	_	_	
7-63	686-688	di	_	_	_	
7-64	689-696	nascita	_	_	_	
7-65	697-703	4/4/85	DATE	_	_	
7-66	704-713	Documento	DOCTYPE[4]	docID|docIssueDate|docIssueLoc	7-70[0_4]|7-74[0_4]|7-77[5_4]	
7-67	714-716	d’	DOCTYPE[4]	_	_	
7-68	717-725	identità	DOCTYPE[4]	_	_	
7-69	726-728	n.	_	_	_	
7-70	729-737	AU985687	NUMBER	_	_	
7-71	738-742	Data	_	_	_	
7-72	743-745	di	_	_	_	
7-73	746-755	emissione	_	_	_	
7-74	756-762	5/5/15	DATE	_	_	
7-75	763-767	Ente	_	_	_	
7-76	768-777	emittente	_	_	_	
7-77	778-784	Comune	ENTE[5]	_	_	
7-78	785-787	di	ENTE[5]	_	_	
7-79	788-795	Bitonto	ENTE[5]	_	_	
7-80	796-797	,	_	_	_	
7-81	798-809	AUTORIZZANO	_	_	_	
7-82	810-812	IL	_	_	_	
7-83	813-821	PREDETTO	_	_	_	
7-84	822-828	MINORE	_	_	_	
7-85	829-830	A	_	_	_	
7-86	831-840	VIAGGIARE	_	_	_	
7-87	841-853	ACCOMPAGNATO	_	_	_	
7-88	854-856	DA	_	_	_	
7-89	857-858	,	_	_	_	
7-90	859-865	Hereby	_	_	_	
7-91	866-875	authorise	_	_	_	
7-92	876-879	the	_	_	_	
7-93	880-885	above	_	_	_	
7-94	886-895	mentioned	_	_	_	
7-95	896-901	minor	_	_	_	
7-96	902-904	to	_	_	_	
7-97	905-911	travel	_	_	_	
7-98	912-923	accompanied	_	_	_	
7-99	924-926	by	_	_	_	
7-100	927-928	/	_	_	_	
7-101	929-930	,	_	_	_	
7-102	931-941	autorisent	_	_	_	
7-103	942-944	le	_	_	_	
7-104	945-951	mineur	_	_	_	
7-105	952-961	mentionné	_	_	_	
7-106	962-971	ci-dessus	_	_	_	
7-107	972-973	à	_	_	_	
7-108	974-981	voyager	_	_	_	
7-109	982-992	accompagné	_	_	_	
7-110	993-996	par	_	_	_	
7-111	997-1004	Cognome	_	_	_	
7-112	1005-1010	Romeo	PER	name|birthDate|birthLoc	7-114|7-122|7-118	
7-113	1011-1015	Nome	_	_	_	
7-114	1016-1023	Antonio	PER	_	_	
7-115	1024-1029	Luogo	_	_	_	
7-116	1030-1032	di	_	_	_	
7-117	1033-1040	nascita	_	_	_	
7-118	1041-1048	Palermo	LOC	_	_	
7-119	1049-1053	Data	_	_	_	
7-120	1054-1056	di	_	_	_	
7-121	1057-1064	nascita	_	_	_	
7-122	1065-1071	5/5/69	DATE	_	_	
7-123	1072-1084	Cittadinanza	_	_	_	
7-124	1085-1093	Italiana	_	_	_	
7-125	1094-1100	oppure	_	_	_	
7-126	1101-1108	Cognome	_	_	_	
7-127	1109-1119	Bartolomeo	PER	name|birthLoc|birthDate	7-129|7-133|7-137	
7-128	1120-1124	Nome	_	_	_	
7-129	1125-1132	Telesca	PER	_	_	
7-130	1133-1138	Luogo	_	_	_	
7-131	1139-1141	di	_	_	_	
7-132	1142-1149	nascita	_	_	_	
7-133	1150-1155	Ruoti	LOC	_	_	
7-134	1156-1160	Data	_	_	_	
7-135	1161-1163	di	_	_	_	
7-136	1164-1171	nascita	_	_	_	
7-137	1172-1182	23/12/1980	DATE	_	_	
7-138	1183-1195	Cittadinanza	_	_	_	
7-139	1196-1204	Italiana	_	_	_	
