#FORMAT=WebAnno TSV 3.3
#T_SP=custom.Span|label
#T_RL=custom.Relation|label|BT_custom.Span


#Text=AUTOCERTIFICAZIONE DI MORTE DI Serena Marrone ( ai sensi dell’ art. 46 del D.P.R. 445 del 28/12/2000 ) Il sottoscritto Nicola Marrone Nato a Milazzo il 27 maggio 1986 e residente in Genzano di Lucania presso la piazzetta del Mercato email nicolamarrone@mail.it pec nicola.m@pec.it Consapevole che in caso di dichiarazione mendace sarà punito ai sensi del Codice Penale secondo quanto prescritto dall’ art. 76 del D.P.R. 445 / 2000 e che , inoltre , qualora dal controllo effettuato emerga la non veridicità del contenuto di taluna delle dichiarazioni rese , decadrà dai benefici conseguenti al provvedimento eventualmente emanato sulla base della dichiarazione non veritiera ( art. 75 D.P.R. 445 / 2000 ) DICHIARA Che Serena Marrone Grado di parentela madre Nato a Pistoia il 5/4/30 è deceduto a Pistoia , prov. PI , il 5/5/21 Luogo e data FIRMA *
1-1	0-18	AUTOCERTIFICAZIONE	_	_	_	
1-2	19-21	DI	_	_	_	
1-3	22-27	MORTE	_	_	_	
1-4	28-30	DI	_	_	_	
1-5	31-37	Serena	PER[1]	_	_	
1-6	38-45	Marrone	PER[1]	_	_	
1-7	46-47	(	_	_	_	
1-8	48-50	ai	_	_	_	
1-9	51-56	sensi	_	_	_	
1-10	57-62	dell’	_	_	_	
1-11	63-67	art.	LEX[2]	_	_	
1-12	68-70	46	LEX[2]	_	_	
1-13	71-74	del	LEX[2]	_	_	
1-14	75-81	D.P.R.	LEX[2]	_	_	
1-15	82-85	445	LEX[2]	_	_	
1-16	86-89	del	LEX[2]	_	_	
1-17	90-100	28/12/2000	LEX[2]	_	_	
1-18	101-102	)	_	_	_	
1-19	103-105	Il	_	_	_	
1-20	106-118	sottoscritto	_	_	_	
1-21	119-125	Nicola	PER[3]	addressR|addressR|email|email|birthLoc|birthDate|relative	1-33[5_3]|1-38[6_3]|1-44[0_3]|1-42[0_3]|1-25[0_3]|1-27[4_3]|1-115[9_3]	
1-22	126-133	Marrone	PER[3]	_	_	
1-23	134-138	Nato	_	_	_	
1-24	139-140	a	_	_	_	
1-25	141-148	Milazzo	LOC	_	_	
1-26	149-151	il	_	_	_	
1-27	152-154	27	DATE[4]	_	_	
1-28	155-161	maggio	DATE[4]	_	_	
1-29	162-166	1986	DATE[4]	_	_	
1-30	167-168	e	_	_	_	
1-31	169-178	residente	_	_	_	
1-32	179-181	in	_	_	_	
1-33	182-189	Genzano	LOC[5]	_	_	
1-34	190-192	di	LOC[5]	_	_	
1-35	193-200	Lucania	LOC[5]	_	_	
1-36	201-207	presso	_	_	_	
1-37	208-210	la	_	_	_	
1-38	211-220	piazzetta	LOC[6]	_	_	
1-39	221-224	del	LOC[6]	_	_	
1-40	225-232	Mercato	LOC[6]	_	_	
1-41	233-238	email	_	_	_	
1-42	239-260	nicolamarrone@mail.it	EMAIL	_	_	
1-43	261-264	pec	_	_	_	
1-44	265-280	nicola.m@pec.it	EMAIL	_	_	
1-45	281-292	Consapevole	_	_	_	
1-46	293-296	che	_	_	_	
1-47	297-299	in	_	_	_	
1-48	300-304	caso	_	_	_	
1-49	305-307	di	_	_	_	
1-50	308-321	dichiarazione	_	_	_	
1-51	322-329	mendace	_	_	_	
1-52	330-334	sarà	_	_	_	
1-53	335-341	punito	_	_	_	
1-54	342-344	ai	_	_	_	
1-55	345-350	sensi	_	_	_	
1-56	351-354	del	_	_	_	
1-57	355-361	Codice	_	_	_	
1-58	362-368	Penale	_	_	_	
1-59	369-376	secondo	_	_	_	
1-60	377-383	quanto	_	_	_	
1-61	384-394	prescritto	_	_	_	
1-62	395-400	dall’	_	_	_	
1-63	401-405	art.	LEX[7]	_	_	
1-64	406-408	76	LEX[7]	_	_	
1-65	409-412	del	LEX[7]	_	_	
1-66	413-419	D.P.R.	LEX[7]	_	_	
1-67	420-423	445	LEX[7]	_	_	
1-68	424-425	/	LEX[7]	_	_	
1-69	426-430	2000	LEX[7]	_	_	
1-70	431-432	e	_	_	_	
1-71	433-436	che	_	_	_	
1-72	437-438	,	_	_	_	
1-73	439-446	inoltre	_	_	_	
1-74	447-448	,	_	_	_	
1-75	449-456	qualora	_	_	_	
1-76	457-460	dal	_	_	_	
1-77	461-470	controllo	_	_	_	
1-78	471-481	effettuato	_	_	_	
1-79	482-488	emerga	_	_	_	
1-80	489-491	la	_	_	_	
1-81	492-495	non	_	_	_	
1-82	496-506	veridicità	_	_	_	
1-83	507-510	del	_	_	_	
1-84	511-520	contenuto	_	_	_	
1-85	521-523	di	_	_	_	
1-86	524-530	taluna	_	_	_	
1-87	531-536	delle	_	_	_	
1-88	537-550	dichiarazioni	_	_	_	
1-89	551-555	rese	_	_	_	
1-90	556-557	,	_	_	_	
1-91	558-565	decadrà	_	_	_	
1-92	566-569	dai	_	_	_	
1-93	570-578	benefici	_	_	_	
1-94	579-590	conseguenti	_	_	_	
1-95	591-593	al	_	_	_	
1-96	594-607	provvedimento	_	_	_	
1-97	608-621	eventualmente	_	_	_	
1-98	622-629	emanato	_	_	_	
1-99	630-635	sulla	_	_	_	
1-100	636-640	base	_	_	_	
1-101	641-646	della	_	_	_	
1-102	647-660	dichiarazione	_	_	_	
1-103	661-664	non	_	_	_	
1-104	665-674	veritiera	_	_	_	
1-105	675-676	(	_	_	_	
1-106	677-681	art.	LEX[8]	_	_	
1-107	682-684	75	LEX[8]	_	_	
1-108	685-691	D.P.R.	LEX[8]	_	_	
1-109	692-695	445	LEX[8]	_	_	
1-110	696-697	/	LEX[8]	_	_	
1-111	698-702	2000	LEX[8]	_	_	
1-112	703-704	)	_	_	_	
1-113	705-713	DICHIARA	_	_	_	
1-114	714-717	Che	_	_	_	
1-115	718-724	Serena	PER[9]	personalRole|deathLoc|deathDate|birthLoc|deathLoc|birthDate	1-120[0_9]|1-132[0_9]|1-135[0_9]|1-123[0_9]|1-129[0_9]|1-125[0_9]	
1-116	725-732	Marrone	PER[9]	_	_	
1-117	733-738	Grado	_	_	_	
1-118	739-741	di	_	_	_	
1-119	742-751	parentela	_	_	_	
1-120	752-757	madre	ROLE	_	_	
1-121	758-762	Nato	_	_	_	
1-122	763-764	a	_	_	_	
1-123	765-772	Pistoia	LOC	_	_	
1-124	773-775	il	_	_	_	
1-125	776-782	5/4/30	DATE	_	_	
1-126	783-784	è	_	_	_	
1-127	785-793	deceduto	_	_	_	
1-128	794-795	a	_	_	_	
1-129	796-803	Pistoia	LOC	_	_	
1-130	804-805	,	_	_	_	
1-131	806-811	prov.	_	_	_	
1-132	812-814	PI	LOC	_	_	
1-133	815-816	,	_	_	_	
1-134	817-819	il	_	_	_	
1-135	820-826	5/5/21	DATE	_	_	
1-136	827-832	Luogo	_	_	_	
1-137	833-834	e	_	_	_	
1-138	835-839	data	_	_	_	
1-139	840-845	FIRMA	_	_	_	
1-140	846-847	*	_	_	_	
