#FORMAT=WebAnno TSV 3.3
#T_SP=custom.Span|label
#T_RL=custom.Relation|label|BT_custom.Span


#Text=DICHIARAZIONE SOSTITUTIVA CIRCA IL POSSESSO DEI
1-1	0-13	DICHIARAZIONE	_	_	_	
1-2	14-25	SOSTITUTIVA	_	_	_	
1-3	26-31	CIRCA	_	_	_	
1-4	32-34	IL	_	_	_	
1-5	35-43	POSSESSO	_	_	_	
1-6	44-47	DEI	_	_	_	

#Text=REQUISITI AI FINI DELL’ AMMISSIBILITÀ ALLA PROCEDURA
2-1	48-57	REQUISITI	_	_	_	
2-2	58-60	AI	_	_	_	
2-3	61-65	FINI	_	_	_	
2-4	66-71	DELL’	_	_	_	
2-5	72-85	AMMISSIBILITÀ	_	_	_	
2-6	86-90	ALLA	_	_	_	
2-7	91-100	PROCEDURA	_	_	_	

#Text=Al Comune di Ostuni
3-1	101-103	Al	_	_	_	
3-2	104-110	Comune	ENTE[1]	_	_	
3-3	111-113	di	ENTE[1]	_	_	
3-4	114-120	Ostuni	ENTE[1]	_	_	

#Text=Servizio Procedure Statali
4-1	121-129	Servizio	_	_	_	
4-2	130-139	Procedure	_	_	_	
4-3	140-147	Statali	_	_	_	

#Text=OGGETTO : Dichiarazione sostitutiva circa il possesso dei requisiti fini dell’ affidamento in concessione del servizio di tesoreria con importo complessivo pari a € 25000 ( IVA esclusa ) .
5-1	148-155	OGGETTO	_	_	_	
5-2	156-157	:	_	_	_	
5-3	158-171	Dichiarazione	_	_	_	
5-4	172-183	sostitutiva	_	_	_	
5-5	184-189	circa	_	_	_	
5-6	190-192	il	_	_	_	
5-7	193-201	possesso	_	_	_	
5-8	202-205	dei	_	_	_	
5-9	206-215	requisiti	_	_	_	
5-10	216-220	fini	_	_	_	
5-11	221-226	dell’	_	_	_	
5-12	227-238	affidamento	_	_	_	
5-13	239-241	in	_	_	_	
5-14	242-253	concessione	_	_	_	
5-15	254-257	del	_	_	_	
5-16	258-266	servizio	_	_	_	
5-17	267-269	di	_	_	_	
5-18	270-279	tesoreria	_	_	_	
5-19	280-283	con	_	_	_	
5-20	284-291	importo	_	_	_	
5-21	292-303	complessivo	_	_	_	
5-22	304-308	pari	_	_	_	
5-23	309-310	a	_	_	_	
5-24	311-312	€	_	_	_	
5-25	313-318	25000	_	_	_	
5-26	319-320	(	_	_	_	
5-27	321-324	IVA	_	_	_	
5-28	325-332	esclusa	_	_	_	
5-29	333-334	)	_	_	_	
5-30	335-336	.	_	_	_	

#Text=Codice CIG : TRDFS45231
6-1	337-343	Codice	_	_	_	
6-2	344-347	CIG	_	_	_	
6-3	348-349	:	_	_	_	
6-4	350-360	TRDFS45231	NUMBER	_	_	

#Text=Il sottoscritto Gianni Suarato nato il 1.37.44 a Ostuni residente nel Comune di Ostuni ( BR ) Stato Italia Via / Piazza Via Ferrara n. 119 in qualità di direttore generale dell’ Istituto Comprensivo Statale Calamandrei avente sede legale in Ostuni nel Comune di Ostuni ( BR ) Via / Piazza Viale dello Sport n 456 e-mail - PEC : istitutiscolopi@scuola.org telefono n. 0831 444467 Codice Fiscale SRTGNN64E01G187L Partita IVA n. 88864536277 ai sensi del d.P.R. n. 445 / 2000 e consapevole del fatto che , in caso di dichiarazione mendace , verranno applicate nei propri riguardi , ai sensi dell' art. 76 del d.P.R. 28/12/2000 n. 445 , le sanzioni previste dal codice penale e dalle leggi speciali in materia di falsità negli atti , oltre alle conseguenze amministrative previste dal vigente ordinamento in materia di contratti pubblici relativi a lavori , servizi e forniture
7-1	361-363	Il	_	_	_	
7-2	364-376	sottoscritto	_	_	_	
7-3	377-383	Gianni	PER[2]	addressR|addressR|birthDate|birthLoc|addressR|personalRole|addressR|cf	7-23[4_2]|7-16[0_2]|7-7[0_2]|7-9[0_2]|7-19[0_2]|7-30[5_2]|7-12[3_2]|7-67[0_2]	
7-4	384-391	Suarato	PER[2]	_	_	
7-5	392-396	nato	_	_	_	
7-6	397-399	il	_	_	_	
7-7	400-407	1.37.44	DATE	_	_	
7-8	408-409	a	_	_	_	
7-9	410-416	Ostuni	LOC	_	_	
7-10	417-426	residente	_	_	_	
7-11	427-430	nel	_	_	_	
7-12	431-437	Comune	LOC[3]	_	_	
7-13	438-440	di	LOC[3]	_	_	
7-14	441-447	Ostuni	LOC[3]	_	_	
7-15	448-449	(	_	_	_	
7-16	450-452	BR	LOC	_	_	
7-17	453-454	)	_	_	_	
7-18	455-460	Stato	_	_	_	
7-19	461-467	Italia	LOC	_	_	
7-20	468-471	Via	_	_	_	
7-21	472-473	/	_	_	_	
7-22	474-480	Piazza	_	_	_	
7-23	481-484	Via	LOC[4]	_	_	
7-24	485-492	Ferrara	LOC[4]	_	_	
7-25	493-495	n.	LOC[4]	_	_	
7-26	496-499	119	LOC[4]	_	_	
7-27	500-502	in	_	_	_	
7-28	503-510	qualità	_	_	_	
7-29	511-513	di	_	_	_	
7-30	514-523	direttore	ROLE[5]	_	_	
7-31	524-532	generale	ROLE[5]	_	_	
7-32	533-538	dell’	_	_	_	
7-33	539-547	Istituto	ENTE[6]	cig|op|addressR|addressR|companyRole|addressR|addressR|email|vat|tel	6-4[0_6]|7-3[2_6]|7-52[8_6]|7-47[0_6]|7-30[5_6]|7-41[0_6]|7-43[7_6]|7-61[0_6]|7-71[0_6]|7-64[0_6]	
7-34	548-559	Comprensivo	ENTE[6]	_	_	
7-35	560-567	Statale	ENTE[6]	_	_	
7-36	568-579	Calamandrei	ENTE[6]	_	_	
7-37	580-586	avente	_	_	_	
7-38	587-591	sede	_	_	_	
7-39	592-598	legale	_	_	_	
7-40	599-601	in	_	_	_	
7-41	602-608	Ostuni	LOC	_	_	
7-42	609-612	nel	_	_	_	
7-43	613-619	Comune	LOC[7]	_	_	
7-44	620-622	di	LOC[7]	_	_	
7-45	623-629	Ostuni	LOC[7]	_	_	
7-46	630-631	(	_	_	_	
7-47	632-634	BR	LOC	_	_	
7-48	635-636	)	_	_	_	
7-49	637-640	Via	_	_	_	
7-50	641-642	/	_	_	_	
7-51	643-649	Piazza	_	_	_	
7-52	650-655	Viale	LOC[8]	_	_	
7-53	656-661	dello	LOC[8]	_	_	
7-54	662-667	Sport	LOC[8]	_	_	
7-55	668-669	n	LOC[8]	_	_	
7-56	670-673	456	LOC[8]	_	_	
7-57	674-680	e-mail	_	_	_	
7-58	681-682	-	_	_	_	
7-59	683-686	PEC	_	_	_	
7-60	687-688	:	_	_	_	
7-61	689-715	istitutiscolopi@scuola.org	EMAIL	_	_	
7-62	716-724	telefono	_	_	_	
7-63	725-727	n.	_	_	_	
7-64	728-739	0831 444467	NUMBER	_	_	
7-65	740-746	Codice	_	_	_	
7-66	747-754	Fiscale	_	_	_	
7-67	755-771	SRTGNN64E01G187L	CF	_	_	
7-68	772-779	Partita	_	_	_	
7-69	780-783	IVA	_	_	_	
7-70	784-786	n.	_	_	_	
7-71	787-798	88864536277	NUMBER	_	_	
7-72	799-801	ai	_	_	_	
7-73	802-807	sensi	_	_	_	
7-74	808-811	del	_	_	_	
7-75	812-818	d.P.R.	LEX[9]	_	_	
7-76	819-821	n.	LEX[9]	_	_	
7-77	822-825	445	LEX[9]	_	_	
7-78	826-827	/	LEX[9]	_	_	
7-79	828-832	2000	LEX[9]	_	_	
7-80	833-834	e	_	_	_	
7-81	835-846	consapevole	_	_	_	
7-82	847-850	del	_	_	_	
7-83	851-856	fatto	_	_	_	
7-84	857-860	che	_	_	_	
7-85	861-862	,	_	_	_	
7-86	863-865	in	_	_	_	
7-87	866-870	caso	_	_	_	
7-88	871-873	di	_	_	_	
7-89	874-887	dichiarazione	_	_	_	
7-90	888-895	mendace	_	_	_	
7-91	896-897	,	_	_	_	
7-92	898-906	verranno	_	_	_	
7-93	907-916	applicate	_	_	_	
7-94	917-920	nei	_	_	_	
7-95	921-927	propri	_	_	_	
7-96	928-936	riguardi	_	_	_	
7-97	937-938	,	_	_	_	
7-98	939-941	ai	_	_	_	
7-99	942-947	sensi	_	_	_	
7-100	948-953	dell'	_	_	_	
7-101	954-958	art.	LEX[10]	_	_	
7-102	959-961	76	LEX[10]	_	_	
7-103	962-965	del	LEX[10]	_	_	
7-104	966-972	d.P.R.	LEX[10]	_	_	
7-105	973-983	28/12/2000	LEX[10]	_	_	
7-106	984-986	n.	LEX[10]	_	_	
7-107	987-990	445	LEX[10]	_	_	
7-108	991-992	,	_	_	_	
7-109	993-995	le	_	_	_	
7-110	996-1004	sanzioni	_	_	_	
7-111	1005-1013	previste	_	_	_	
7-112	1014-1017	dal	_	_	_	
7-113	1018-1024	codice	_	_	_	
7-114	1025-1031	penale	_	_	_	
7-115	1032-1033	e	_	_	_	
7-116	1034-1039	dalle	_	_	_	
7-117	1040-1045	leggi	_	_	_	
7-118	1046-1054	speciali	_	_	_	
7-119	1055-1057	in	_	_	_	
7-120	1058-1065	materia	_	_	_	
7-121	1066-1068	di	_	_	_	
7-122	1069-1076	falsità	_	_	_	
7-123	1077-1082	negli	_	_	_	
7-124	1083-1087	atti	_	_	_	
7-125	1088-1089	,	_	_	_	
7-126	1090-1095	oltre	_	_	_	
7-127	1096-1100	alle	_	_	_	
7-128	1101-1112	conseguenze	_	_	_	
7-129	1113-1127	amministrative	_	_	_	
7-130	1128-1136	previste	_	_	_	
7-131	1137-1140	dal	_	_	_	
7-132	1141-1148	vigente	_	_	_	
7-133	1149-1160	ordinamento	_	_	_	
7-134	1161-1163	in	_	_	_	
7-135	1164-1171	materia	_	_	_	
7-136	1172-1174	di	_	_	_	
7-137	1175-1184	contratti	_	_	_	
7-138	1185-1193	pubblici	_	_	_	
7-139	1194-1202	relativi	_	_	_	
7-140	1203-1204	a	_	_	_	
7-141	1205-1211	lavori	_	_	_	
7-142	1212-1213	,	_	_	_	
7-143	1214-1221	servizi	_	_	_	
7-144	1222-1223	e	_	_	_	
7-145	1224-1233	forniture	_	_	_	
