#FORMAT=WebAnno TSV 3.3
#T_SP=custom.Span|label
#T_RL=custom.Relation|label|BT_custom.Span


#Text=AL RESPONSABILE DEL SERVIZIO PERSONALE DEL COMUNE DI Gallicchio
1-1	0-2	AL	_	_	_	
1-2	3-15	RESPONSABILE	_	_	_	
1-3	16-19	DEL	_	_	_	
1-4	20-28	SERVIZIO	_	_	_	
1-5	29-38	PERSONALE	_	_	_	
1-6	39-42	DEL	_	_	_	
1-7	43-49	COMUNE	ENTE[1]	_	_	
1-8	50-52	DI	ENTE[1]	_	_	
1-9	53-63	Gallicchio	ENTE[1]	_	_	

#Text=OGGETTO : Richiesta congedo di maternità .
2-1	64-71	OGGETTO	_	_	_	
2-2	72-73	:	_	_	_	
2-3	74-83	Richiesta	_	_	_	
2-4	84-91	congedo	_	_	_	
2-5	92-94	di	_	_	_	
2-6	95-104	maternità	_	_	_	
2-7	105-106	.	_	_	_	

#Text=La sottoscritta Angela Parmisano nata a Gallichio , il 04-04-1980 , residente in Gallicchio , via Del Merlo , n. 1 , Tel. 9711625848 , dipendente da codesto comune Profilo professionale Istruttore direttivo , Categoria A 0 a tempo indeterminato 0 a tempo determinato con contratto scadente il 12/09/2018 , in relazione al disposto dell’ art. 16 del T.U. 26 marzo 2001 , n. 151
3-1	107-109	La	_	_	_	
3-2	110-122	sottoscritta	_	_	_	
3-3	123-129	Angela	PER[2]	addressR|birthLoc|birthDate|addressR|tel	3-16[3_2]|3-7[0_2]|3-10[0_2]|3-14[0_2]|3-24[0_2]	
3-4	130-139	Parmisano	PER[2]	_	_	
3-5	140-144	nata	_	_	_	
3-6	145-146	a	_	_	_	
3-7	147-156	Gallichio	LOC	_	_	
3-8	157-158	,	_	_	_	
3-9	159-161	il	_	_	_	
3-10	162-172	04-04-1980	DATE	_	_	
3-11	173-174	,	_	_	_	
3-12	175-184	residente	_	_	_	
3-13	185-187	in	_	_	_	
3-14	188-198	Gallicchio	LOC	_	_	
3-15	199-200	,	_	_	_	
3-16	201-204	via	LOC[3]	_	_	
3-17	205-208	Del	LOC[3]	_	_	
3-18	209-214	Merlo	LOC[3]	_	_	
3-19	215-216	,	LOC[3]	_	_	
3-20	217-219	n.	LOC[3]	_	_	
3-21	220-221	1	LOC[3]	_	_	
3-22	222-223	,	_	_	_	
3-23	224-228	Tel.	_	_	_	
3-24	229-239	9711625848	NUMBER	_	_	
3-25	240-241	,	_	_	_	
3-26	242-252	dipendente	_	_	_	
3-27	253-255	da	_	_	_	
3-28	256-263	codesto	_	_	_	
3-29	264-270	comune	_	_	_	
3-30	271-278	Profilo	_	_	_	
3-31	279-292	professionale	_	_	_	
3-32	293-303	Istruttore	_	_	_	
3-33	304-313	direttivo	_	_	_	
3-34	314-315	,	_	_	_	
3-35	316-325	Categoria	_	_	_	
3-36	326-327	A	_	_	_	
3-37	328-329	0	_	_	_	
3-38	330-331	a	_	_	_	
3-39	332-337	tempo	_	_	_	
3-40	338-351	indeterminato	_	_	_	
3-41	352-353	0	_	_	_	
3-42	354-355	a	_	_	_	
3-43	356-361	tempo	_	_	_	
3-44	362-373	determinato	_	_	_	
3-45	374-377	con	_	_	_	
3-46	378-387	contratto	_	_	_	
3-47	388-396	scadente	_	_	_	
3-48	397-399	il	_	_	_	
3-49	400-410	12/09/2018	_	_	_	
3-50	411-412	,	_	_	_	
3-51	413-415	in	_	_	_	
3-52	416-425	relazione	_	_	_	
3-53	426-428	al	_	_	_	
3-54	429-437	disposto	_	_	_	
3-55	438-443	dell’	_	_	_	
3-56	444-448	art.	LEX[4]	_	_	
3-57	449-451	16	LEX[4]	_	_	
3-58	452-455	del	LEX[4]	_	_	
3-59	456-460	T.U.	LEX[4]	_	_	
3-60	461-463	26	LEX[4]	_	_	
3-61	464-469	marzo	LEX[4]	_	_	
3-62	470-474	2001	LEX[4]	_	_	
3-63	475-476	,	LEX[4]	_	_	
3-64	477-479	n.	LEX[4]	_	_	
3-65	480-483	151	LEX[4]	_	_	

#Text=COMUNICA
4-1	484-492	COMUNICA	_	_	_	
