#FORMAT=WebAnno TSV 3.3
#T_SP=custom.Span|label
#T_RL=custom.Relation|label|BT_custom.Span


#Text=Comune di Napoli
1-1	0-6	Comune	ENTE[1]	_	_	
1-2	7-9	di	ENTE[1]	_	_	
1-3	10-16	Napoli	ENTE[1]	_	_	

#Text=Provincia di Napoli
2-1	17-26	Provincia	ENTE[2]	_	_	
2-2	27-29	di	ENTE[2]	_	_	
2-3	30-36	Napoli	ENTE[2]	_	_	

#Text=SETTORE Vendite SERVIZIO Erogazione contributi
3-1	37-44	SETTORE	_	_	_	
3-2	45-52	Vendite	_	_	_	
3-3	53-61	SERVIZIO	_	_	_	
3-4	62-72	Erogazione	_	_	_	
3-5	73-83	contributi	_	_	_	

#Text=Prot. N. 124 / bis Lì Napoli
4-1	84-89	Prot.	_	_	_	
4-2	90-92	N.	_	_	_	
4-3	93-96	124	_	_	_	
4-4	97-98	/	_	_	_	
4-5	99-102	bis	_	_	_	
4-6	103-105	Lì	_	_	_	
4-7	106-112	Napoli	LOC	_	_	

#Text=AL sindaco di Napoli
5-1	113-115	AL	_	_	_	
5-2	116-123	sindaco	_	_	_	
5-3	124-126	di	_	_	_	
5-4	127-133	Napoli	LOC	_	_	

#Text=AL sovrintendente alle vendite
6-1	134-136	AL	_	_	_	
6-2	137-151	sovrintendente	_	_	_	
6-3	152-156	alle	_	_	_	
6-4	157-164	vendite	_	_	_	

#Text=Oggetto : Richiesta verifica sussistenza requisiti e condizioni per l’ erogazione dei contributi finalizzati all’ ampliamento di esercizi commerciali esistenti o alla riapertura di esercizi chiusi da almeno sei mesi , ai sensi dell’ art. 30-ter , D.L. 30 aprile 2019 n. 34 , convertito con modificazioni , in L. n. 58 / 2019 , di cui all’ Avviso pubblico emesso con Determinazione dirigenziale n. 750 / 34 in data 15/07/2007
7-1	165-172	Oggetto	_	_	_	
7-2	173-174	:	_	_	_	
7-3	175-184	Richiesta	_	_	_	
7-4	185-193	verifica	_	_	_	
7-5	194-205	sussistenza	_	_	_	
7-6	206-215	requisiti	_	_	_	
7-7	216-217	e	_	_	_	
7-8	218-228	condizioni	_	_	_	
7-9	229-232	per	_	_	_	
7-10	233-235	l’	_	_	_	
7-11	236-246	erogazione	_	_	_	
7-12	247-250	dei	_	_	_	
7-13	251-261	contributi	_	_	_	
7-14	262-273	finalizzati	_	_	_	
7-15	274-278	all’	_	_	_	
7-16	279-290	ampliamento	_	_	_	
7-17	291-293	di	_	_	_	
7-18	294-302	esercizi	_	_	_	
7-19	303-314	commerciali	_	_	_	
7-20	315-324	esistenti	_	_	_	
7-21	325-326	o	_	_	_	
7-22	327-331	alla	_	_	_	
7-23	332-342	riapertura	_	_	_	
7-24	343-345	di	_	_	_	
7-25	346-354	esercizi	_	_	_	
7-26	355-361	chiusi	_	_	_	
7-27	362-364	da	_	_	_	
7-28	365-371	almeno	_	_	_	
7-29	372-375	sei	_	_	_	
7-30	376-380	mesi	_	_	_	
7-31	381-382	,	_	_	_	
7-32	383-385	ai	_	_	_	
7-33	386-391	sensi	_	_	_	
7-34	392-397	dell’	_	_	_	
7-35	398-402	art.	LEX[3]	_	_	
7-36	403-409	30-ter	LEX[3]	_	_	
7-37	410-411	,	LEX[3]	_	_	
7-38	412-416	D.L.	LEX[3]	_	_	
7-39	417-419	30	LEX[3]	_	_	
7-40	420-426	aprile	LEX[3]	_	_	
7-41	427-431	2019	LEX[3]	_	_	
7-42	432-434	n.	LEX[3]	_	_	
7-43	435-437	34	LEX[3]	_	_	
7-44	438-439	,	_	_	_	
7-45	440-450	convertito	_	_	_	
7-46	451-454	con	_	_	_	
7-47	455-468	modificazioni	_	_	_	
7-48	469-470	,	_	_	_	
7-49	471-473	in	_	_	_	
7-50	474-476	L.	LEX[4]	_	_	
7-51	477-479	n.	LEX[4]	_	_	
7-52	480-482	58	LEX[4]	_	_	
7-53	483-484	/	LEX[4]	_	_	
7-54	485-489	2019	LEX[4]	_	_	
7-55	490-491	,	_	_	_	
7-56	492-494	di	_	_	_	
7-57	495-498	cui	_	_	_	
7-58	499-503	all’	_	_	_	
7-59	504-510	Avviso	_	_	_	
7-60	511-519	pubblico	_	_	_	
7-61	520-526	emesso	_	_	_	
7-62	527-530	con	_	_	_	
7-63	531-545	Determinazione	LEX[5]	_	_	
7-64	546-558	dirigenziale	LEX[5]	_	_	
7-65	559-561	n.	LEX[5]	_	_	
7-66	562-565	750	LEX[5]	_	_	
7-67	566-567	/	LEX[5]	_	_	
7-68	568-570	34	LEX[5]	_	_	
7-69	571-573	in	LEX[5]	_	_	
7-70	574-578	data	LEX[5]	_	_	
7-71	579-589	15/07/2007	LEX[5]	_	_	

#Text=Considerato che il / la Sig. / ra Grazia Marinelli nato / a a Caserta il 12/04/1989 , residente a Napoli Str. / Via / P. za Via Toledo n. 27 quale titolare / legale rappresentante della ditta / società denominata CRS s.r.l. con sede in Napoli , Str. / Via / P. za Via Galileo Ferraris , n. 133 , risulta collocato / a in posizione utile nella graduatoria conseguente all’ emissione dell’ Avviso pubblico di cui all’ oggetto , approvata con Determinazione Dirigenziale n. 786 del 11/11/2009 si chiede , in relazione all’ art. 43 del D.P.R. n. 445 / 2000 , recante norme in materia di documentazione amministrativa , di voler predisporre gli opportuni controlli e verifiche di competenza per accertare la sussistenza dei requisiti e delle condizioni previste dal suddetto Avviso pubblico consistenti in : vedi moduli da compilare allegati
8-1	590-601	Considerato	_	_	_	
8-2	602-605	che	_	_	_	
8-3	606-608	il	_	_	_	
8-4	609-610	/	_	_	_	
8-5	611-613	la	_	_	_	
8-6	614-618	Sig.	_	_	_	
8-7	619-620	/	_	_	_	
8-8	621-623	ra	_	_	_	
8-9	624-630	Grazia	PER[6]	addressR|personalRole|addressR|personalRole|birthDate|birthLoc	8-21[0_6]|8-33[0_6]|8-28[7_6]|8-35[8_6]|8-17[0_6]|8-15[0_6]	
8-10	631-640	Marinelli	PER[6]	_	_	
8-11	641-645	nato	_	_	_	
8-12	646-647	/	_	_	_	
8-13	648-649	a	_	_	_	
8-14	650-651	a	_	_	_	
8-15	652-659	Caserta	LOC	_	_	
8-16	660-662	il	_	_	_	
8-17	663-673	12/04/1989	DATE	_	_	
8-18	674-675	,	_	_	_	
8-19	676-685	residente	_	_	_	
8-20	686-687	a	_	_	_	
8-21	688-694	Napoli	LOC	_	_	
8-22	695-699	Str.	_	_	_	
8-23	700-701	/	_	_	_	
8-24	702-705	Via	_	_	_	
8-25	706-707	/	_	_	_	
8-26	708-710	P.	_	_	_	
8-27	711-713	za	_	_	_	
8-28	714-717	Via	LOC[7]	_	_	
8-29	718-724	Toledo	LOC[7]	_	_	
8-30	725-727	n.	LOC[7]	_	_	
8-31	728-730	27	LOC[7]	_	_	
8-32	731-736	quale	_	_	_	
8-33	737-745	titolare	ROLE	_	_	
8-34	746-747	/	_	_	_	
8-35	748-754	legale	ROLE[8]	_	_	
8-36	755-769	rappresentante	ROLE[8]	_	_	
8-37	770-775	della	_	_	_	
8-38	776-781	ditta	_	_	_	
8-39	782-783	/	_	_	_	
8-40	784-791	società	_	_	_	
8-41	792-802	denominata	_	_	_	
8-42	803-806	CRS	ORG[9]	companyRole|op|addressR|companyRole|addressR	8-33[0_9]|8-9[6_9]|8-53[10_9]|8-35[8_9]|8-47[0_9]	
8-43	807-813	s.r.l.	ORG[9]	_	_	
8-44	814-817	con	_	_	_	
8-45	818-822	sede	_	_	_	
8-46	823-825	in	_	_	_	
8-47	826-832	Napoli	LOC	_	_	
8-48	833-834	,	_	_	_	
8-49	835-839	Str.	_	_	_	
8-50	840-841	/	_	_	_	
8-51	842-845	Via	_	_	_	
8-52	846-847	/	_	_	_	
8-53	848-850	P.	LOC[10]	_	_	
8-54	851-853	za	LOC[10]	_	_	
8-55	854-857	Via	LOC[10]	_	_	
8-56	858-865	Galileo	LOC[10]	_	_	
8-57	866-874	Ferraris	LOC[10]	_	_	
8-58	875-876	,	LOC[10]	_	_	
8-59	877-879	n.	LOC[10]	_	_	
8-60	880-883	133	LOC[10]	_	_	
8-61	884-885	,	_	_	_	
8-62	886-893	risulta	_	_	_	
8-63	894-903	collocato	_	_	_	
8-64	904-905	/	_	_	_	
8-65	906-907	a	_	_	_	
8-66	908-910	in	_	_	_	
8-67	911-920	posizione	_	_	_	
8-68	921-926	utile	_	_	_	
8-69	927-932	nella	_	_	_	
8-70	933-944	graduatoria	_	_	_	
8-71	945-956	conseguente	_	_	_	
8-72	957-961	all’	_	_	_	
8-73	962-971	emissione	_	_	_	
8-74	972-977	dell’	_	_	_	
8-75	978-984	Avviso	_	_	_	
8-76	985-993	pubblico	_	_	_	
8-77	994-996	di	_	_	_	
8-78	997-1000	cui	_	_	_	
8-79	1001-1005	all’	_	_	_	
8-80	1006-1013	oggetto	_	_	_	
8-81	1014-1015	,	_	_	_	
8-82	1016-1025	approvata	_	_	_	
8-83	1026-1029	con	_	_	_	
8-84	1030-1044	Determinazione	LEX[11]	_	_	
8-85	1045-1057	Dirigenziale	LEX[11]	_	_	
8-86	1058-1060	n.	LEX[11]	_	_	
8-87	1061-1064	786	LEX[11]	_	_	
8-88	1065-1068	del	LEX[11]	_	_	
8-89	1069-1079	11/11/2009	LEX[11]	_	_	
8-90	1080-1082	si	_	_	_	
8-91	1083-1089	chiede	_	_	_	
8-92	1090-1091	,	_	_	_	
8-93	1092-1094	in	_	_	_	
8-94	1095-1104	relazione	_	_	_	
8-95	1105-1109	all’	_	_	_	
8-96	1110-1114	art.	LEX[12]	_	_	
8-97	1115-1117	43	LEX[12]	_	_	
8-98	1118-1121	del	LEX[12]	_	_	
8-99	1122-1128	D.P.R.	LEX[12]	_	_	
8-100	1129-1131	n.	LEX[12]	_	_	
8-101	1132-1135	445	LEX[12]	_	_	
8-102	1136-1137	/	LEX[12]	_	_	
8-103	1138-1142	2000	LEX[12]	_	_	
8-104	1143-1144	,	LEX[12]	_	_	
8-105	1145-1152	recante	_	_	_	
8-106	1153-1158	norme	_	_	_	
8-107	1159-1161	in	_	_	_	
8-108	1162-1169	materia	_	_	_	
8-109	1170-1172	di	_	_	_	
8-110	1173-1187	documentazione	_	_	_	
8-111	1188-1202	amministrativa	_	_	_	
8-112	1203-1204	,	_	_	_	
8-113	1205-1207	di	_	_	_	
8-114	1208-1213	voler	_	_	_	
8-115	1214-1225	predisporre	_	_	_	
8-116	1226-1229	gli	_	_	_	
8-117	1230-1239	opportuni	_	_	_	
8-118	1240-1249	controlli	_	_	_	
8-119	1250-1251	e	_	_	_	
8-120	1252-1261	verifiche	_	_	_	
8-121	1262-1264	di	_	_	_	
8-122	1265-1275	competenza	_	_	_	
8-123	1276-1279	per	_	_	_	
8-124	1280-1289	accertare	_	_	_	
8-125	1290-1292	la	_	_	_	
8-126	1293-1304	sussistenza	_	_	_	
8-127	1305-1308	dei	_	_	_	
8-128	1309-1318	requisiti	_	_	_	
8-129	1319-1320	e	_	_	_	
8-130	1321-1326	delle	_	_	_	
8-131	1327-1337	condizioni	_	_	_	
8-132	1338-1346	previste	_	_	_	
8-133	1347-1350	dal	_	_	_	
8-134	1351-1359	suddetto	_	_	_	
8-135	1360-1366	Avviso	_	_	_	
8-136	1367-1375	pubblico	_	_	_	
8-137	1376-1387	consistenti	_	_	_	
8-138	1388-1390	in	_	_	_	
8-139	1391-1392	:	_	_	_	
8-140	1393-1397	vedi	_	_	_	
8-141	1398-1404	moduli	_	_	_	
8-142	1405-1407	da	_	_	_	
8-143	1408-1417	compilare	_	_	_	
8-144	1418-1426	allegati	_	_	_	

#Text=Si resta in attesa di cortese riscontro .
9-1	1427-1429	Si	_	_	_	
9-2	1430-1435	resta	_	_	_	
9-3	1436-1438	in	_	_	_	
9-4	1439-1445	attesa	_	_	_	
9-5	1446-1448	di	_	_	_	
9-6	1449-1456	cortese	_	_	_	
9-7	1457-1466	riscontro	_	_	_	
9-8	1467-1468	.	_	_	_	
