#FORMAT=WebAnno TSV 3.3
#T_SP=custom.Span|label
#T_RL=custom.Relation|label|BT_custom.Span


#Text=All' Ufficio di Anagrafe del Comune di Potenza
1-1	0-4	All'	_	_	_	
1-2	5-12	Ufficio	_	_	_	
1-3	13-15	di	_	_	_	
1-4	16-24	Anagrafe	_	_	_	
1-5	25-28	del	_	_	_	
1-6	29-35	Comune	ENTE[1]	_	_	
1-7	36-38	di	ENTE[1]	_	_	
1-8	39-46	Potenza	ENTE[1]	_	_	

#Text=OGGETTO : RICHIESTA DI ISCRIZIONE ANAGRAFICA DI SENZA FISSA DIMORA .
2-1	47-54	OGGETTO	_	_	_	
2-2	55-56	:	_	_	_	
2-3	57-66	RICHIESTA	_	_	_	
2-4	67-69	DI	_	_	_	
2-5	70-80	ISCRIZIONE	_	_	_	
2-6	81-91	ANAGRAFICA	_	_	_	
2-7	92-94	DI	_	_	_	
2-8	95-100	SENZA	_	_	_	
2-9	101-106	FISSA	_	_	_	
2-10	107-113	DIMORA	_	_	_	
2-11	114-115	.	_	_	_	

#Text=Il / La sottoscritto / a Lucina Fermi nato / a a Potenza il 22/04/1964 , avendo il domicilio in codesto Comune in Largo Sergio de Pilato n. 32 la cui effettiva sussistenza è accertabile essendo nato in codesto Comune non avendo la dimora abituale in alcun Comune non avendo il domicilio in nessun altro Comune CHIEDE che le persone retro elencate :
3-1	116-118	Il	_	_	_	
3-2	119-120	/	_	_	_	
3-3	121-123	La	_	_	_	
3-4	124-136	sottoscritto	_	_	_	
3-5	137-138	/	_	_	_	
3-6	139-140	a	_	_	_	
3-7	141-147	Lucina	PER[2]	addressR|birthDate|birthLoc	3-24[3_2]|3-15[0_2]|3-13[0_2]	
3-8	148-153	Fermi	PER[2]	_	_	
3-9	154-158	nato	_	_	_	
3-10	159-160	/	_	_	_	
3-11	161-162	a	_	_	_	
3-12	163-164	a	_	_	_	
3-13	165-172	Potenza	LOC	_	_	
3-14	173-175	il	_	_	_	
3-15	176-186	22/04/1964	DATE	_	_	
3-16	187-188	,	_	_	_	
3-17	189-195	avendo	_	_	_	
3-18	196-198	il	_	_	_	
3-19	199-208	domicilio	_	_	_	
3-20	209-211	in	_	_	_	
3-21	212-219	codesto	_	_	_	
3-22	220-226	Comune	_	_	_	
3-23	227-229	in	_	_	_	
3-24	230-235	Largo	LOC[3]	_	_	
3-25	236-242	Sergio	LOC[3]	_	_	
3-26	243-245	de	LOC[3]	_	_	
3-27	246-252	Pilato	LOC[3]	_	_	
3-28	253-258	n. 32	LOC[3]	_	_	
3-29	259-261	la	_	_	_	
3-30	262-265	cui	_	_	_	
3-31	266-275	effettiva	_	_	_	
3-32	276-287	sussistenza	_	_	_	
3-33	288-289	è	_	_	_	
3-34	290-301	accertabile	_	_	_	
3-35	302-309	essendo	_	_	_	
3-36	310-314	nato	_	_	_	
3-37	315-317	in	_	_	_	
3-38	318-325	codesto	_	_	_	
3-39	326-332	Comune	_	_	_	
3-40	333-336	non	_	_	_	
3-41	337-343	avendo	_	_	_	
3-42	344-346	la	_	_	_	
3-43	347-353	dimora	_	_	_	
3-44	354-362	abituale	_	_	_	
3-45	363-365	in	_	_	_	
3-46	366-371	alcun	_	_	_	
3-47	372-378	Comune	_	_	_	
3-48	379-382	non	_	_	_	
3-49	383-389	avendo	_	_	_	
3-50	390-392	il	_	_	_	
3-51	393-402	domicilio	_	_	_	
3-52	403-405	in	_	_	_	
3-53	406-412	nessun	_	_	_	
3-54	413-418	altro	_	_	_	
3-55	419-425	Comune	_	_	_	
3-56	426-432	CHIEDE	_	_	_	
3-57	433-436	che	_	_	_	
3-58	437-439	le	_	_	_	
3-59	440-447	persone	_	_	_	
3-60	448-453	retro	_	_	_	
3-61	454-462	elencate	_	_	_	
3-62	463-464	:	_	_	_	

#Text=già in precedenza iscritte che non sono mai state iscritte in codesta anagrafe , siano registrate in una via territorialmente inesistente di codesto Comune , essendo senza fissa dimora per i motivi di seguito ad ognuno indicati .
4-1	465-468	già	_	_	_	
4-2	469-471	in	_	_	_	
4-3	472-482	precedenza	_	_	_	
4-4	483-491	iscritte	_	_	_	
4-5	492-495	che	_	_	_	
4-6	496-499	non	_	_	_	
4-7	500-504	sono	_	_	_	
4-8	505-508	mai	_	_	_	
4-9	509-514	state	_	_	_	
4-10	515-523	iscritte	_	_	_	
4-11	524-526	in	_	_	_	
4-12	527-534	codesta	_	_	_	
4-13	535-543	anagrafe	_	_	_	
4-14	544-545	,	_	_	_	
4-15	546-551	siano	_	_	_	
4-16	552-562	registrate	_	_	_	
4-17	563-565	in	_	_	_	
4-18	566-569	una	_	_	_	
4-19	570-573	via	_	_	_	
4-20	574-590	territorialmente	_	_	_	
4-21	591-602	inesistente	_	_	_	
4-22	603-605	di	_	_	_	
4-23	606-613	codesto	_	_	_	
4-24	614-620	Comune	_	_	_	
4-25	621-622	,	_	_	_	
4-26	623-630	essendo	_	_	_	
4-27	631-636	senza	_	_	_	
4-28	637-642	fissa	_	_	_	
4-29	643-649	dimora	_	_	_	
4-30	650-653	per	_	_	_	
4-31	654-655	i	_	_	_	
4-32	656-662	motivi	_	_	_	
4-33	663-665	di	_	_	_	
4-34	666-673	seguito	_	_	_	
4-35	674-676	ad	_	_	_	
4-36	677-683	ognuno	_	_	_	
4-37	684-692	indicati	_	_	_	
4-38	693-694	.	_	_	_	

#Text=DICHIARA CHE LE STESSE SONO :
5-1	695-703	DICHIARA	_	_	_	
5-2	704-707	CHE	_	_	_	
5-3	708-710	LE	_	_	_	
5-4	711-717	STESSE	_	_	_	
5-5	718-722	SONO	_	_	_	
5-6	723-724	:	_	_	_	

#Text=iscritte nell’ anagrafe del Comune indicato a colonna 5 del prospetto retroriportato .
6-1	725-733	iscritte	_	_	_	
6-2	734-739	nell’	_	_	_	
6-3	740-748	anagrafe	_	_	_	
6-4	749-752	del	_	_	_	
6-5	753-759	Comune	_	_	_	
6-6	760-768	indicato	_	_	_	
6-7	769-770	a	_	_	_	
6-8	771-778	colonna	_	_	_	
6-9	779-780	5	_	_	_	
6-10	781-784	del	_	_	_	
6-11	785-794	prospetto	_	_	_	
6-12	795-809	retroriportato	_	_	_	
6-13	810-811	.	_	_	_	

#Text=Il / la sottoscritto / a Lucina Fermi dichiara altresì di essere stato informato / a , tramite apposita informativa resa disponibile dall’ ente a cui è indirizzato il presente documento , ai sensi e per gli effetti degli articoli 13 e seg. del Regolamento Generale sulla Protezione dei Dati ( RGPD-UE 2016/679 ) , che i dati personali raccolti saranno trattati , anche con strumenti informatici , esclusivamente nell’ ambito del procedimento per il quale la presente istanza / dichiarazione viene resa .
7-1	812-814	Il	_	_	_	
7-2	815-816	/	_	_	_	
7-3	817-819	la	_	_	_	
7-4	820-832	sottoscritto	_	_	_	
7-5	833-834	/	_	_	_	
7-6	835-836	a	_	_	_	
7-7	837-843	Lucina	PER[4]	_	_	
7-8	844-849	Fermi	PER[4]	_	_	
7-9	850-858	dichiara	_	_	_	
7-10	859-866	altresì	_	_	_	
7-11	867-869	di	_	_	_	
7-12	870-876	essere	_	_	_	
7-13	877-882	stato	_	_	_	
7-14	883-892	informato	_	_	_	
7-15	893-894	/	_	_	_	
7-16	895-896	a	_	_	_	
7-17	897-898	,	_	_	_	
7-18	899-906	tramite	_	_	_	
7-19	907-915	apposita	_	_	_	
7-20	916-927	informativa	_	_	_	
7-21	928-932	resa	_	_	_	
7-22	933-944	disponibile	_	_	_	
7-23	945-950	dall’	_	_	_	
7-24	951-955	ente	_	_	_	
7-25	956-957	a	_	_	_	
7-26	958-961	cui	_	_	_	
7-27	962-963	è	_	_	_	
7-28	964-975	indirizzato	_	_	_	
7-29	976-978	il	_	_	_	
7-30	979-987	presente	_	_	_	
7-31	988-997	documento	_	_	_	
7-32	998-999	,	_	_	_	
7-33	1000-1002	ai	_	_	_	
7-34	1003-1008	sensi	_	_	_	
7-35	1009-1010	e	_	_	_	
7-36	1011-1014	per	_	_	_	
7-37	1015-1018	gli	_	_	_	
7-38	1019-1026	effetti	_	_	_	
7-39	1027-1032	degli	_	_	_	
7-40	1033-1041	articoli	LEX[5]	_	_	
7-41	1042-1044	13	LEX[5]	_	_	
7-42	1045-1046	e	LEX[5]	_	_	
7-43	1047-1051	seg.	LEX[5]	_	_	
7-44	1052-1055	del	LEX[5]	_	_	
7-45	1056-1067	Regolamento	LEX[5]	_	_	
7-46	1068-1076	Generale	LEX[5]	_	_	
7-47	1077-1082	sulla	LEX[5]	_	_	
7-48	1083-1093	Protezione	LEX[5]	_	_	
7-49	1094-1097	dei	LEX[5]	_	_	
7-50	1098-1102	Dati	LEX[5]	_	_	
7-51	1103-1104	(	LEX[5]	_	_	
7-52	1105-1112	RGPD-UE	LEX[5]	_	_	
7-53	1113-1121	2016/679	LEX[5]	_	_	
7-54	1122-1123	)	LEX[5]	_	_	
7-55	1124-1125	,	_	_	_	
7-56	1126-1129	che	_	_	_	
7-57	1130-1131	i	_	_	_	
7-58	1132-1136	dati	_	_	_	
7-59	1137-1146	personali	_	_	_	
7-60	1147-1155	raccolti	_	_	_	
7-61	1156-1163	saranno	_	_	_	
7-62	1164-1172	trattati	_	_	_	
7-63	1173-1174	,	_	_	_	
7-64	1175-1180	anche	_	_	_	
7-65	1181-1184	con	_	_	_	
7-66	1185-1194	strumenti	_	_	_	
7-67	1195-1206	informatici	_	_	_	
7-68	1207-1208	,	_	_	_	
7-69	1209-1223	esclusivamente	_	_	_	
7-70	1224-1229	nell’	_	_	_	
7-71	1230-1236	ambito	_	_	_	
7-72	1237-1240	del	_	_	_	
7-73	1241-1253	procedimento	_	_	_	
7-74	1254-1257	per	_	_	_	
7-75	1258-1260	il	_	_	_	
7-76	1261-1266	quale	_	_	_	
7-77	1267-1269	la	_	_	_	
7-78	1270-1278	presente	_	_	_	
7-79	1279-1286	istanza	_	_	_	
7-80	1287-1288	/	_	_	_	
7-81	1289-1302	dichiarazione	_	_	_	
7-82	1303-1308	viene	_	_	_	
7-83	1309-1313	resa	_	_	_	
7-84	1314-1315	.	_	_	_	

#Text=Lì , Potenza Il / La Dichiarante
8-1	1316-1318	Lì	_	_	_	
8-2	1319-1320	,	_	_	_	
8-3	1321-1328	Potenza	LOC	_	_	
8-4	1329-1331	Il	_	_	_	
8-5	1332-1333	/	_	_	_	
8-6	1334-1336	La	_	_	_	
8-7	1337-1348	Dichiarante	_	_	_	
