#FORMAT=WebAnno TSV 3.3
#T_SP=custom.Span|label
#T_RL=custom.Relation|label|BT_custom.Span


#Text=Comune di Andria Provincia di Andria Data 25/05/2019 Autorizzazione per manifestazione temporanea “ Una mela al giorno ” in data 30/07/2019 , in piazza del mercato centrale con capienza superiore a 200 persone .
1-1	0-6	Comune	ENTE[1]	_	_	
1-2	7-9	di	ENTE[1]	_	_	
1-3	10-16	Andria	ENTE[1]	_	_	
1-4	17-26	Provincia	ENTE[2]	_	_	
1-5	27-29	di	ENTE[2]	_	_	
1-6	30-36	Andria	ENTE[2]	_	_	
1-7	37-41	Data	_	_	_	
1-8	42-52	25/05/2019	_	_	_	
1-9	53-67	Autorizzazione	_	_	_	
1-10	68-71	per	_	_	_	
1-11	72-86	manifestazione	_	_	_	
1-12	87-97	temporanea	_	_	_	
1-13	98-99	“	_	_	_	
1-14	100-103	Una	_	_	_	
1-15	104-108	mela	_	_	_	
1-16	109-111	al	_	_	_	
1-17	112-118	giorno	_	_	_	
1-18	119-120	”	_	_	_	
1-19	121-123	in	_	_	_	
1-20	124-128	data	_	_	_	
1-21	129-139	30/07/2019	_	_	_	
1-22	140-141	,	_	_	_	
1-23	142-144	in	_	_	_	
1-24	145-151	piazza	LOC[3]	_	_	
1-25	152-155	del	LOC[3]	_	_	
1-26	156-163	mercato	LOC[3]	_	_	
1-27	164-172	centrale	LOC[3]	_	_	
1-28	173-176	con	_	_	_	
1-29	177-185	capienza	_	_	_	
1-30	186-195	superiore	_	_	_	
1-31	196-197	a	_	_	_	
1-32	198-201	200	_	_	_	
1-33	202-209	persone	_	_	_	
1-34	210-211	.	_	_	_	

#Text=IL DIRIGENTE / RESPONSABILE DEL SERVIZIO Visti : • la domanda del sig. Brunetto Sapio in qualità di legale rappresentante di Sapio SPA con sede legale in via Nazionale 24 85100 Andria Provincia di Andria Partita IVA 1931590762 email brunetto.sapio@sapiospa.eu pec sapiospa@pec.it sito internet www.sapiospa.it presentata in data 25/05/2019 al fine di organizzare una manifestazione temporanea denominata “ Una mela al giorno ” caratterizzata da distribuzione alimentare , da svolgersi nei giorni
2-1	212-214	IL	_	_	_	
2-2	215-224	DIRIGENTE	_	_	_	
2-3	225-226	/	_	_	_	
2-4	227-239	RESPONSABILE	_	_	_	
2-5	240-243	DEL	_	_	_	
2-6	244-252	SERVIZIO	_	_	_	
2-7	253-258	Visti	_	_	_	
2-8	259-260	:	_	_	_	
2-9	261-262	•	_	_	_	
2-10	263-265	la	_	_	_	
2-11	266-273	domanda	_	_	_	
2-12	274-277	del	_	_	_	
2-13	278-282	sig.	_	_	_	
2-14	283-291	Brunetto	PER[4]	personalRole|email	2-19[5_4]|2-40[0_4]	
2-15	292-297	Sapio	PER[4]	_	_	
2-16	298-300	in	_	_	_	
2-17	301-308	qualità	_	_	_	
2-18	309-311	di	_	_	_	
2-19	312-318	legale	ROLE[5]	_	_	
2-20	319-333	rappresentante	ROLE[5]	_	_	
2-21	334-336	di	_	_	_	
2-22	337-342	Sapio	ORG[6]	op|addressR|addressR|addressR|addressR|companyRole|vat|email	2-14[4_6]|2-31[0_6]|2-35[0_6]|2-32[0_6]|2-28[7_6]|2-19[5_6]|2-38[0_6]|2-42[0_6]	
2-23	343-346	SPA	ORG[6]	_	_	
2-24	347-350	con	_	_	_	
2-25	351-355	sede	_	_	_	
2-26	356-362	legale	_	_	_	
2-27	363-365	in	_	_	_	
2-28	366-369	via	LOC[7]	_	_	
2-29	370-379	Nazionale	LOC[7]	_	_	
2-30	380-382	24	LOC[7]	_	_	
2-31	383-388	85100	LOC	_	_	
2-32	389-395	Andria	LOC	_	_	
2-33	396-405	Provincia	_	_	_	
2-34	406-408	di	_	_	_	
2-35	409-415	Andria	LOC	_	_	
2-36	416-423	Partita	_	_	_	
2-37	424-427	IVA	_	_	_	
2-38	428-438	1931590762	NUMBER	_	_	
2-39	439-444	email	_	_	_	
2-40	445-471	brunetto.sapio@sapiospa.eu	EMAIL	_	_	
2-41	472-475	pec	_	_	_	
2-42	476-491	sapiospa@pec.it	EMAIL	_	_	
2-43	492-496	sito	_	_	_	
2-44	497-505	internet	_	_	_	
2-45	506-521	www.sapiospa.it	_	_	_	
2-46	522-532	presentata	_	_	_	
2-47	533-535	in	_	_	_	
2-48	536-540	data	_	_	_	
2-49	541-551	25/05/2019	_	_	_	
2-50	552-554	al	_	_	_	
2-51	555-559	fine	_	_	_	
2-52	560-562	di	_	_	_	
2-53	563-574	organizzare	_	_	_	
2-54	575-578	una	_	_	_	
2-55	579-593	manifestazione	_	_	_	
2-56	594-604	temporanea	_	_	_	
2-57	605-615	denominata	_	_	_	
2-58	616-617	“	_	_	_	
2-59	618-621	Una	_	_	_	
2-60	622-626	mela	_	_	_	
2-61	627-629	al	_	_	_	
2-62	630-636	giorno	_	_	_	
2-63	637-638	”	_	_	_	
2-64	639-653	caratterizzata	_	_	_	
2-65	654-656	da	_	_	_	
2-66	657-670	distribuzione	_	_	_	
2-67	671-681	alimentare	_	_	_	
2-68	682-683	,	_	_	_	
2-69	684-686	da	_	_	_	
2-70	687-696	svolgersi	_	_	_	
2-71	697-700	nei	_	_	_	
2-72	701-707	giorni	_	_	_	
