#FORMAT=WebAnno TSV 3.3
#T_SP=custom.Span|label
#T_RL=custom.Relation|label|BT_custom.Span


#Text=Modulo 1 DICHIARAZIONE SOSTITUTIVA DI ATTO DI NOTORIETA’ ( Art. 47 del D.P.R. 28 dicembre 2000 , N. 445 ) Il sottoscritto Giovanni Camerini a Savona il 03/12/1993 cittadinanza italiana Residente a Savona via Isidoro Bonini n. 56 soggetto responsabile / legale rappresentante della struttura ospedaliera Torregalli consapevole della responsabilità e delle sanzioni penali stabilite dalla Legge per FALSE attestazioni e mendaci dichiarazioni ( art. 76 del DPR 445/2000 ) , e della decadenza dai benefici eventualmente conseguiti al provvedimento emanato sulla base di dichiarazioni non veritiere ( art. 75 del DPR 445/2000 ) , sotto la sua personale responsabilità
1-1	0-6	Modulo	_	_	_	
1-2	7-8	1	_	_	_	
1-3	9-22	DICHIARAZIONE	_	_	_	
1-4	23-34	SOSTITUTIVA	_	_	_	
1-5	35-37	DI	_	_	_	
1-6	38-42	ATTO	_	_	_	
1-7	43-45	DI	_	_	_	
1-8	46-56	NOTORIETA’	_	_	_	
1-9	57-58	(	_	_	_	
1-10	59-63	Art.	LEX[1]	_	_	
1-11	64-66	47	LEX[1]	_	_	
1-12	67-70	del	LEX[1]	_	_	
1-13	71-77	D.P.R.	LEX[1]	_	_	
1-14	78-80	28	LEX[1]	_	_	
1-15	81-89	dicembre	LEX[1]	_	_	
1-16	90-94	2000	LEX[1]	_	_	
1-17	95-96	,	LEX[1]	_	_	
1-18	97-103	N. 445	LEX[1]	_	_	
1-19	104-105	)	_	_	_	
1-20	106-108	Il	_	_	_	
1-21	109-121	sottoscritto	_	_	_	
1-22	122-130	Giovanni	PER[2]	addressR|personalRole|addressR|personalRole|birthDate|birthLoc	1-32[0_2]|1-40[5_2]|1-33[3_2]|1-37[4_2]|1-27[0_2]|1-25[0_2]	
1-23	131-139	Camerini	PER[2]	_	_	
1-24	140-141	a	_	_	_	
1-25	142-148	Savona	LOC	_	_	
1-26	149-151	il	_	_	_	
1-27	152-162	03/12/1993	DATE	_	_	
1-28	163-175	cittadinanza	_	_	_	
1-29	176-184	italiana	_	_	_	
1-30	185-194	Residente	_	_	_	
1-31	195-196	a	_	_	_	
1-32	197-203	Savona	LOC	_	_	
1-33	204-207	via	LOC[3]	_	_	
1-34	208-215	Isidoro	LOC[3]	_	_	
1-35	216-222	Bonini	LOC[3]	_	_	
1-36	223-228	n. 56	LOC[3]	_	_	
1-37	229-237	soggetto	ROLE[4]	_	_	
1-38	238-250	responsabile	ROLE[4]	_	_	
1-39	251-252	/	_	_	_	
1-40	253-259	legale	ROLE[5]	_	_	
1-41	260-274	rappresentante	ROLE[5]	_	_	
1-42	275-280	della	_	_	_	
1-43	281-290	struttura	ENTE[6]	companyRole|companyRole|op	1-40[5_6]|1-37[4_6]|1-22[2_6]	
1-44	291-302	ospedaliera	ENTE[6]	_	_	
1-45	303-313	Torregalli	ENTE[6]	_	_	
1-46	314-325	consapevole	_	_	_	
1-47	326-331	della	_	_	_	
1-48	332-346	responsabilità	_	_	_	
1-49	347-348	e	_	_	_	
1-50	349-354	delle	_	_	_	
1-51	355-363	sanzioni	_	_	_	
1-52	364-370	penali	_	_	_	
1-53	371-380	stabilite	_	_	_	
1-54	381-386	dalla	_	_	_	
1-55	387-392	Legge	_	_	_	
1-56	393-396	per	_	_	_	
1-57	397-402	FALSE	_	_	_	
1-58	403-415	attestazioni	_	_	_	
1-59	416-417	e	_	_	_	
1-60	418-425	mendaci	_	_	_	
1-61	426-439	dichiarazioni	_	_	_	
1-62	440-441	(	_	_	_	
1-63	442-446	art.	LEX[7]	_	_	
1-64	447-449	76	LEX[7]	_	_	
1-65	450-453	del	LEX[7]	_	_	
1-66	454-457	DPR	LEX[7]	_	_	
1-67	458-466	445/2000	LEX[7]	_	_	
1-68	467-468	)	_	_	_	
1-69	469-470	,	_	_	_	
1-70	471-472	e	_	_	_	
1-71	473-478	della	_	_	_	
1-72	479-488	decadenza	_	_	_	
1-73	489-492	dai	_	_	_	
1-74	493-501	benefici	_	_	_	
1-75	502-515	eventualmente	_	_	_	
1-76	516-526	conseguiti	_	_	_	
1-77	527-529	al	_	_	_	
1-78	530-543	provvedimento	_	_	_	
1-79	544-551	emanato	_	_	_	
1-80	552-557	sulla	_	_	_	
1-81	558-562	base	_	_	_	
1-82	563-565	di	_	_	_	
1-83	566-579	dichiarazioni	_	_	_	
1-84	580-583	non	_	_	_	
1-85	584-593	veritiere	_	_	_	
1-86	594-595	(	_	_	_	
1-87	596-600	art.	LEX[8]	_	_	
1-88	601-603	75	LEX[8]	_	_	
1-89	604-607	del	LEX[8]	_	_	
1-90	608-611	DPR	LEX[8]	_	_	
1-91	612-620	445/2000	LEX[8]	_	_	
1-92	621-622	)	_	_	_	
1-93	623-624	,	_	_	_	
1-94	625-630	sotto	_	_	_	
1-95	631-633	la	_	_	_	
1-96	634-637	sua	_	_	_	
1-97	638-647	personale	_	_	_	
1-98	648-662	responsabilità	_	_	_	
