#FORMAT=WebAnno TSV 3.3
#T_SP=custom.Span|label
#T_RL=custom.Relation|label|BT_custom.Span


#Text=Comune di Oristano Provincia di Oristano Istanza dell’ accesso documentale
1-1	0-6	Comune	ENTE[1]	_	_	
1-2	7-9	di	ENTE[1]	_	_	
1-3	10-18	Oristano	ENTE[1]	_	_	
1-4	19-28	Provincia	ENTE[2]	_	_	
1-5	29-31	di	ENTE[2]	_	_	
1-6	32-40	Oristano	ENTE[2]	_	_	
1-7	41-48	Istanza	_	_	_	
1-8	49-54	dell’	_	_	_	
1-9	55-62	accesso	_	_	_	
1-10	63-74	documentale	_	_	_	

#Text=Al comune di Oristano
2-1	75-77	Al	_	_	_	
2-2	78-84	comune	ENTE[3]	_	_	
2-3	85-87	di	ENTE[3]	_	_	
2-4	88-96	Oristano	ENTE[3]	_	_	

#Text=Io sottoscritto / a Francesca Alessi nato / a il 29/04/1992 in ( comune di nascita ) Oristano e residente in ( comune di residenza ) Oristano CHIEDO DI Ricevere documenti e comunicazioni relative alla presente istanza in Oristano Via della Scala n. civ. 11 CAP 9170 Comune Oristano Tel. 0782 212134 Cell. 347 0122234 e-mail / PEC falessi@libero.it Poter consultare i seguenti documenti :
3-1	97-99	Io	_	_	_	
3-2	100-112	sottoscritto	_	_	_	
3-3	113-114	/	_	_	_	
3-4	115-116	a	_	_	_	
3-5	117-126	Francesca	PER[4]	addressR|addressR|addressR|addressR|birthLoc|addressR|email|birthDate|tel|tel	3-39[0_4]|3-47[0_4]|3-49[0_4]|3-40[5_4]|3-18[0_4]|3-27[0_4]|3-57[0_4]|3-11[0_4]|3-53[0_4]|3-51[0_4]	
3-6	127-133	Alessi	PER[4]	_	_	
3-7	134-138	nato	_	_	_	
3-8	139-140	/	_	_	_	
3-9	141-142	a	_	_	_	
3-10	143-145	il	_	_	_	
3-11	146-156	29/04/1992	DATE	_	_	
3-12	157-159	in	_	_	_	
3-13	160-161	(	_	_	_	
3-14	162-168	comune	_	_	_	
3-15	169-171	di	_	_	_	
3-16	172-179	nascita	_	_	_	
3-17	180-181	)	_	_	_	
3-18	182-190	Oristano	LOC	_	_	
3-19	191-192	e	_	_	_	
3-20	193-202	residente	_	_	_	
3-21	203-205	in	_	_	_	
3-22	206-207	(	_	_	_	
3-23	208-214	comune	_	_	_	
3-24	215-217	di	_	_	_	
3-25	218-227	residenza	_	_	_	
3-26	228-229	)	_	_	_	
3-27	230-238	Oristano	LOC	_	_	
3-28	239-245	CHIEDO	_	_	_	
3-29	246-248	DI	_	_	_	
3-30	249-257	Ricevere	_	_	_	
3-31	258-267	documenti	_	_	_	
3-32	268-269	e	_	_	_	
3-33	270-283	comunicazioni	_	_	_	
3-34	284-292	relative	_	_	_	
3-35	293-297	alla	_	_	_	
3-36	298-306	presente	_	_	_	
3-37	307-314	istanza	_	_	_	
3-38	315-317	in	_	_	_	
3-39	318-326	Oristano	LOC	_	_	
3-40	327-330	Via	LOC[5]	_	_	
3-41	331-336	della	LOC[5]	_	_	
3-42	337-342	Scala	LOC[5]	_	_	
3-43	343-345	n.	LOC[5]	_	_	
3-44	346-350	civ.	LOC[5]	_	_	
3-45	351-353	11	LOC[5]	_	_	
3-46	354-357	CAP	_	_	_	
3-47	358-362	9170	LOC	_	_	
3-48	363-369	Comune	_	_	_	
3-49	370-378	Oristano	LOC	_	_	
3-50	379-383	Tel.	_	_	_	
3-51	384-395	0782 212134	NUMBER	_	_	
3-52	396-401	Cell.	_	_	_	
3-53	402-413	347 0122234	NUMBER	_	_	
3-54	414-420	e-mail	_	_	_	
3-55	421-422	/	_	_	_	
3-56	423-426	PEC	_	_	_	
3-57	427-444	falessi@libero.it	EMAIL	_	_	
3-58	445-450	Poter	_	_	_	
3-59	451-461	consultare	_	_	_	
3-60	462-463	i	_	_	_	
3-61	464-472	seguenti	_	_	_	
3-62	473-482	documenti	_	_	_	
3-63	483-484	:	_	_	_	

#Text=Poter avere copia dei seguenti documenti :
4-1	485-490	Poter	_	_	_	
4-2	491-496	avere	_	_	_	
4-3	497-502	copia	_	_	_	
4-4	503-506	dei	_	_	_	
4-5	507-515	seguenti	_	_	_	
4-6	516-525	documenti	_	_	_	
4-7	526-527	:	_	_	_	

#Text=[ Inserire qui la sommaria descrizione dei documenti che si stanno ricercando ]
5-1	528-529	[	_	_	_	
5-2	530-538	Inserire	_	_	_	
5-3	539-542	qui	_	_	_	
5-4	543-545	la	_	_	_	
5-5	546-554	sommaria	_	_	_	
5-6	555-566	descrizione	_	_	_	
5-7	567-570	dei	_	_	_	
5-8	571-580	documenti	_	_	_	
5-9	581-584	che	_	_	_	
5-10	585-587	si	_	_	_	
5-11	588-594	stanno	_	_	_	
5-12	595-605	ricercando	_	_	_	
5-13	606-607	]	_	_	_	
