#FORMAT=WebAnno TSV 3.3
#T_SP=custom.Span|label
#T_RL=custom.Relation|label|BT_custom.Span


#Text=Comune di Verona ( Prov. VE )
1-1	0-6	Comune	ENTE[1]	_	_	
1-2	7-9	di	ENTE[1]	_	_	
1-3	10-16	Verona	ENTE[1]	_	_	
1-4	17-18	(	_	_	_	
1-5	19-24	Prov.	_	_	_	
1-6	25-27	VE	LOC	_	_	
1-7	28-29	)	_	_	_	

#Text=UFFICIO DELLO STATO CIVILE Prot. 123 Data 17/09/2013
2-1	30-37	UFFICIO	_	_	_	
2-2	38-43	DELLO	_	_	_	
2-3	44-49	STATO	_	_	_	
2-4	50-56	CIVILE	_	_	_	
2-5	57-62	Prot.	LEX[2]	_	_	
2-6	63-66	123	LEX[2]	_	_	
2-7	67-71	Data	LEX[2]	_	_	
2-8	72-82	17/09/2013	LEX[2]	_	_	

#Text=INVITO FORMALE A COMPARIRE NON PRIMA DI 30 GIORNI PER CONFERMARE L’ ACCORDO .
3-1	83-89	INVITO	_	_	_	
3-2	90-97	FORMALE	_	_	_	
3-3	98-99	A	_	_	_	
3-4	100-109	COMPARIRE	_	_	_	
3-5	110-113	NON	_	_	_	
3-6	114-119	PRIMA	_	_	_	
3-7	120-122	DI	_	_	_	
3-8	123-125	30	_	_	_	
3-9	126-132	GIORNI	_	_	_	
3-10	133-136	PER	_	_	_	
3-11	137-147	CONFERMARE	_	_	_	
3-12	148-150	L’	_	_	_	
3-13	151-158	ACCORDO	_	_	_	
3-14	159-160	.	_	_	_	

#Text=L’ UFFICIALE DI STATO CIVILE
4-1	161-163	L’	_	_	_	
4-2	164-173	UFFICIALE	_	_	_	
4-3	174-176	DI	_	_	_	
4-4	177-182	STATO	_	_	_	
4-5	183-189	CIVILE	_	_	_	

#Text=Preso atto che oggi 17/09/2013 sono comparsi , come risulta da apposito verbale iscritto in questi registri di matrimonio al n. 4 della parte II serie C dell’ anno 2020 : ( Il marito ) cognome Montanari nome Diego nato a Verona il 02/01/1994 e ( La moglie ) cognome Carrai nome Delia nata a Roma il 02/01/1995 ( eventualmente ) assistiti dai rispettivi legali per dichiarare :
5-1	190-195	Preso	_	_	_	
5-2	196-200	atto	_	_	_	
5-3	201-204	che	_	_	_	
5-4	205-209	oggi	_	_	_	
5-5	210-220	17/09/2013	_	_	_	
5-6	221-225	sono	_	_	_	
5-7	226-234	comparsi	_	_	_	
5-8	235-236	,	_	_	_	
5-9	237-241	come	_	_	_	
5-10	242-249	risulta	_	_	_	
5-11	250-252	da	_	_	_	
5-12	253-261	apposito	_	_	_	
5-13	262-269	verbale	_	_	_	
5-14	270-278	iscritto	_	_	_	
5-15	279-281	in	_	_	_	
5-16	282-288	questi	_	_	_	
5-17	289-297	registri	_	_	_	
5-18	298-300	di	_	_	_	
5-19	301-311	matrimonio	_	_	_	
5-20	312-314	al	_	_	_	
5-21	315-319	n. 4	_	_	_	
5-22	320-325	della	_	_	_	
5-23	326-331	parte	_	_	_	
5-24	332-334	II	_	_	_	
5-25	335-340	serie	_	_	_	
5-26	341-342	C	_	_	_	
5-27	343-348	dell’	_	_	_	
5-28	349-353	anno	_	_	_	
5-29	354-358	2020	_	_	_	
5-30	359-360	:	_	_	_	
5-31	361-362	(	_	_	_	
5-32	363-365	Il	_	_	_	
5-33	366-372	marito	ROLE	_	_	
5-34	373-374	)	_	_	_	
5-35	375-382	cognome	_	_	_	
5-36	383-392	Montanari	PER	birthDate|name|birthLoc|relative|personalRole	5-43|5-38|5-41|5-50|5-33	
5-37	393-397	nome	_	_	_	
5-38	398-403	Diego	PER	_	_	
5-39	404-408	nato	_	_	_	
5-40	409-410	a	_	_	_	
5-41	411-417	Verona	LOC	_	_	
5-42	418-420	il	_	_	_	
5-43	421-431	02/01/1994	DATE	_	_	
5-44	432-433	e	_	_	_	
5-45	434-435	(	_	_	_	
5-46	436-438	La	_	_	_	
5-47	439-445	moglie	ROLE	_	_	
5-48	446-447	)	_	_	_	
5-49	448-455	cognome	_	_	_	
5-50	456-462	Carrai	PER	birthDate|name|birthLoc|personalRole	5-57|5-52|5-55|5-47	
5-51	463-467	nome	_	_	_	
5-52	468-473	Delia	PER	_	_	
5-53	474-478	nata	_	_	_	
5-54	479-480	a	_	_	_	
5-55	481-485	Roma	LOC	_	_	
5-56	486-488	il	_	_	_	
5-57	489-499	02/01/1995	DATE	_	_	
5-58	500-501	(	_	_	_	
5-59	502-515	eventualmente	_	_	_	
5-60	516-517	)	_	_	_	
5-61	518-527	assistiti	_	_	_	
5-62	528-531	dai	_	_	_	
5-63	532-542	rispettivi	_	_	_	
5-64	543-549	legali	_	_	_	
5-65	550-553	per	_	_	_	
5-66	554-564	dichiarare	_	_	_	
5-67	565-566	:	_	_	_	

#Text=la separazione consensuale tra coniugi lo scioglimento consensuale del matrimonio la cessazione degli effetti civili di matrimonio religioso trascritto del loro matrimonio celebrato a Verona e trascritto ( o iscritto ) nei registri di matrimonio di questo comune ( o del comune di Verona ) al n. 127 dell’ anno 2020 alla parte C serie 3 lett. 12 .
6-1	567-569	la	_	_	_	
6-2	570-581	separazione	_	_	_	
6-3	582-593	consensuale	_	_	_	
6-4	594-597	tra	_	_	_	
6-5	598-605	coniugi	_	_	_	
6-6	606-608	lo	_	_	_	
6-7	609-621	scioglimento	_	_	_	
6-8	622-633	consensuale	_	_	_	
6-9	634-637	del	_	_	_	
6-10	638-648	matrimonio	_	_	_	
6-11	649-651	la	_	_	_	
6-12	652-662	cessazione	_	_	_	
6-13	663-668	degli	_	_	_	
6-14	669-676	effetti	_	_	_	
6-15	677-683	civili	_	_	_	
6-16	684-686	di	_	_	_	
6-17	687-697	matrimonio	_	_	_	
6-18	698-707	religioso	_	_	_	
6-19	708-718	trascritto	_	_	_	
6-20	719-722	del	_	_	_	
6-21	723-727	loro	_	_	_	
6-22	728-738	matrimonio	_	_	_	
6-23	739-748	celebrato	_	_	_	
6-24	749-750	a	_	_	_	
6-25	751-757	Verona	LOC	_	_	
6-26	758-759	e	_	_	_	
6-27	760-770	trascritto	_	_	_	
6-28	771-772	(	_	_	_	
6-29	773-774	o	_	_	_	
6-30	775-783	iscritto	_	_	_	
6-31	784-785	)	_	_	_	
6-32	786-789	nei	_	_	_	
6-33	790-798	registri	_	_	_	
6-34	799-801	di	_	_	_	
6-35	802-812	matrimonio	_	_	_	
6-36	813-815	di	_	_	_	
6-37	816-822	questo	_	_	_	
6-38	823-829	comune	_	_	_	
6-39	830-831	(	_	_	_	
6-40	832-833	o	_	_	_	
6-41	834-837	del	_	_	_	
6-42	838-844	comune	ENTE[3]	_	_	
6-43	845-847	di	ENTE[3]	_	_	
6-44	848-854	Verona	ENTE[3]	_	_	
6-45	855-856	)	_	_	_	
6-46	857-859	al	_	_	_	
6-47	860-866	n. 127	_	_	_	
6-48	867-872	dell’	_	_	_	
6-49	873-877	anno	_	_	_	
6-50	878-882	2020	_	_	_	
6-51	883-887	alla	_	_	_	
6-52	888-893	parte	_	_	_	
6-53	894-895	C	_	_	_	
6-54	896-901	serie	_	_	_	
6-55	902-903	3	_	_	_	
6-56	904-909	lett.	_	_	_	
6-57	910-912	12	_	_	_	
6-58	913-914	.	_	_	_	

#Text=invito i suddetti coniugi ( e i loro avvocati ) a comparire in questo ufficio non prima di trenta giorni da oggi per confermare quanto da loro dichiarato ed assieme alle parti stabiliamo il giorno , mese e anno come termine oltre il quale il suddetto accordo si riterrà non confermato e quindi non produttivo di effetti .
7-1	915-921	invito	_	_	_	
7-2	922-923	i	_	_	_	
7-3	924-932	suddetti	_	_	_	
7-4	933-940	coniugi	_	_	_	
7-5	941-942	(	_	_	_	
7-6	943-944	e	_	_	_	
7-7	945-946	i	_	_	_	
7-8	947-951	loro	_	_	_	
7-9	952-960	avvocati	_	_	_	
7-10	961-962	)	_	_	_	
7-11	963-964	a	_	_	_	
7-12	965-974	comparire	_	_	_	
7-13	975-977	in	_	_	_	
7-14	978-984	questo	_	_	_	
7-15	985-992	ufficio	_	_	_	
7-16	993-996	non	_	_	_	
7-17	997-1002	prima	_	_	_	
7-18	1003-1005	di	_	_	_	
7-19	1006-1012	trenta	_	_	_	
7-20	1013-1019	giorni	_	_	_	
7-21	1020-1022	da	_	_	_	
7-22	1023-1027	oggi	_	_	_	
7-23	1028-1031	per	_	_	_	
7-24	1032-1042	confermare	_	_	_	
7-25	1043-1049	quanto	_	_	_	
7-26	1050-1052	da	_	_	_	
7-27	1053-1057	loro	_	_	_	
7-28	1058-1068	dichiarato	_	_	_	
7-29	1069-1071	ed	_	_	_	
7-30	1072-1079	assieme	_	_	_	
7-31	1080-1084	alle	_	_	_	
7-32	1085-1090	parti	_	_	_	
7-33	1091-1101	stabiliamo	_	_	_	
7-34	1102-1104	il	_	_	_	
7-35	1105-1111	giorno	_	_	_	
7-36	1112-1113	,	_	_	_	
7-37	1114-1118	mese	_	_	_	
7-38	1119-1120	e	_	_	_	
7-39	1121-1125	anno	_	_	_	
7-40	1126-1130	come	_	_	_	
7-41	1131-1138	termine	_	_	_	
7-42	1139-1144	oltre	_	_	_	
7-43	1145-1147	il	_	_	_	
7-44	1148-1153	quale	_	_	_	
7-45	1154-1156	il	_	_	_	
7-46	1157-1165	suddetto	_	_	_	
7-47	1166-1173	accordo	_	_	_	
7-48	1174-1176	si	_	_	_	
7-49	1177-1184	riterrà	_	_	_	
7-50	1185-1188	non	_	_	_	
7-51	1189-1199	confermato	_	_	_	
7-52	1200-1201	e	_	_	_	
7-53	1202-1208	quindi	_	_	_	
7-54	1209-1212	non	_	_	_	
7-55	1213-1223	produttivo	_	_	_	
7-56	1224-1226	di	_	_	_	
7-57	1227-1234	effetti	_	_	_	
7-58	1235-1236	.	_	_	_	
