#FORMAT=WebAnno TSV 3.3
#T_SP=custom.Span|label
#T_RL=custom.Relation|label|BT_custom.Span


#Text=AL COMUNE DI FERMO
1-1	0-2	AL	_	_	_	
1-2	3-9	COMUNE	ENTE[1]	_	_	
1-3	10-12	DI	ENTE[1]	_	_	
1-4	13-18	FERMO	ENTE[1]	_	_	

#Text=OGGETTO : Domanda di iscrizione nell’ elenco dei Giudici Popolari .
2-1	19-26	OGGETTO	_	_	_	
2-2	27-28	:	_	_	_	
2-3	29-36	Domanda	_	_	_	
2-4	37-39	di	_	_	_	
2-5	40-50	iscrizione	_	_	_	
2-6	51-56	nell’	_	_	_	
2-7	57-63	elenco	_	_	_	
2-8	64-67	dei	_	_	_	
2-9	68-75	Giudici	_	_	_	
2-10	76-84	Popolari	_	_	_	
2-11	85-86	.	_	_	_	

#Text=Il / la sottoscritto / a Granelli Claudio Federico Nato / a a Fermo il 09/07/1984 cittadino italiano , di buona condotta morale ed in godimento dei diritti civili e politici , di professione Ingegnere , residente in codesto Comune , via delle Marmore , n. 24 , in possesso del titolo finale di studio di Ingegnere , conseguito il 31/05/2021 presso Università degli studi della Basilicata , con sede in Potenza , ritenendo di essere in possesso di tutti i requisiti voluti dalla legge 10 aprile 1951 , n. 287 , e successive modificazioni ed integrazioni per la iscrizione nell’ elenco dei Giudici Popolari :
3-1	87-89	Il	_	_	_	
3-2	90-91	/	_	_	_	
3-3	92-94	la	_	_	_	
3-4	95-107	sottoscritto	_	_	_	
3-5	108-109	/	_	_	_	
3-6	110-111	a	_	_	_	
3-7	112-120	Granelli	PER[2]	addressR|birthLoc|birthDate	3-42[3_2]|3-14[0_2]|3-16[0_2]	
3-8	121-128	Claudio	PER[2]	_	_	
3-9	129-137	Federico	PER[2]	_	_	
3-10	138-142	Nato	_	_	_	
3-11	143-144	/	_	_	_	
3-12	145-146	a	_	_	_	
3-13	147-148	a	_	_	_	
3-14	149-154	Fermo	LOC	_	_	
3-15	155-157	il	_	_	_	
3-16	158-168	09/07/1984	DATE	_	_	
3-17	169-178	cittadino	_	_	_	
3-18	179-187	italiano	_	_	_	
3-19	188-189	,	_	_	_	
3-20	190-192	di	_	_	_	
3-21	193-198	buona	_	_	_	
3-22	199-207	condotta	_	_	_	
3-23	208-214	morale	_	_	_	
3-24	215-217	ed	_	_	_	
3-25	218-220	in	_	_	_	
3-26	221-230	godimento	_	_	_	
3-27	231-234	dei	_	_	_	
3-28	235-242	diritti	_	_	_	
3-29	243-249	civili	_	_	_	
3-30	250-251	e	_	_	_	
3-31	252-260	politici	_	_	_	
3-32	261-262	,	_	_	_	
3-33	263-265	di	_	_	_	
3-34	266-277	professione	_	_	_	
3-35	278-287	Ingegnere	_	_	_	
3-36	288-289	,	_	_	_	
3-37	290-299	residente	_	_	_	
3-38	300-302	in	_	_	_	
3-39	303-310	codesto	_	_	_	
3-40	311-317	Comune	_	_	_	
3-41	318-319	,	_	_	_	
3-42	320-323	via	LOC[3]	_	_	
3-43	324-329	delle	LOC[3]	_	_	
3-44	330-337	Marmore	LOC[3]	_	_	
3-45	338-339	,	LOC[3]	_	_	
3-46	340-342	n.	LOC[3]	_	_	
3-47	343-345	24	LOC[3]	_	_	
3-48	346-347	,	_	_	_	
3-49	348-350	in	_	_	_	
3-50	351-359	possesso	_	_	_	
3-51	360-363	del	_	_	_	
3-52	364-370	titolo	_	_	_	
3-53	371-377	finale	_	_	_	
3-54	378-380	di	_	_	_	
3-55	381-387	studio	_	_	_	
3-56	388-390	di	_	_	_	
3-57	391-400	Ingegnere	_	_	_	
3-58	401-402	,	_	_	_	
3-59	403-413	conseguito	_	_	_	
3-60	414-416	il	_	_	_	
3-61	417-427	31/05/2021	_	_	_	
3-62	428-434	presso	_	_	_	
3-63	435-445	Università	ENTE[4]	addressR	3-72[0_4]	
3-64	446-451	degli	ENTE[4]	_	_	
3-65	452-457	studi	ENTE[4]	_	_	
3-66	458-463	della	ENTE[4]	_	_	
3-67	464-474	Basilicata	ENTE[4]	_	_	
3-68	475-476	,	_	_	_	
3-69	477-480	con	_	_	_	
3-70	481-485	sede	_	_	_	
3-71	486-488	in	_	_	_	
3-72	489-496	Potenza	LOC	_	_	
3-73	497-498	,	_	_	_	
3-74	499-508	ritenendo	_	_	_	
3-75	509-511	di	_	_	_	
3-76	512-518	essere	_	_	_	
3-77	519-521	in	_	_	_	
3-78	522-530	possesso	_	_	_	
3-79	531-533	di	_	_	_	
3-80	534-539	tutti	_	_	_	
3-81	540-541	i	_	_	_	
3-82	542-551	requisiti	_	_	_	
3-83	552-558	voluti	_	_	_	
3-84	559-564	dalla	_	_	_	
3-85	565-570	legge	LEX[5]	_	_	
3-86	571-573	10	LEX[5]	_	_	
3-87	574-580	aprile	LEX[5]	_	_	
3-88	581-585	1951	LEX[5]	_	_	
3-89	586-587	,	LEX[5]	_	_	
3-90	588-590	n.	LEX[5]	_	_	
3-91	591-594	287	LEX[5]	_	_	
3-92	595-596	,	_	_	_	
3-93	597-598	e	_	_	_	
3-94	599-609	successive	_	_	_	
3-95	610-623	modificazioni	_	_	_	
3-96	624-626	ed	_	_	_	
3-97	627-639	integrazioni	_	_	_	
3-98	640-643	per	_	_	_	
3-99	644-646	la	_	_	_	
3-100	647-657	iscrizione	_	_	_	
3-101	658-663	nell’	_	_	_	
3-102	664-670	elenco	_	_	_	
3-103	671-674	dei	_	_	_	
3-104	675-682	Giudici	_	_	_	
3-105	683-691	Popolari	_	_	_	
3-106	692-693	:	_	_	_	
