#FORMAT=WebAnno TSV 3.3
#T_SP=custom.Span|label
#T_RL=custom.Relation|label|BT_custom.Span


#Text=ALL 9
1-1	0-3	ALL	_	_	_	
1-2	4-5	9	_	_	_	

#Text=OGGETTO : Dissequestro e nulla-osta alla restituzione del veicolo e rimozione dei sigilli : Tipo Targa / Telaio LO398HN
2-1	6-13	OGGETTO	_	_	_	
2-2	14-15	:	_	_	_	
2-3	16-28	Dissequestro	_	_	_	
2-4	29-30	e	_	_	_	
2-5	31-41	nulla-osta	_	_	_	
2-6	42-46	alla	_	_	_	
2-7	47-59	restituzione	_	_	_	
2-8	60-63	del	_	_	_	
2-9	64-71	veicolo	_	_	_	
2-10	72-73	e	_	_	_	
2-11	74-83	rimozione	_	_	_	
2-12	84-87	dei	_	_	_	
2-13	88-95	sigilli	_	_	_	
2-14	96-97	:	_	_	_	
2-15	98-102	Tipo	_	_	_	
2-16	103-108	Targa	_	_	_	
2-17	109-110	/	_	_	_	
2-18	111-117	Telaio	_	_	_	
2-19	118-125	LO398HN	_	_	_	

#Text=L’ anno 2021 addì 28 del mese di Luglio alle ore 13 negli Uffici in intestazione , Innanzi al sottoscritto Nicola Manni appartenente al predetto ufficio , è presente Marta Debolini nata a Rimini il 31/06/1975 residente ad Ancona identificato a mezzo carta di identità n. AU648587 rilasciata da Comune di Ancona telefono 9711652848 email martadebo@gmail.it pec martadebo@pec.it al quale viene restituito il veicolo in oggetto indicato sottoposto a sequestro amministrativo in data 23/07/2021 ai sensi dell’ art. 34 Il dissequestro viene operato in quanto :
3-1	126-128	L’	_	_	_	
3-2	129-133	anno	_	_	_	
3-3	134-138	2021	_	_	_	
3-4	139-143	addì	_	_	_	
3-5	144-146	28	_	_	_	
3-6	147-150	del	_	_	_	
3-7	151-155	mese	_	_	_	
3-8	156-158	di	_	_	_	
3-9	159-165	Luglio	_	_	_	
3-10	166-170	alle	_	_	_	
3-11	171-174	ore	_	_	_	
3-12	175-177	13	_	_	_	
3-13	178-183	negli	_	_	_	
3-14	184-190	Uffici	_	_	_	
3-15	191-193	in	_	_	_	
3-16	194-206	intestazione	_	_	_	
3-17	207-208	,	_	_	_	
3-18	209-216	Innanzi	_	_	_	
3-19	217-219	al	_	_	_	
3-20	220-232	sottoscritto	_	_	_	
3-21	233-239	Nicola	PER[1]	_	_	
3-22	240-245	Manni	PER[1]	_	_	
3-23	246-258	appartenente	_	_	_	
3-24	259-261	al	_	_	_	
3-25	262-270	predetto	_	_	_	
3-26	271-278	ufficio	_	_	_	
3-27	279-280	,	_	_	_	
3-28	281-282	è	_	_	_	
3-29	283-291	presente	_	_	_	
3-30	292-297	Marta	PER[2]	docType|email|birthDate|tel|birthLoc|email|addressR	3-43[3_2]|3-56[0_2]|3-36[0_2]|3-54[0_2]|3-34[0_2]|3-58[0_2]|3-39[0_2]	
3-31	298-306	Debolini	PER[2]	_	_	
3-32	307-311	nata	_	_	_	
3-33	312-313	a	_	_	_	
3-34	314-320	Rimini	LOC	_	_	
3-35	321-323	il	_	_	_	
3-36	324-334	31/06/1975	DATE	_	_	
3-37	335-344	residente	_	_	_	
3-38	345-347	ad	_	_	_	
3-39	348-354	Ancona	LOC	_	_	
3-40	355-367	identificato	_	_	_	
3-41	368-369	a	_	_	_	
3-42	370-375	mezzo	_	_	_	
3-43	376-381	carta	DOCTYPE[3]	docIssueLoc|docID	3-50[4_3]|3-47[0_3]	
3-44	382-384	di	DOCTYPE[3]	_	_	
3-45	385-393	identità	DOCTYPE[3]	_	_	
3-46	394-396	n.	_	_	_	
3-47	397-405	AU648587	NUMBER	_	_	
3-48	406-416	rilasciata	_	_	_	
3-49	417-419	da	_	_	_	
3-50	420-426	Comune	ENTE[4]	_	_	
3-51	427-429	di	ENTE[4]	_	_	
3-52	430-436	Ancona	ENTE[4]	_	_	
3-53	437-445	telefono	_	_	_	
3-54	446-456	9711652848	NUMBER	_	_	
3-55	457-462	email	_	_	_	
3-56	463-481	martadebo@gmail.it	EMAIL	_	_	
3-57	482-485	pec	_	_	_	
3-58	486-502	martadebo@pec.it	EMAIL	_	_	
3-59	503-505	al	_	_	_	
3-60	506-511	quale	_	_	_	
3-61	512-517	viene	_	_	_	
3-62	518-528	restituito	_	_	_	
3-63	529-531	il	_	_	_	
3-64	532-539	veicolo	_	_	_	
3-65	540-542	in	_	_	_	
3-66	543-550	oggetto	_	_	_	
3-67	551-559	indicato	_	_	_	
3-68	560-570	sottoposto	_	_	_	
3-69	571-572	a	_	_	_	
3-70	573-582	sequestro	_	_	_	
3-71	583-597	amministrativo	_	_	_	
3-72	598-600	in	_	_	_	
3-73	601-605	data	_	_	_	
3-74	606-616	23/07/2021	_	_	_	
3-75	617-619	ai	_	_	_	
3-76	620-625	sensi	_	_	_	
3-77	626-631	dell’	_	_	_	
3-78	632-636	art.	_	_	_	
3-79	637-639	34	_	_	_	
3-80	640-642	Il	_	_	_	
3-81	643-655	dissequestro	_	_	_	
3-82	656-661	viene	_	_	_	
3-83	662-669	operato	_	_	_	
3-84	670-672	in	_	_	_	
3-85	673-679	quanto	_	_	_	
3-86	680-681	:	_	_	_	
