#FORMAT=WebAnno TSV 3.3
#T_SP=custom.Span|label
#T_RL=custom.Relation|label|BT_custom.Span


#Text=OGGETTO : Richiesta di illuminazione votiva .
1-1	0-7	OGGETTO	_	_	_	
1-2	8-9	:	_	_	_	
1-3	10-19	Richiesta	_	_	_	
1-4	20-22	di	_	_	_	
1-5	23-36	illuminazione	_	_	_	
1-6	37-43	votiva	_	_	_	
1-7	44-45	.	_	_	_	

#Text=Il sottoscritto Leonardo Bruschi nato a Livorno , prov. LI ; il 8/3/46 residente a Roma via Napoleone Bonaparte n. 11 Codice fiscale BRSLRD46M03E625V tel. 0586 467894 CHIEDE per sé e suoi eredi , la convenzione per n. 6 lampade per la illuminazione votiva :
2-1	46-48	Il	_	_	_	
2-2	49-61	sottoscritto	_	_	_	
2-3	62-70	Leonardo	PER[1]	addressR|addressR|cf|birthLoc|birthDate|tel|birthLoc	2-16[0_1]|2-17[2_1]|2-23[0_1]|2-7[0_1]|2-13[0_1]|2-25[0_1]|2-10[0_1]	
2-4	71-78	Bruschi	PER[1]	_	_	
2-5	79-83	nato	_	_	_	
2-6	84-85	a	_	_	_	
2-7	86-93	Livorno	LOC	_	_	
2-8	94-95	,	_	_	_	
2-9	96-101	prov.	_	_	_	
2-10	102-104	LI	LOC	_	_	
2-11	105-106	;	_	_	_	
2-12	107-109	il	_	_	_	
2-13	110-116	8/3/46	DATE	_	_	
2-14	117-126	residente	_	_	_	
2-15	127-128	a	_	_	_	
2-16	129-133	Roma	LOC	_	_	
2-17	134-137	via	LOC[2]	_	_	
2-18	138-147	Napoleone	LOC[2]	_	_	
2-19	148-157	Bonaparte	LOC[2]	_	_	
2-20	158-163	n. 11	LOC[2]	_	_	
2-21	164-170	Codice	_	_	_	
2-22	171-178	fiscale	_	_	_	
2-23	179-195	BRSLRD46M03E625V	CF	_	_	
2-24	196-200	tel.	_	_	_	
2-25	201-212	0586 467894	NUMBER	_	_	
2-26	213-219	CHIEDE	_	_	_	
2-27	220-223	per	_	_	_	
2-28	224-226	sé	_	_	_	
2-29	227-228	e	_	_	_	
2-30	229-233	suoi	_	_	_	
2-31	234-239	eredi	_	_	_	
2-32	240-241	,	_	_	_	
2-33	242-244	la	_	_	_	
2-34	245-256	convenzione	_	_	_	
2-35	257-260	per	_	_	_	
2-36	261-263	n.	_	_	_	
2-37	264-265	6	_	_	_	
2-38	266-273	lampade	_	_	_	
2-39	274-277	per	_	_	_	
2-40	278-280	la	_	_	_	
2-41	281-294	illuminazione	_	_	_	
2-42	295-301	votiva	_	_	_	
2-43	302-303	:	_	_	_	

#Text=nel cimitero del Verano , Roma .
3-1	304-307	nel	_	_	_	
3-2	308-316	cimitero	LOC[3]	_	_	
3-3	317-320	del	LOC[3]	_	_	
3-4	321-327	Verano	LOC[3]	_	_	
3-5	328-329	,	_	_	_	
3-6	330-334	Roma	LOC	_	_	
3-7	335-336	.	_	_	_	

#Text=DICHIARA 1 ° di essere a perfetta conoscenza delle norme e condizioni previste dal vigente “ Regolamento comunale per la illuminazione votiva ” , impegnandosi di rispettarle tutte incondizionatamente ;
4-1	337-345	DICHIARA	_	_	_	
4-2	346-347	1	_	_	_	
4-3	348-349	°	_	_	_	
4-4	350-352	di	_	_	_	
4-5	353-359	essere	_	_	_	
4-6	360-361	a	_	_	_	
4-7	362-370	perfetta	_	_	_	
4-8	371-381	conoscenza	_	_	_	
4-9	382-387	delle	_	_	_	
4-10	388-393	norme	_	_	_	
4-11	394-395	e	_	_	_	
4-12	396-406	condizioni	_	_	_	
4-13	407-415	previste	_	_	_	
4-14	416-419	dal	_	_	_	
4-15	420-427	vigente	_	_	_	
4-16	428-429	“	_	_	_	
4-17	430-441	Regolamento	_	_	_	
4-18	442-450	comunale	_	_	_	
4-19	451-454	per	_	_	_	
4-20	455-457	la	_	_	_	
4-21	458-471	illuminazione	_	_	_	
4-22	472-478	votiva	_	_	_	
4-23	479-480	”	_	_	_	
4-24	481-482	,	_	_	_	
4-25	483-495	impegnandosi	_	_	_	
4-26	496-498	di	_	_	_	
4-27	499-510	rispettarle	_	_	_	
4-28	511-516	tutte	_	_	_	
4-29	517-536	incondizionatamente	_	_	_	
4-30	537-538	;	_	_	_	

#Text=2 ° di avere già presa visione dello schema di convenzione e di approvare , incondizionatamente , tutte le clausole e condizioni ;
5-1	539-540	2	_	_	_	
5-2	541-542	°	_	_	_	
5-3	543-545	di	_	_	_	
5-4	546-551	avere	_	_	_	
5-5	552-555	già	_	_	_	
5-6	556-561	presa	_	_	_	
5-7	562-569	visione	_	_	_	
5-8	570-575	dello	_	_	_	
5-9	576-582	schema	_	_	_	
5-10	583-585	di	_	_	_	
5-11	586-597	convenzione	_	_	_	
5-12	598-599	e	_	_	_	
5-13	600-602	di	_	_	_	
5-14	603-612	approvare	_	_	_	
5-15	613-614	,	_	_	_	
5-16	615-634	incondizionatamente	_	_	_	
5-17	635-636	,	_	_	_	
5-18	637-642	tutte	_	_	_	
5-19	643-645	le	_	_	_	
5-20	646-654	clausole	_	_	_	
5-21	655-656	e	_	_	_	
5-22	657-667	condizioni	_	_	_	
5-23	668-669	;	_	_	_	

#Text=3 ° che la convenzione dovrà essere sottoscritta : dal sottoscritto richiedente Leonardo Bruschi ; nato a Livorno , prov. LI ; il 8/3/46 residente a Roma via Napoleone Bonaparte n. 11 Codice fiscale BRSLRD46M03E625V tel. 0586 467894
6-1	670-671	3	_	_	_	
6-2	672-673	°	_	_	_	
6-3	674-677	che	_	_	_	
6-4	678-680	la	_	_	_	
6-5	681-692	convenzione	_	_	_	
6-6	693-698	dovrà	_	_	_	
6-7	699-705	essere	_	_	_	
6-8	706-718	sottoscritta	_	_	_	
6-9	719-720	:	_	_	_	
6-10	721-724	dal	_	_	_	
6-11	725-737	sottoscritto	_	_	_	
6-12	738-749	richiedente	_	_	_	
6-13	750-758	Leonardo	PER[4]	birthLoc|addressR|addressR|birthDate|cf|birthLoc|tel	6-21[0_4]|6-27[0_4]|6-28[5_4]|6-24[0_4]|6-34[0_4]|6-18[0_4]|6-36[0_4]	
6-14	759-766	Bruschi	PER[4]	_	_	
6-15	767-768	;	_	_	_	
6-16	769-773	nato	_	_	_	
6-17	774-775	a	_	_	_	
6-18	776-783	Livorno	LOC	_	_	
6-19	784-785	,	_	_	_	
6-20	786-791	prov.	_	_	_	
6-21	792-794	LI	LOC	_	_	
6-22	795-796	;	_	_	_	
6-23	797-799	il	_	_	_	
6-24	800-806	8/3/46	DATE	_	_	
6-25	807-816	residente	_	_	_	
6-26	817-818	a	_	_	_	
6-27	819-823	Roma	LOC	_	_	
6-28	824-827	via	LOC[5]	_	_	
6-29	828-837	Napoleone	LOC[5]	_	_	
6-30	838-847	Bonaparte	LOC[5]	_	_	
6-31	848-853	n. 11	LOC[5]	_	_	
6-32	854-860	Codice	_	_	_	
6-33	861-868	fiscale	_	_	_	
6-34	869-885	BRSLRD46M03E625V	CF	_	_	
6-35	886-890	tel.	_	_	_	
6-36	891-902	0586 467894	NUMBER	_	_	

#Text=Il / la sottoscritto / a è informato / a , del disposto dell’ art. 13 del “ Codice in materia di protezione dei dati personali ” approvato con D. Lgs. 30 giugno 2003 , n. 196 ed autorizza l’ utilizzo dei dati forniti solo con le procedure strettamente necessarie per dare seguito alla richiesta convenzione per lampade votive .
7-1	903-905	Il	_	_	_	
7-2	906-907	/	_	_	_	
7-3	908-910	la	_	_	_	
7-4	911-923	sottoscritto	_	_	_	
7-5	924-925	/	_	_	_	
7-6	926-927	a	_	_	_	
7-7	928-929	è	_	_	_	
7-8	930-939	informato	_	_	_	
7-9	940-941	/	_	_	_	
7-10	942-943	a	_	_	_	
7-11	944-945	,	_	_	_	
7-12	946-949	del	_	_	_	
7-13	950-958	disposto	_	_	_	
7-14	959-964	dell’	_	_	_	
7-15	965-969	art.	LEX[6]	_	_	
7-16	970-972	13	LEX[6]	_	_	
7-17	973-976	del	LEX[6]	_	_	
7-18	977-978	“	LEX[6]	_	_	
7-19	979-985	Codice	LEX[6]	_	_	
7-20	986-988	in	LEX[6]	_	_	
7-21	989-996	materia	LEX[6]	_	_	
7-22	997-999	di	LEX[6]	_	_	
7-23	1000-1010	protezione	LEX[6]	_	_	
7-24	1011-1014	dei	LEX[6]	_	_	
7-25	1015-1019	dati	LEX[6]	_	_	
7-26	1020-1029	personali	LEX[6]	_	_	
7-27	1030-1031	”	_	_	_	
7-28	1032-1041	approvato	_	_	_	
7-29	1042-1045	con	_	_	_	
7-30	1046-1053	D. Lgs.	LEX[7]	_	_	
7-31	1054-1056	30	LEX[7]	_	_	
7-32	1057-1063	giugno	LEX[7]	_	_	
7-33	1064-1068	2003	LEX[7]	_	_	
7-34	1069-1070	,	LEX[7]	_	_	
7-35	1071-1077	n. 196	LEX[7]	_	_	
7-36	1078-1080	ed	_	_	_	
7-37	1081-1090	autorizza	_	_	_	
7-38	1091-1093	l’	_	_	_	
7-39	1094-1102	utilizzo	_	_	_	
7-40	1103-1106	dei	_	_	_	
7-41	1107-1111	dati	_	_	_	
7-42	1112-1119	forniti	_	_	_	
7-43	1120-1124	solo	_	_	_	
7-44	1125-1128	con	_	_	_	
7-45	1129-1131	le	_	_	_	
7-46	1132-1141	procedure	_	_	_	
7-47	1142-1154	strettamente	_	_	_	
7-48	1155-1165	necessarie	_	_	_	
7-49	1166-1169	per	_	_	_	
7-50	1170-1174	dare	_	_	_	
7-51	1175-1182	seguito	_	_	_	
7-52	1183-1187	alla	_	_	_	
7-53	1188-1197	richiesta	_	_	_	
7-54	1198-1209	convenzione	_	_	_	
7-55	1210-1213	per	_	_	_	
7-56	1214-1221	lampade	_	_	_	
7-57	1222-1228	votive	_	_	_	
7-58	1229-1230	.	_	_	_	

#Text=Luogo e data Roma , 5/15/21 lì Roma Firma
8-1	1231-1236	Luogo	_	_	_	
8-2	1237-1238	e	_	_	_	
8-3	1239-1243	data	_	_	_	
8-4	1244-1248	Roma	LOC	_	_	
8-5	1249-1250	,	_	_	_	
8-6	1251-1258	5/15/21	_	_	_	
8-7	1259-1261	lì	_	_	_	
8-8	1262-1266	Roma	LOC	_	_	
8-9	1267-1272	Firma	_	_	_	
