#FORMAT=WebAnno TSV 3.3
#T_SP=custom.Span|label
#T_RL=custom.Relation|label|BT_custom.Span


#Text=Compilare i seguenti campi Nome : Diego , Cognome : Marcucci , Indirizzo di residenza : Via dei Pescatori 23 , 70122 BARI , Data e luogo di nascita : Bari , 12 settembre 1905 , Codice fiscale : MRCDGI05P12A662D
1-1	0-9	Compilare	_	_	_	
1-2	10-11	i	_	_	_	
1-3	12-20	seguenti	_	_	_	
1-4	21-26	campi	_	_	_	
1-5	27-31	Nome	_	_	_	
1-6	32-33	:	_	_	_	
1-7	34-39	Diego	PER	name|birthLoc|addressR|birthDate|cf|addressR|addressR	1-11|1-31|1-23|1-33[2_0]|1-40|1-22|1-17[1_0]	
1-8	40-41	,	_	_	_	
1-9	42-49	Cognome	_	_	_	
1-10	50-51	:	_	_	_	
1-11	52-60	Marcucci	PER	_	_	
1-12	61-62	,	_	_	_	
1-13	63-72	Indirizzo	_	_	_	
1-14	73-75	di	_	_	_	
1-15	76-85	residenza	_	_	_	
1-16	86-87	:	_	_	_	
1-17	88-91	Via	LOC[1]	_	_	
1-18	92-95	dei	LOC[1]	_	_	
1-19	96-105	Pescatori	LOC[1]	_	_	
1-20	106-108	23	LOC[1]	_	_	
1-21	109-110	,	_	_	_	
1-22	111-116	70122	LOC	_	_	
1-23	117-121	BARI	LOC	_	_	
1-24	122-123	,	_	_	_	
1-25	124-128	Data	_	_	_	
1-26	129-130	e	_	_	_	
1-27	131-136	luogo	_	_	_	
1-28	137-139	di	_	_	_	
1-29	140-147	nascita	_	_	_	
1-30	148-149	:	_	_	_	
1-31	150-154	Bari	LOC	_	_	
1-32	155-156	,	_	_	_	
1-33	157-159	12	DATE[2]	_	_	
1-34	160-169	settembre	DATE[2]	_	_	
1-35	170-174	1905	DATE[2]	_	_	
1-36	175-176	,	_	_	_	
1-37	177-183	Codice	_	_	_	
1-38	184-191	fiscale	_	_	_	
1-39	192-193	:	_	_	_	
1-40	194-210	MRCDGI05P12A662D	CF	_	_	
