#FORMAT=WebAnno TSV 3.3
#T_SP=custom.Span|label
#T_RL=custom.Relation|label|BT_custom.Span


#Text=Il / La sottoscritto / a Camilla Contini , nato / a il 13 marzo 1902 a Catania , identificato / a con patente n. U1G468735F rilasciata dal Comune di Catania il 23 luglio 2020 , con scadenza il 12/05/2023 con la presente chiede di avere un colloquio con il Sindaco .
1-1	0-2	Il	_	_	_	
1-2	3-4	/	_	_	_	
1-3	5-7	La	_	_	_	
1-4	8-20	sottoscritto	_	_	_	
1-5	21-22	/	_	_	_	
1-6	23-24	a	_	_	_	
1-7	25-32	Camilla	PER[1]	docType|birthDate|birthLoc	1-24[0_1]|1-14[2_1]|1-18[0_1]	
1-8	33-40	Contini	PER[1]	_	_	
1-9	41-42	,	_	_	_	
1-10	43-47	nato	_	_	_	
1-11	48-49	/	_	_	_	
1-12	50-51	a	_	_	_	
1-13	52-54	il	_	_	_	
1-14	55-57	13	DATE[2]	_	_	
1-15	58-63	marzo	DATE[2]	_	_	
1-16	64-68	1902	DATE[2]	_	_	
1-17	69-70	a	_	_	_	
1-18	71-78	Catania	LOC	_	_	
1-19	79-80	,	_	_	_	
1-20	81-93	identificato	_	_	_	
1-21	94-95	/	_	_	_	
1-22	96-97	a	_	_	_	
1-23	98-101	con	_	_	_	
1-24	102-109	patente	DOCTYPE	docID|docIssueLoc|docIssueDate|docExpDate	1-26|1-29[3_0]|1-33[4_0]|1-40	
1-25	110-112	n.	_	_	_	
1-26	113-123	U1G468735F	NUMBER	_	_	
1-27	124-134	rilasciata	_	_	_	
1-28	135-138	dal	_	_	_	
1-29	139-145	Comune	LOC[3]	_	_	
1-30	146-148	di	LOC[3]	_	_	
1-31	149-156	Catania	LOC[3]	_	_	
1-32	157-159	il	_	_	_	
1-33	160-162	23	DATE[4]	_	_	
1-34	163-169	luglio	DATE[4]	_	_	
1-35	170-174	2020	DATE[4]	_	_	
1-36	175-176	,	_	_	_	
1-37	177-180	con	_	_	_	
1-38	181-189	scadenza	_	_	_	
1-39	190-192	il	_	_	_	
1-40	193-203	12/05/2023	DATE	_	_	
1-41	204-207	con	_	_	_	
1-42	208-210	la	_	_	_	
1-43	211-219	presente	_	_	_	
1-44	220-226	chiede	_	_	_	
1-45	227-229	di	_	_	_	
1-46	230-235	avere	_	_	_	
1-47	236-238	un	_	_	_	
1-48	239-248	colloquio	_	_	_	
1-49	249-252	con	_	_	_	
1-50	253-255	il	_	_	_	
1-51	256-263	Sindaco	_	_	_	
1-52	264-265	.	_	_	_	
