#FORMAT=WebAnno TSV 3.3
#T_SP=custom.Span|label
#T_RL=custom.Relation|label|BT_custom.Span


#Text=Al Comune di Brescia
1-1	0-2	Al	_	_	_	
1-2	3-9	Comune	ENTE[1]	_	_	
1-3	10-12	di	ENTE[1]	_	_	
1-4	13-20	Brescia	ENTE[1]	_	_	

#Text=Pratica edilizia 34 Del 12/11/2013 Protocollo 223 □
2-1	21-28	Pratica	_	_	_	
2-2	29-37	edilizia	_	_	_	
2-3	38-40	34	_	_	_	
2-4	41-44	Del	_	_	_	
2-5	45-55	12/11/2013	_	_	_	
2-6	56-66	Protocollo	_	_	_	
2-7	67-70	223	_	_	_	
2-8	71-72	□	_	_	_	

#Text=COMUNICAZIONE FINE LAVORI da compilare a cura del SUE / SUAP  SUAP … Indirizzo PEC / Posta elettronica info@pec.it COMUNICAZIONE FINE LAVORI
3-1	73-86	COMUNICAZIONE	_	_	_	
3-2	87-91	FINE	_	_	_	
3-3	92-98	LAVORI	_	_	_	
3-4	99-101	da	_	_	_	
3-5	102-111	compilare	_	_	_	
3-6	112-113	a	_	_	_	
3-7	114-118	cura	_	_	_	
3-8	119-122	del	_	_	_	
3-9	123-126	SUE	_	_	_	
3-10	127-128	/	_	_	_	
3-11	129-133	SUAP	_	_	_	
3-12	134-135		_	_	_	
3-13	136-140	SUAP	_	_	_	
3-14	141-142	…	_	_	_	
3-15	143-152	Indirizzo	_	_	_	
3-16	153-156	PEC	_	_	_	
3-17	157-158	/	_	_	_	
3-18	159-164	Posta	_	_	_	
3-19	165-176	elettronica	_	_	_	
3-20	177-188	info@pec.it	_	_	_	
3-21	189-202	COMUNICAZIONE	_	_	_	
3-22	203-207	FINE	_	_	_	
3-23	208-214	LAVORI	_	_	_	

#Text=DATI DEL TITOLARE ( in caso di più titolari , la sezione è ripetibile nell’ allegato “ SOGGETTI COINVOLTI ” )
4-1	215-219	DATI	_	_	_	
4-2	220-223	DEL	_	_	_	
4-3	224-232	TITOLARE	_	_	_	
4-4	233-234	(	_	_	_	
4-5	235-237	in	_	_	_	
4-6	238-242	caso	_	_	_	
4-7	243-245	di	_	_	_	
4-8	246-249	più	_	_	_	
4-9	250-258	titolari	_	_	_	
4-10	259-260	,	_	_	_	
4-11	261-263	la	_	_	_	
4-12	264-271	sezione	_	_	_	
4-13	272-273	è	_	_	_	
4-14	274-284	ripetibile	_	_	_	
4-15	285-290	nell’	_	_	_	
4-16	291-299	allegato	_	_	_	
4-17	300-301	“	_	_	_	
4-18	302-310	SOGGETTI	_	_	_	
4-19	311-320	COINVOLTI	_	_	_	
4-20	321-322	”	_	_	_	
4-21	323-324	)	_	_	_	

#Text=Cognome e Nome Felicita Norfini codice fiscale NRFFCT78H49B157N nato a Brescia prov. BS stato Italia nato il 9/6/78 residente in Brescia prov. BS stato Italia indirizzo Via delle Mattonaia n. 23 C.A.P. 25122 PEC / posta elettronica f.norfini@hotmail.com Telefono fisso / cellulare 030 339907 DATI DELLA DITTA O SOCIETA’ in qualità di amministratore delegato della ditta / società Norfalia a.r.l. codice fiscale / p. IVA 9080706341 Iscritta alla C.C.I.A.A. di Brescia prov. BS n. 1256 con sede in Brescia prov. BS indirizzo Via delle Panche 12 PEC / posta elettronica info@norfalia.org C.A.P. 25123 Telefono fisso / cellulare 030 229999 COMUNICA che in data 14/02/2021 i lavori sono stati ultimati □ completamente □ in forma parziale come da planimetria allegata
5-1	325-332	Cognome	_	_	_	
5-2	333-334	e	_	_	_	
5-3	335-339	Nome	_	_	_	
5-4	340-348	Felicita	PER[2]	addressR|addressR|op|addressR|addressR|birthLoc|birthLoc|birthDate|birthLoc|addressR|tel|personalRole|cf|email	5-32[0_2]|5-27[3_2]|5-57[5_2]|5-21[0_2]|5-25[0_2]|5-13[0_2]|5-15[0_2]|5-18[0_2]|5-11[0_2]|5-23[0_2]|5-42[0_2]|5-51[4_2]|5-8[0_2]|5-37[0_2]	
5-5	349-356	Norfini	PER[2]	_	_	
5-6	357-363	codice	_	_	_	
5-7	364-371	fiscale	_	_	_	
5-8	372-388	NRFFCT78H49B157N	CF	_	_	
5-9	389-393	nato	_	_	_	
5-10	394-395	a	_	_	_	
5-11	396-403	Brescia	LOC	_	_	
5-12	404-409	prov.	_	_	_	
5-13	410-412	BS	LOC	_	_	
5-14	413-418	stato	_	_	_	
5-15	419-425	Italia	LOC	_	_	
5-16	426-430	nato	_	_	_	
5-17	431-433	il	_	_	_	
5-18	434-440	9/6/78	DATE	_	_	
5-19	441-450	residente	_	_	_	
5-20	451-453	in	_	_	_	
5-21	454-461	Brescia	LOC	_	_	
5-22	462-467	prov.	_	_	_	
5-23	468-470	BS	LOC	_	_	
5-24	471-476	stato	_	_	_	
5-25	477-483	Italia	LOC	_	_	
5-26	484-493	indirizzo	_	_	_	
5-27	494-497	Via	LOC[3]	_	_	
5-28	498-503	delle	LOC[3]	_	_	
5-29	504-513	Mattonaia	LOC[3]	_	_	
5-30	514-519	n. 23	LOC[3]	_	_	
5-31	520-526	C.A.P.	_	_	_	
5-32	527-532	25122	LOC	_	_	
5-33	533-536	PEC	_	_	_	
5-34	537-538	/	_	_	_	
5-35	539-544	posta	_	_	_	
5-36	545-556	elettronica	_	_	_	
5-37	557-578	f.norfini@hotmail.com	EMAIL	_	_	
5-38	579-587	Telefono	_	_	_	
5-39	588-593	fisso	_	_	_	
5-40	594-595	/	_	_	_	
5-41	596-605	cellulare	_	_	_	
5-42	606-616	030 339907	NUMBER	_	_	
5-43	617-621	DATI	_	_	_	
5-44	622-627	DELLA	_	_	_	
5-45	628-633	DITTA	_	_	_	
5-46	634-635	O	_	_	_	
5-47	636-644	SOCIETA’	_	_	_	
5-48	645-647	in	_	_	_	
5-49	648-655	qualità	_	_	_	
5-50	656-658	di	_	_	_	
5-51	659-673	amministratore	ROLE[4]	_	_	
5-52	674-682	delegato	ROLE[4]	_	_	
5-53	683-688	della	_	_	_	
5-54	689-694	ditta	_	_	_	
5-55	695-696	/	_	_	_	
5-56	697-704	società	_	_	_	
5-57	705-713	Norfalia	ORG[5]	addressR|addressR|vat|email|addressR|tel|addressR|companyRole	5-90[0_5]|5-80[7_5]|5-64[0_5]|5-88[0_5]|5-76[0_5]|5-95[0_5]|5-78[0_5]|5-51[4_5]	
5-58	714-720	a.r.l.	ORG[5]	_	_	
5-59	721-727	codice	_	_	_	
5-60	728-735	fiscale	_	_	_	
5-61	736-737	/	_	_	_	
5-62	738-740	p.	_	_	_	
5-63	741-744	IVA	_	_	_	
5-64	745-755	9080706341	NUMBER	_	_	
5-65	756-764	Iscritta	_	_	_	
5-66	765-769	alla	_	_	_	
5-67	770-780	C.C.I.A.A.	ENTE[6]	_	_	
5-68	781-783	di	ENTE[6]	_	_	
5-69	784-791	Brescia	ENTE[6]	_	_	
5-70	792-797	prov.	_	_	_	
5-71	798-800	BS	LOC	_	_	
5-72	801-808	n. 1256	LOC	_	_	
5-73	809-812	con	_	_	_	
5-74	813-817	sede	_	_	_	
5-75	818-820	in	_	_	_	
5-76	821-828	Brescia	LOC	_	_	
5-77	829-834	prov.	_	_	_	
5-78	835-837	BS	LOC	_	_	
5-79	838-847	indirizzo	_	_	_	
5-80	848-851	Via	LOC[7]	_	_	
5-81	852-857	delle	LOC[7]	_	_	
5-82	858-864	Panche	LOC[7]	_	_	
5-83	865-867	12	LOC[7]	_	_	
5-84	868-871	PEC	_	_	_	
5-85	872-873	/	_	_	_	
5-86	874-879	posta	_	_	_	
5-87	880-891	elettronica	_	_	_	
5-88	892-909	info@norfalia.org	EMAIL	_	_	
5-89	910-916	C.A.P.	_	_	_	
5-90	917-922	25123	LOC	_	_	
5-91	923-931	Telefono	_	_	_	
5-92	932-937	fisso	_	_	_	
5-93	938-939	/	_	_	_	
5-94	940-949	cellulare	_	_	_	
5-95	950-960	030 229999	NUMBER	_	_	
5-96	961-969	COMUNICA	_	_	_	
5-97	970-973	che	_	_	_	
5-98	974-976	in	_	_	_	
5-99	977-981	data	_	_	_	
5-100	982-992	14/02/2021	_	_	_	
5-101	993-994	i	_	_	_	
5-102	995-1001	lavori	_	_	_	
5-103	1002-1006	sono	_	_	_	
5-104	1007-1012	stati	_	_	_	
5-105	1013-1021	ultimati	_	_	_	
5-106	1022-1023	□	_	_	_	
5-107	1024-1037	completamente	_	_	_	
5-108	1038-1039	□	_	_	_	
5-109	1040-1042	in	_	_	_	
5-110	1043-1048	forma	_	_	_	
5-111	1049-1057	parziale	_	_	_	
5-112	1058-1062	come	_	_	_	
5-113	1063-1065	da	_	_	_	
5-114	1066-1077	planimetria	_	_	_	
5-115	1078-1086	allegata	_	_	_	
