#FORMAT=WebAnno TSV 3.3
#T_SP=custom.Span|label
#T_RL=custom.Relation|label|BT_custom.Span


#Text=OGGETTO : Istanza reclamo-mediazione ( art. 17-bis D. Lgs. n. 546 / 1992 , riformulato dall' art. 9 del D. Lgs. 27 settembre 2015 , n. 156 ) – riduzione delle sanzioni irrogate
1-1	0-7	OGGETTO	_	_	_	
1-2	8-9	:	_	_	_	
1-3	10-17	Istanza	_	_	_	
1-4	18-36	reclamo-mediazione	_	_	_	
1-5	37-38	(	_	_	_	
1-6	39-43	art.	LEX[1]	_	_	
1-7	44-50	17-bis	LEX[1]	_	_	
1-8	51-53	D.	LEX[1]	_	_	
1-9	54-58	Lgs.	LEX[1]	_	_	
1-10	59-61	n.	LEX[1]	_	_	
1-11	62-65	546	LEX[1]	_	_	
1-12	66-67	/	LEX[1]	_	_	
1-13	68-72	1992	LEX[1]	_	_	
1-14	73-74	,	_	_	_	
1-15	75-86	riformulato	_	_	_	
1-16	87-92	dall'	_	_	_	
1-17	93-97	art.	LEX[2]	_	_	
1-18	98-99	9	LEX[2]	_	_	
1-19	100-103	del	LEX[2]	_	_	
1-20	104-106	D.	LEX[2]	_	_	
1-21	107-111	Lgs.	LEX[2]	_	_	
1-22	112-114	27	LEX[2]	_	_	
1-23	115-124	settembre	LEX[2]	_	_	
1-24	125-129	2015	LEX[2]	_	_	
1-25	130-131	,	LEX[2]	_	_	
1-26	132-134	n.	LEX[2]	_	_	
1-27	135-138	156	LEX[2]	_	_	
1-28	139-140	)	_	_	_	
1-29	141-142	–	_	_	_	
1-30	143-152	riduzione	_	_	_	
1-31	153-158	delle	_	_	_	
1-32	159-167	sanzioni	_	_	_	
1-33	168-176	irrogate	_	_	_	

#Text=IL FUNZIONARIO RESPONSABILE
2-1	177-179	IL	_	_	_	
2-2	180-191	FUNZIONARIO	_	_	_	
2-3	192-204	RESPONSABILE	_	_	_	

#Text=In applicazione alla procedura disciplinata dal Decreto Legislativo 24 settembre 2015 , n. 156 art. 9 , in modifica dell' art. 17-bis del D. Lgs. n. 546 / 1992 ;
3-1	205-207	In	_	_	_	
3-2	208-220	applicazione	_	_	_	
3-3	221-225	alla	_	_	_	
3-4	226-235	procedura	_	_	_	
3-5	236-248	disciplinata	_	_	_	
3-6	249-252	dal	_	_	_	
3-7	253-260	Decreto	LEX[3]	_	_	
3-8	261-272	Legislativo	LEX[3]	_	_	
3-9	273-275	24	LEX[3]	_	_	
3-10	276-285	settembre	LEX[3]	_	_	
3-11	286-290	2015	LEX[3]	_	_	
3-12	291-292	,	LEX[3]	_	_	
3-13	293-295	n.	LEX[3]	_	_	
3-14	296-299	156	LEX[3]	_	_	
3-15	300-304	art.	LEX[3]	_	_	
3-16	305-306	9	LEX[3]	_	_	
3-17	307-308	,	_	_	_	
3-18	309-311	in	_	_	_	
3-19	312-320	modifica	_	_	_	
3-20	321-326	dell'	_	_	_	
3-21	327-331	art.	LEX[4]	_	_	
3-22	332-338	17-bis	LEX[4]	_	_	
3-23	339-342	del	LEX[4]	_	_	
3-24	343-345	D.	LEX[4]	_	_	
3-25	346-350	Lgs.	LEX[4]	_	_	
3-26	351-353	n.	LEX[4]	_	_	
3-27	354-357	546	LEX[4]	_	_	
3-28	358-359	/	LEX[4]	_	_	
3-29	360-364	1992	LEX[4]	_	_	
3-30	365-366	;	LEX[4]	_	_	

#Text=Vista l' istanza reclamo-mediazione , acquisita agli atti in data 31/11/2020 , acclarata al Prot 4763 e presentata dal contribuente meglio identificato come segue :
4-1	367-372	Vista	_	_	_	
4-2	373-375	l'	_	_	_	
4-3	376-383	istanza	_	_	_	
4-4	384-402	reclamo-mediazione	_	_	_	
4-5	403-404	,	_	_	_	
4-6	405-414	acquisita	_	_	_	
4-7	415-419	agli	_	_	_	
4-8	420-424	atti	_	_	_	
4-9	425-427	in	_	_	_	
4-10	428-432	data	_	_	_	
4-11	433-443	31/11/2020	_	_	_	
4-12	444-445	,	_	_	_	
4-13	446-455	acclarata	_	_	_	
4-14	456-458	al	_	_	_	
4-15	459-463	Prot	_	_	_	
4-16	464-468	4763	_	_	_	
4-17	469-470	e	_	_	_	
4-18	471-481	presentata	_	_	_	
4-19	482-485	dal	_	_	_	
4-20	486-498	contribuente	_	_	_	
4-21	499-505	meglio	_	_	_	
4-22	506-518	identificato	_	_	_	
4-23	519-523	come	_	_	_	
4-24	524-529	segue	_	_	_	
4-25	530-531	:	_	_	_	

#Text=Sig. / ra Eliana Giangeri nata a Fermo il 13/12/1989 residente a San Benedetto del Tronto Prov. AP , via Giotto n. 83 , Codice Fiscale GNGLNE89T53H769B Telefono 0736 745362 fax 0736 748463 cell 338 6815074 E-mail eli.giangeri@gmail.com in qualità di : ? persona fisica ? titolare ? Legale rappresentante ? Speciale incaricato con procura in questa istanza contenuta / allegata della ditta denominata Giangeri autotrasporti a.r.l. con sede in San benedetto del Tronto , Via Cimabue 32 , Codice Fiscale 36748286484 , riferita all' avviso di accertamento / rimborso / altro ( specificare ) per il tributo annuale , anno di imposta 2018 per un valore complessivo di € 145000 Valutate le considerazioni nell' istanza contenute e ritenuto di poter accogliere l' istanza di cui trattasi limitatamente alla riduzione al 35 % delle sanzioni irrogate originariamente , confermando contestualmente i restanti contenuti dell' atto notificato
5-1	532-536	Sig.	_	_	_	
5-2	537-538	/	_	_	_	
5-3	539-541	ra	_	_	_	
5-4	542-548	Eliana	PER[5]	addressR|birthLoc|addressR|tel|cf|birthDate|email|tel|addressR|tel|personalRole	5-20[7_5]|5-8[0_5]|5-13[6_5]|5-31[0_5]|5-27[0_5]|5-10[0_5]|5-35[0_5]|5-33[0_5]|5-18[0_5]|5-29[0_5]|5-49[8_5]	
5-5	549-557	Giangeri	PER[5]	_	_	
5-6	558-562	nata	_	_	_	
5-7	563-564	a	_	_	_	
5-8	565-570	Fermo	LOC	_	_	
5-9	571-573	il	_	_	_	
5-10	574-584	13/12/1989	DATE	_	_	
5-11	585-594	residente	_	_	_	
5-12	595-596	a	_	_	_	
5-13	597-600	San	LOC[6]	_	_	
5-14	601-610	Benedetto	LOC[6]	_	_	
5-15	611-614	del	LOC[6]	_	_	
5-16	615-621	Tronto	LOC[6]	_	_	
5-17	622-627	Prov.	_	_	_	
5-18	628-630	AP	LOC	_	_	
5-19	631-632	,	_	_	_	
5-20	633-636	via	LOC[7]	_	_	
5-21	637-643	Giotto	LOC[7]	_	_	
5-22	644-646	n.	LOC[7]	_	_	
5-23	647-649	83	LOC[7]	_	_	
5-24	650-651	,	_	_	_	
5-25	652-658	Codice	_	_	_	
5-26	659-666	Fiscale	_	_	_	
5-27	667-683	GNGLNE89T53H769B	CF	_	_	
5-28	684-692	Telefono	_	_	_	
5-29	693-704	0736 745362	NUMBER	_	_	
5-30	705-708	fax	_	_	_	
5-31	709-720	0736 748463	NUMBER	_	_	
5-32	721-725	cell	_	_	_	
5-33	726-737	338 6815074	NUMBER	_	_	
5-34	738-744	E-mail	_	_	_	
5-35	745-767	eli.giangeri@gmail.com	EMAIL	_	_	
5-36	768-770	in	_	_	_	
5-37	771-778	qualità	_	_	_	
5-38	779-781	di	_	_	_	
5-39	782-783	:	_	_	_	
5-40	784-785	?	_	_	_	
5-41	786-793	persona	_	_	_	
5-42	794-800	fisica	_	_	_	
5-43	801-802	?	_	_	_	
5-44	803-811	titolare	_	_	_	
5-45	812-813	?	_	_	_	
5-46	814-820	Legale	_	_	_	
5-47	821-835	rappresentante	_	_	_	
5-48	836-837	?	_	_	_	
5-49	838-846	Speciale	ROLE[8]	_	_	
5-50	847-857	incaricato	ROLE[8]	_	_	
5-51	858-861	con	ROLE[8]	_	_	
5-52	862-869	procura	ROLE[8]	_	_	
5-53	870-872	in	_	_	_	
5-54	873-879	questa	_	_	_	
5-55	880-887	istanza	_	_	_	
5-56	888-897	contenuta	_	_	_	
5-57	898-899	/	_	_	_	
5-58	900-908	allegata	_	_	_	
5-59	909-914	della	_	_	_	
5-60	915-920	ditta	_	_	_	
5-61	921-931	denominata	_	_	_	
5-62	932-940	Giangeri	ORG[9]	op|addressR|cf|companyRole|addressR	5-4[5_9]|5-73[11_9]|5-79[0_9]|5-49[8_9]|5-68[10_9]	
5-63	941-954	autotrasporti	ORG[9]	_	_	
5-64	955-961	a.r.l.	ORG[9]	_	_	
5-65	962-965	con	_	_	_	
5-66	966-970	sede	_	_	_	
5-67	971-973	in	_	_	_	
5-68	974-977	San	LOC[10]	_	_	
5-69	978-987	benedetto	LOC[10]	_	_	
5-70	988-991	del	LOC[10]	_	_	
5-71	992-998	Tronto	LOC[10]	_	_	
5-72	999-1000	,	_	_	_	
5-73	1001-1004	Via	LOC[11]	_	_	
5-74	1005-1012	Cimabue	LOC[11]	_	_	
5-75	1013-1015	32	LOC[11]	_	_	
5-76	1016-1017	,	_	_	_	
5-77	1018-1024	Codice	_	_	_	
5-78	1025-1032	Fiscale	_	_	_	
5-79	1033-1044	36748286484	CF	_	_	
5-80	1045-1046	,	_	_	_	
5-81	1047-1055	riferita	_	_	_	
5-82	1056-1060	all'	_	_	_	
5-83	1061-1067	avviso	_	_	_	
5-84	1068-1070	di	_	_	_	
5-85	1071-1083	accertamento	_	_	_	
5-86	1084-1085	/	_	_	_	
5-87	1086-1094	rimborso	_	_	_	
5-88	1095-1096	/	_	_	_	
5-89	1097-1102	altro	_	_	_	
5-90	1103-1104	(	_	_	_	
5-91	1105-1116	specificare	_	_	_	
5-92	1117-1118	)	_	_	_	
5-93	1119-1122	per	_	_	_	
5-94	1123-1125	il	_	_	_	
5-95	1126-1133	tributo	_	_	_	
5-96	1134-1141	annuale	_	_	_	
5-97	1142-1143	,	_	_	_	
5-98	1144-1148	anno	_	_	_	
5-99	1149-1151	di	_	_	_	
5-100	1152-1159	imposta	_	_	_	
5-101	1160-1164	2018	_	_	_	
5-102	1165-1168	per	_	_	_	
5-103	1169-1171	un	_	_	_	
5-104	1172-1178	valore	_	_	_	
5-105	1179-1190	complessivo	_	_	_	
5-106	1191-1193	di	_	_	_	
5-107	1194-1195	€	_	_	_	
5-108	1196-1202	145000	_	_	_	
5-109	1203-1211	Valutate	_	_	_	
5-110	1212-1214	le	_	_	_	
5-111	1215-1229	considerazioni	_	_	_	
5-112	1230-1235	nell'	_	_	_	
5-113	1236-1243	istanza	_	_	_	
5-114	1244-1253	contenute	_	_	_	
5-115	1254-1255	e	_	_	_	
5-116	1256-1264	ritenuto	_	_	_	
5-117	1265-1267	di	_	_	_	
5-118	1268-1273	poter	_	_	_	
5-119	1274-1284	accogliere	_	_	_	
5-120	1285-1287	l'	_	_	_	
5-121	1288-1295	istanza	_	_	_	
5-122	1296-1298	di	_	_	_	
5-123	1299-1302	cui	_	_	_	
5-124	1303-1311	trattasi	_	_	_	
5-125	1312-1325	limitatamente	_	_	_	
5-126	1326-1330	alla	_	_	_	
5-127	1331-1340	riduzione	_	_	_	
5-128	1341-1343	al	_	_	_	
5-129	1344-1346	35	_	_	_	
5-130	1347-1348	%	_	_	_	
5-131	1349-1354	delle	_	_	_	
5-132	1355-1363	sanzioni	_	_	_	
5-133	1364-1372	irrogate	_	_	_	
5-134	1373-1388	originariamente	_	_	_	
5-135	1389-1390	,	_	_	_	
5-136	1391-1402	confermando	_	_	_	
5-137	1403-1418	contestualmente	_	_	_	
5-138	1419-1420	i	_	_	_	
5-139	1421-1429	restanti	_	_	_	
5-140	1430-1439	contenuti	_	_	_	
5-141	1440-1445	dell'	_	_	_	
5-142	1446-1450	atto	_	_	_	
5-143	1451-1461	notificato	_	_	_	

#Text=INVITA
6-1	1462-1468	INVITA	_	_	_	
