#FORMAT=WebAnno TSV 3.3
#T_SP=custom.Span|label
#T_RL=custom.Relation|label|BT_custom.Span


#Text=Comune di Torino Provincia di Torino
1-1	0-6	Comune	ENTE[1]	_	_	
1-2	7-9	di	ENTE[1]	_	_	
1-3	10-16	Torino	ENTE[1]	_	_	
1-4	17-26	Provincia	ENTE[2]	_	_	
1-5	27-29	di	ENTE[2]	_	_	
1-6	30-36	Torino	ENTE[2]	_	_	

#Text=Concessione di suolo pubblico
2-1	37-48	Concessione	_	_	_	
2-2	49-51	di	_	_	_	
2-3	52-57	suolo	_	_	_	
2-4	58-66	pubblico	_	_	_	

#Text=IL RESPONSABILE DELLO UFFICIO
3-1	67-69	IL	_	_	_	
3-2	70-82	RESPONSABILE	_	_	_	
3-3	83-88	DELLO	_	_	_	
3-4	89-96	UFFICIO	_	_	_	

#Text=Vista l’ istanza presentata in data 27/11/2016 da Giuseppe Raimondi ( CF GSPRND81M16L219M ) , titolare della Ditta Raimondo s.a.s. , volta ad ottenere la concessione per l’ occupazione permanente di suolo pubblico all’ esterno del pubblico esercito sito in Viale Giovanni Giolitti , mediante esposizione di tavolini , sedie ed ombrelloni , per la superficie sottratta allo uso pubblico , per mq 40 ; Visto il vigente regolamento per l’ applicazione della tassa occupazione di spazi ed aree pubbliche ; Visti i pareri espressi dai seguenti uffici : • - ufficio per le pubbliche relazioni • - ufficio per le concessioni pubbliche CONCEDE A Giuseppe Raimondo nato a Torino il 16/08/1981 e con residenza in Torino , in qualità di legale rappresentante della Ditta Raimondo s.a.s. di occupare permanentemente il suolo pubblico in Viale Giovanni Giolitti per mq 40 , mediante esposizione di tavolini , sedie , ombrelloni , fino al 31/12/2018 , previo pagamento dell’ importo annuo di euro 25mila e nel rispetto delle seguenti condizioni :
4-1	97-102	Vista	_	_	_	
4-2	103-105	l’	_	_	_	
4-3	106-113	istanza	_	_	_	
4-4	114-124	presentata	_	_	_	
4-5	125-127	in	_	_	_	
4-6	128-132	data	_	_	_	
4-7	133-143	27/11/2016	_	_	_	
4-8	144-146	da	_	_	_	
4-9	147-155	Giuseppe	PER[3]	personalRole|cf	4-16[0_3]|4-13[0_3]	
4-10	156-164	Raimondi	PER[3]	_	_	
4-11	165-166	(	_	_	_	
4-12	167-169	CF	_	_	_	
4-13	170-186	GSPRND81M16L219M	CF	_	_	
4-14	187-188	)	_	_	_	
4-15	189-190	,	_	_	_	
4-16	191-199	titolare	ROLE	_	_	
4-17	200-205	della	_	_	_	
4-18	206-211	Ditta	_	_	_	
4-19	212-220	Raimondo	ORG[4]	op|companyRole	4-9[3_4]|4-16[0_4]	
4-20	221-227	s.a.s.	ORG[4]	_	_	
4-21	228-229	,	_	_	_	
4-22	230-235	volta	_	_	_	
4-23	236-238	ad	_	_	_	
4-24	239-247	ottenere	_	_	_	
4-25	248-250	la	_	_	_	
4-26	251-262	concessione	_	_	_	
4-27	263-266	per	_	_	_	
4-28	267-269	l’	_	_	_	
4-29	270-281	occupazione	_	_	_	
4-30	282-292	permanente	_	_	_	
4-31	293-295	di	_	_	_	
4-32	296-301	suolo	_	_	_	
4-33	302-310	pubblico	_	_	_	
4-34	311-315	all’	_	_	_	
4-35	316-323	esterno	_	_	_	
4-36	324-327	del	_	_	_	
4-37	328-336	pubblico	_	_	_	
4-38	337-345	esercito	_	_	_	
4-39	346-350	sito	_	_	_	
4-40	351-353	in	_	_	_	
4-41	354-359	Viale	LOC[5]	_	_	
4-42	360-368	Giovanni	LOC[5]	_	_	
4-43	369-377	Giolitti	LOC[5]	_	_	
4-44	378-379	,	_	_	_	
4-45	380-388	mediante	_	_	_	
4-46	389-400	esposizione	_	_	_	
4-47	401-403	di	_	_	_	
4-48	404-412	tavolini	_	_	_	
4-49	413-414	,	_	_	_	
4-50	415-420	sedie	_	_	_	
4-51	421-423	ed	_	_	_	
4-52	424-434	ombrelloni	_	_	_	
4-53	435-436	,	_	_	_	
4-54	437-440	per	_	_	_	
4-55	441-443	la	_	_	_	
4-56	444-454	superficie	_	_	_	
4-57	455-464	sottratta	_	_	_	
4-58	465-469	allo	_	_	_	
4-59	470-473	uso	_	_	_	
4-60	474-482	pubblico	_	_	_	
4-61	483-484	,	_	_	_	
4-62	485-488	per	_	_	_	
4-63	489-491	mq	_	_	_	
4-64	492-494	40	_	_	_	
4-65	495-496	;	_	_	_	
4-66	497-502	Visto	_	_	_	
4-67	503-505	il	_	_	_	
4-68	506-513	vigente	_	_	_	
4-69	514-525	regolamento	_	_	_	
4-70	526-529	per	_	_	_	
4-71	530-532	l’	_	_	_	
4-72	533-545	applicazione	_	_	_	
4-73	546-551	della	_	_	_	
4-74	552-557	tassa	_	_	_	
4-75	558-569	occupazione	_	_	_	
4-76	570-572	di	_	_	_	
4-77	573-578	spazi	_	_	_	
4-78	579-581	ed	_	_	_	
4-79	582-586	aree	_	_	_	
4-80	587-596	pubbliche	_	_	_	
4-81	597-598	;	_	_	_	
4-82	599-604	Visti	_	_	_	
4-83	605-606	i	_	_	_	
4-84	607-613	pareri	_	_	_	
4-85	614-622	espressi	_	_	_	
4-86	623-626	dai	_	_	_	
4-87	627-635	seguenti	_	_	_	
4-88	636-642	uffici	_	_	_	
4-89	643-644	:	_	_	_	
4-90	645-646	•	_	_	_	
4-91	647-648	-	_	_	_	
4-92	649-656	ufficio	_	_	_	
4-93	657-660	per	_	_	_	
4-94	661-663	le	_	_	_	
4-95	664-673	pubbliche	_	_	_	
4-96	674-683	relazioni	_	_	_	
4-97	684-685	•	_	_	_	
4-98	686-687	-	_	_	_	
4-99	688-695	ufficio	_	_	_	
4-100	696-699	per	_	_	_	
4-101	700-702	le	_	_	_	
4-102	703-714	concessioni	_	_	_	
4-103	715-724	pubbliche	_	_	_	
4-104	725-732	CONCEDE	_	_	_	
4-105	733-734	A	_	_	_	
4-106	735-743	Giuseppe	PER[6]	personalRole|addressR|birthDate|birthLoc	4-122[7_6]|4-117[0_6]|4-112[0_6]|4-110[0_6]	
4-107	744-752	Raimondo	PER[6]	_	_	
4-108	753-757	nato	_	_	_	
4-109	758-759	a	_	_	_	
4-110	760-766	Torino	LOC	_	_	
4-111	767-769	il	_	_	_	
4-112	770-780	16/08/1981	DATE	_	_	
4-113	781-782	e	_	_	_	
4-114	783-786	con	_	_	_	
4-115	787-796	residenza	_	_	_	
4-116	797-799	in	_	_	_	
4-117	800-806	Torino	LOC	_	_	
4-118	807-808	,	_	_	_	
4-119	809-811	in	_	_	_	
4-120	812-819	qualità	_	_	_	
4-121	820-822	di	_	_	_	
4-122	823-829	legale	ROLE[7]	_	_	
4-123	830-844	rappresentante	ROLE[7]	_	_	
4-124	845-850	della	_	_	_	
4-125	851-856	Ditta	_	_	_	
4-126	857-865	Raimondo	ORG[8]	op|companyRole	4-106[6_8]|4-122[7_8]	
4-127	866-872	s.a.s.	ORG[8]	_	_	
4-128	873-875	di	_	_	_	
4-129	876-884	occupare	_	_	_	
4-130	885-900	permanentemente	_	_	_	
4-131	901-903	il	_	_	_	
4-132	904-909	suolo	_	_	_	
4-133	910-918	pubblico	_	_	_	
4-134	919-921	in	_	_	_	
4-135	922-927	Viale	LOC[9]	_	_	
4-136	928-936	Giovanni	LOC[9]	_	_	
4-137	937-945	Giolitti	LOC[9]	_	_	
4-138	946-949	per	_	_	_	
4-139	950-952	mq	_	_	_	
4-140	953-955	40	_	_	_	
4-141	956-957	,	_	_	_	
4-142	958-966	mediante	_	_	_	
4-143	967-978	esposizione	_	_	_	
4-144	979-981	di	_	_	_	
4-145	982-990	tavolini	_	_	_	
4-146	991-992	,	_	_	_	
4-147	993-998	sedie	_	_	_	
4-148	999-1000	,	_	_	_	
4-149	1001-1011	ombrelloni	_	_	_	
4-150	1012-1013	,	_	_	_	
4-151	1014-1018	fino	_	_	_	
4-152	1019-1021	al	_	_	_	
4-153	1022-1032	31/12/2018	_	_	_	
4-154	1033-1034	,	_	_	_	
4-155	1035-1041	previo	_	_	_	
4-156	1042-1051	pagamento	_	_	_	
4-157	1052-1057	dell’	_	_	_	
4-158	1058-1065	importo	_	_	_	
4-159	1066-1071	annuo	_	_	_	
4-160	1072-1074	di	_	_	_	
4-161	1075-1079	euro	_	_	_	
4-162	1080-1086	25mila	_	_	_	
4-163	1087-1088	e	_	_	_	
4-164	1089-1092	nel	_	_	_	
4-165	1093-1101	rispetto	_	_	_	
4-166	1102-1107	delle	_	_	_	
4-167	1108-1116	seguenti	_	_	_	
4-168	1117-1127	condizioni	_	_	_	
4-169	1128-1129	:	_	_	_	

#Text=l’ occupazione non superi mt. 20x20 di fronte al pubblico esercizio , come da elaborato planimetrico in atti ;
5-1	1130-1132	l’	_	_	_	
5-2	1133-1144	occupazione	_	_	_	
5-3	1145-1148	non	_	_	_	
5-4	1149-1155	superi	_	_	_	
5-5	1156-1159	mt.	_	_	_	
5-6	1160-1165	20x20	_	_	_	
5-7	1166-1168	di	_	_	_	
5-8	1169-1175	fronte	_	_	_	
5-9	1176-1178	al	_	_	_	
5-10	1179-1187	pubblico	_	_	_	
5-11	1188-1197	esercizio	_	_	_	
5-12	1198-1199	,	_	_	_	
5-13	1200-1204	come	_	_	_	
5-14	1205-1207	da	_	_	_	
5-15	1208-1217	elaborato	_	_	_	
5-16	1218-1230	planimetrico	_	_	_	
5-17	1231-1233	in	_	_	_	
5-18	1234-1238	atti	_	_	_	
5-19	1239-1240	;	_	_	_	
