#FORMAT=WebAnno TSV 3.3
#T_SP=custom.Span|label
#T_RL=custom.Relation|label|BT_custom.Span


#Text=Al comune di Campobasso
1-1	0-2	Al	_	_	_	
1-2	3-9	comune	ENTE[1]	_	_	
1-3	10-12	di	ENTE[1]	_	_	
1-4	13-23	Campobasso	ENTE[1]	_	_	

#Text=Provincia di Campobasso
2-1	24-33	Provincia	ENTE[2]	_	_	
2-2	34-36	di	ENTE[2]	_	_	
2-3	37-47	Campobasso	ENTE[2]	_	_	

#Text=al sig. sindaco
3-1	48-50	al	_	_	_	
3-2	51-55	sig.	_	_	_	
3-3	56-63	sindaco	_	_	_	

#Text=OGGETTO : Richiesta di autorizzazione per l’ apposizione di mezzi pubblicitari .
4-1	64-71	OGGETTO	_	_	_	
4-2	72-73	:	_	_	_	
4-3	74-83	Richiesta	_	_	_	
4-4	84-86	di	_	_	_	
4-5	87-101	autorizzazione	_	_	_	
4-6	102-105	per	_	_	_	
4-7	106-108	l’	_	_	_	
4-8	109-120	apposizione	_	_	_	
4-9	121-123	di	_	_	_	
4-10	124-129	mezzi	_	_	_	
4-11	130-142	pubblicitari	_	_	_	
4-12	143-144	.	_	_	_	

#Text=Il / La sottoscritto / a Luca Piovanelli nato / a a Campobasso , prov. CB ; il 27/05/1983 residente a Campobasso via Luigi Pulci n. 23 Codice fiscale PVNLCU83E27B519K quale rappresentante legale della ditta : Piovanelli a.r.l. , cf / p. iva 35628153863 in relazione al combinato disposto dall’ art. 3 , comma 3 , del D. Lgs. 15 novembre 1993 , n. 507 e dall’ art. del vigente « Regolamento Comunale per l’ applicazione dell’ imposta sulla pubblicità » ;
5-1	145-147	Il	_	_	_	
5-2	148-149	/	_	_	_	
5-3	150-152	La	_	_	_	
5-4	153-165	sottoscritto	_	_	_	
5-5	166-167	/	_	_	_	
5-6	168-169	a	_	_	_	
5-7	170-174	Luca	PER[3]	addressR|addressR|personalRole|birthDate|birthLoc|cf|birthLoc	5-22[0_3]|5-24[4_3]|5-32[5_3]|5-19[0_3]|5-13[0_3]|5-30[0_3]|5-16[0_3]	
5-8	175-185	Piovanelli	PER[3]	_	_	
5-9	186-190	nato	_	_	_	
5-10	191-192	/	_	_	_	
5-11	193-194	a	_	_	_	
5-12	195-196	a	_	_	_	
5-13	197-207	Campobasso	LOC	_	_	
5-14	208-209	,	_	_	_	
5-15	210-215	prov.	_	_	_	
5-16	216-218	CB	LOC	_	_	
5-17	219-220	;	_	_	_	
5-18	221-223	il	_	_	_	
5-19	224-234	27/05/1983	DATE	_	_	
5-20	235-244	residente	_	_	_	
5-21	245-246	a	_	_	_	
5-22	247-257	Campobasso	LOC	_	_	
5-23	258-261	via	_	_	_	
5-24	262-267	Luigi	LOC[4]	_	_	
5-25	268-273	Pulci	LOC[4]	_	_	
5-26	274-276	n.	LOC[4]	_	_	
5-27	277-279	23	LOC[4]	_	_	
5-28	280-286	Codice	_	_	_	
5-29	287-294	fiscale	_	_	_	
5-30	295-311	PVNLCU83E27B519K	CF	_	_	
5-31	312-317	quale	_	_	_	
5-32	318-332	rappresentante	ROLE[5]	_	_	
5-33	333-339	legale	ROLE[5]	_	_	
5-34	340-345	della	_	_	_	
5-35	346-351	ditta	_	_	_	
5-36	352-353	:	_	_	_	
5-37	354-364	Piovanelli	ORG[6]	op|companyRole|vat	5-7[3_6]|5-32[5_6]|5-44[0_6]	
5-38	365-371	a.r.l.	ORG[6]	_	_	
5-39	372-373	,	_	_	_	
5-40	374-376	cf	_	_	_	
5-41	377-378	/	_	_	_	
5-42	379-381	p.	_	_	_	
5-43	382-385	iva	_	_	_	
5-44	386-397	35628153863	NUMBER	_	_	
5-45	398-400	in	_	_	_	
5-46	401-410	relazione	_	_	_	
5-47	411-413	al	_	_	_	
5-48	414-423	combinato	_	_	_	
5-49	424-432	disposto	_	_	_	
5-50	433-438	dall’	_	_	_	
5-51	439-443	art.	LEX[7]	_	_	
5-52	444-445	3	LEX[7]	_	_	
5-53	446-447	,	LEX[7]	_	_	
5-54	448-453	comma	LEX[7]	_	_	
5-55	454-455	3	LEX[7]	_	_	
5-56	456-457	,	LEX[7]	_	_	
5-57	458-461	del	LEX[7]	_	_	
5-58	462-464	D.	LEX[7]	_	_	
5-59	465-469	Lgs.	LEX[7]	_	_	
5-60	470-472	15	LEX[7]	_	_	
5-61	473-481	novembre	LEX[7]	_	_	
5-62	482-486	1993	LEX[7]	_	_	
5-63	487-488	,	LEX[7]	_	_	
5-64	489-491	n.	LEX[7]	_	_	
5-65	492-495	507	LEX[7]	_	_	
5-66	496-497	e	_	_	_	
5-67	498-503	dall’	_	_	_	
5-68	504-508	art.	_	_	_	
5-69	509-512	del	_	_	_	
5-70	513-520	vigente	_	_	_	
5-71	521-522	«	_	_	_	
5-72	523-534	Regolamento	_	_	_	
5-73	535-543	Comunale	_	_	_	
5-74	544-547	per	_	_	_	
5-75	548-550	l’	_	_	_	
5-76	551-563	applicazione	_	_	_	
5-77	564-569	dell’	_	_	_	
5-78	570-577	imposta	_	_	_	
5-79	578-583	sulla	_	_	_	
5-80	584-594	pubblicità	_	_	_	
5-81	595-596	»	_	_	_	
5-82	597-598	;	_	_	_	

#Text=CHIEDE
6-1	599-605	CHIEDE	_	_	_	

#Text=l’ autorizzazione per l’ installazione dei seguenti mezzi pubblicitari :
7-1	606-608	l’	_	_	_	
7-2	609-623	autorizzazione	_	_	_	
7-3	624-627	per	_	_	_	
7-4	628-630	l’	_	_	_	
7-5	631-644	installazione	_	_	_	
7-6	645-648	dei	_	_	_	
7-7	649-657	seguenti	_	_	_	
7-8	658-663	mezzi	_	_	_	
7-9	664-676	pubblicitari	_	_	_	
7-10	677-678	:	_	_	_	
