#FORMAT=WebAnno TSV 3.3
#T_SP=custom.Span|label
#T_RL=custom.Relation|label|BT_custom.Span


#Text=AL SIG. RESPONSABILE DELL’ UFFICIO DI CENSIMENTO DEL COMUNE DI Rovigo
1-1	0-2	AL	_	_	_	
1-2	3-7	SIG.	_	_	_	
1-3	8-20	RESPONSABILE	_	_	_	
1-4	21-26	DELL’	_	_	_	
1-5	27-34	UFFICIO	_	_	_	
1-6	35-37	DI	_	_	_	
1-7	38-48	CENSIMENTO	_	_	_	
1-8	49-52	DEL	_	_	_	
1-9	53-59	COMUNE	ENTE[1]	_	_	
1-10	60-62	DI	ENTE[1]	_	_	
1-11	63-69	Rovigo	ENTE[1]	_	_	

#Text=Censimento permanente : pubblica selezione per la predisposizione di una graduatoria unica da cui attingere collaboratori autonomi a cui affidare l’ incarico di coordinatore o rilevatore o addetto al back-office
2-1	70-80	Censimento	_	_	_	
2-2	81-91	permanente	_	_	_	
2-3	92-93	:	_	_	_	
2-4	94-102	pubblica	_	_	_	
2-5	103-112	selezione	_	_	_	
2-6	113-116	per	_	_	_	
2-7	117-119	la	_	_	_	
2-8	120-135	predisposizione	_	_	_	
2-9	136-138	di	_	_	_	
2-10	139-142	una	_	_	_	
2-11	143-154	graduatoria	_	_	_	
2-12	155-160	unica	_	_	_	
2-13	161-163	da	_	_	_	
2-14	164-167	cui	_	_	_	
2-15	168-177	attingere	_	_	_	
2-16	178-191	collaboratori	_	_	_	
2-17	192-200	autonomi	_	_	_	
2-18	201-202	a	_	_	_	
2-19	203-206	cui	_	_	_	
2-20	207-215	affidare	_	_	_	
2-21	216-218	l’	_	_	_	
2-22	219-227	incarico	_	_	_	
2-23	228-230	di	_	_	_	
2-24	231-243	coordinatore	_	_	_	
2-25	244-245	o	_	_	_	
2-26	246-256	rilevatore	_	_	_	
2-27	257-258	o	_	_	_	
2-28	259-266	addetto	_	_	_	
2-29	267-269	al	_	_	_	
2-30	270-281	back-office	_	_	_	

#Text=Il / La sottoscritto / a Sabrina Lorenzi nato / a a Rovigo , prov. RO , il 20/10/1993 residente nel comune di Rovigo prov. Rovigo in via battipaglia n. 224 cell. 338 6910111 Codice fiscale LRNSRN93R60H620O e-mail sabri.l@gmail.com CHIEDE Di partecipare alla pubblica selezione per la predisposizione di una graduatoria unica da cui attingere collaboratori autonomi a cui affidare l’ incarico di coordinatore o rilevatore o addetto al back-office per il Censimento permanente A tal fine a conoscenza del disposto dell’ art. 76 del D.P.R. 28 dicembre 2000 , n .
3-1	282-284	Il	_	_	_	
3-2	285-286	/	_	_	_	
3-3	287-289	La	_	_	_	
3-4	290-302	sottoscritto	_	_	_	
3-5	303-304	/	_	_	_	
3-6	305-306	a	_	_	_	
3-7	307-314	Sabrina	PER[2]	addressR|cf|birthDate|addressR|addressR|tel|email|birthLoc|birthLoc	3-28[4_2]|3-35[0_2]|3-19[0_2]|3-22[3_2]|3-26[0_2]|3-32[0_2]|3-37[0_2]|3-16[0_2]|3-13[0_2]	
3-8	315-322	Lorenzi	PER[2]	_	_	
3-9	323-327	nato	_	_	_	
3-10	328-329	/	_	_	_	
3-11	330-331	a	_	_	_	
3-12	332-333	a	_	_	_	
3-13	334-340	Rovigo	LOC	_	_	
3-14	341-342	,	_	_	_	
3-15	343-348	prov.	_	_	_	
3-16	349-351	RO	LOC	_	_	
3-17	352-353	,	_	_	_	
3-18	354-356	il	_	_	_	
3-19	357-367	20/10/1993	DATE	_	_	
3-20	368-377	residente	_	_	_	
3-21	378-381	nel	_	_	_	
3-22	382-388	comune	LOC[3]	_	_	
3-23	389-391	di	LOC[3]	_	_	
3-24	392-398	Rovigo	LOC[3]	_	_	
3-25	399-404	prov.	_	_	_	
3-26	405-411	Rovigo	LOC	_	_	
3-27	412-414	in	_	_	_	
3-28	415-418	via	LOC[4]	_	_	
3-29	419-430	battipaglia	LOC[4]	_	_	
3-30	431-437	n. 224	LOC[4]	_	_	
3-31	438-443	cell.	_	_	_	
3-32	444-455	338 6910111	NUMBER	_	_	
3-33	456-462	Codice	_	_	_	
3-34	463-470	fiscale	_	_	_	
3-35	471-487	LRNSRN93R60H620O	CF	_	_	
3-36	488-494	e-mail	_	_	_	
3-37	495-512	sabri.l@gmail.com	EMAIL	_	_	
3-38	513-519	CHIEDE	_	_	_	
3-39	520-522	Di	_	_	_	
3-40	523-534	partecipare	_	_	_	
3-41	535-539	alla	_	_	_	
3-42	540-548	pubblica	_	_	_	
3-43	549-558	selezione	_	_	_	
3-44	559-562	per	_	_	_	
3-45	563-565	la	_	_	_	
3-46	566-581	predisposizione	_	_	_	
3-47	582-584	di	_	_	_	
3-48	585-588	una	_	_	_	
3-49	589-600	graduatoria	_	_	_	
3-50	601-606	unica	_	_	_	
3-51	607-609	da	_	_	_	
3-52	610-613	cui	_	_	_	
3-53	614-623	attingere	_	_	_	
3-54	624-637	collaboratori	_	_	_	
3-55	638-646	autonomi	_	_	_	
3-56	647-648	a	_	_	_	
3-57	649-652	cui	_	_	_	
3-58	653-661	affidare	_	_	_	
3-59	662-664	l’	_	_	_	
3-60	665-673	incarico	_	_	_	
3-61	674-676	di	_	_	_	
3-62	677-689	coordinatore	_	_	_	
3-63	690-691	o	_	_	_	
3-64	692-702	rilevatore	_	_	_	
3-65	703-704	o	_	_	_	
3-66	705-712	addetto	_	_	_	
3-67	713-715	al	_	_	_	
3-68	716-727	back-office	_	_	_	
3-69	728-731	per	_	_	_	
3-70	732-734	il	_	_	_	
3-71	735-745	Censimento	_	_	_	
3-72	746-756	permanente	_	_	_	
3-73	757-758	A	_	_	_	
3-74	759-762	tal	_	_	_	
3-75	763-767	fine	_	_	_	
3-76	768-769	a	_	_	_	
3-77	770-780	conoscenza	_	_	_	
3-78	781-784	del	_	_	_	
3-79	785-793	disposto	_	_	_	
3-80	794-799	dell’	_	_	_	
3-81	800-804	art.	LEX[5]	_	_	
3-82	805-807	76	LEX[5]	_	_	
3-83	808-811	del	LEX[5]	_	_	
3-84	812-818	D.P.R.	LEX[5]	_	_	
3-85	819-821	28	LEX[5]	_	_	
3-86	822-830	dicembre	LEX[5]	_	_	
3-87	831-835	2000	LEX[5]	_	_	
3-88	836-837	,	LEX[5]	_	_	
3-89	838-839	n	LEX[5]|\_[6]	\_	4-1[0_6]	
3-90	840-841	.	_	_	_	

#Text=445 , e ferma restando , a norma del disposto dell’ art. 75 , dello stesso D.P.R. n. 445/2000 , nel caso di dichiarazione non veritiera , la decadenza dai benefici eventualmente conseguiti e sotto la propria personale responsabilità , DICHIARA
4-1	842-845	445	\_	_	_	
4-2	846-847	,	_	_	_	
4-3	848-849	e	_	_	_	
4-4	850-855	ferma	_	_	_	
4-5	856-864	restando	_	_	_	
4-6	865-866	,	_	_	_	
4-7	867-868	a	_	_	_	
4-8	869-874	norma	_	_	_	
4-9	875-878	del	_	_	_	
4-10	879-887	disposto	_	_	_	
4-11	888-893	dell’	_	_	_	
4-12	894-898	art.	LEX[7]	_	_	
4-13	899-901	75	LEX[7]	_	_	
4-14	902-903	,	LEX[7]	_	_	
4-15	904-909	dello	LEX[7]	_	_	
4-16	910-916	stesso	LEX[7]	_	_	
4-17	917-923	D.P.R.	LEX[7]	_	_	
4-18	924-926	n.	LEX[7]	_	_	
4-19	927-935	445/2000	LEX[7]	_	_	
4-20	936-937	,	_	_	_	
4-21	938-941	nel	_	_	_	
4-22	942-946	caso	_	_	_	
4-23	947-949	di	_	_	_	
4-24	950-963	dichiarazione	_	_	_	
4-25	964-967	non	_	_	_	
4-26	968-977	veritiera	_	_	_	
4-27	978-979	,	_	_	_	
4-28	980-982	la	_	_	_	
4-29	983-992	decadenza	_	_	_	
4-30	993-996	dai	_	_	_	
4-31	997-1005	benefici	_	_	_	
4-32	1006-1019	eventualmente	_	_	_	
4-33	1020-1030	conseguiti	_	_	_	
4-34	1031-1032	e	_	_	_	
4-35	1033-1038	sotto	_	_	_	
4-36	1039-1041	la	_	_	_	
4-37	1042-1049	propria	_	_	_	
4-38	1050-1059	personale	_	_	_	
4-39	1060-1074	responsabilità	_	_	_	
4-40	1075-1076	,	_	_	_	
4-41	1077-1085	DICHIARA	_	_	_	
