#FORMAT=WebAnno TSV 3.3
#T_SP=custom.Span|label
#T_RL=custom.Relation|label|BT_custom.Span


#Text=Pratica edilizia del 08/01/2018 Protocollo 34 da compilare a cura del SUE / SUAP SOGGETTI COINVOLTI 1 .
1-1	0-7	Pratica	_	_	_	
1-2	8-16	edilizia	_	_	_	
1-3	17-20	del	_	_	_	
1-4	21-31	08/01/2018	_	_	_	
1-5	32-42	Protocollo	_	_	_	
1-6	43-45	34	_	_	_	
1-7	46-48	da	_	_	_	
1-8	49-58	compilare	_	_	_	
1-9	59-60	a	_	_	_	
1-10	61-65	cura	_	_	_	
1-11	66-69	del	_	_	_	
1-12	70-73	SUE	_	_	_	
1-13	74-75	/	_	_	_	
1-14	76-80	SUAP	_	_	_	
1-15	81-89	SOGGETTI	_	_	_	
1-16	90-99	COINVOLTI	_	_	_	
1-17	100-101	1	_	_	_	
1-18	102-103	.	_	_	_	

#Text=TITOLARI ( compilare solo in caso di più di untitolare – sezione ripetibile ) Cognome e Nome Rossi Roberto codice fiscale RSSRRT65D04L424T titolare della ditta / società Rossicostruzioni s.p.a. con codice fiscale / p. IVA 389456362 nato a Trieste prov. TS stato Italia il 04/04/1965 residente in Trieste prov. TS stato Italia indirizzo Via del Bon n. 340 C.A.P. 34121 PEC / posta elettronica rrossi@rossispa.org Telefono fisso / cellulare +39 338 5467388
2-1	104-112	TITOLARI	_	_	_	
2-2	113-114	(	_	_	_	
2-3	115-124	compilare	_	_	_	
2-4	125-129	solo	_	_	_	
2-5	130-132	in	_	_	_	
2-6	133-137	caso	_	_	_	
2-7	138-140	di	_	_	_	
2-8	141-144	più	_	_	_	
2-9	145-147	di	_	_	_	
2-10	148-158	untitolare	_	_	_	
2-11	159-160	–	_	_	_	
2-12	161-168	sezione	_	_	_	
2-13	169-179	ripetibile	_	_	_	
2-14	180-181	)	_	_	_	
2-15	182-189	Cognome	_	_	_	
2-16	190-191	e	_	_	_	
2-17	192-196	Nome	_	_	_	
2-18	197-202	Rossi	PER[1]	addressR|addressR|cf|birthLoc|addressR|addressR|email|birthDate|addressR|op|birthLoc|birthLoc|tel|personalRole	2-58[0_1]|2-53[3_1]|2-22[0_1]|2-40[0_1]|2-51[0_1]|2-47[0_1]|2-63[0_1]|2-44[0_1]|2-49[0_1]|2-28[2_1]|2-38[0_1]|2-42[0_1]|2-68[0_1]|2-23[0_1]	
2-19	203-210	Roberto	PER[1]	_	_	
2-20	211-217	codice	_	_	_	
2-21	218-225	fiscale	_	_	_	
2-22	226-242	RSSRRT65D04L424T	CF	_	_	
2-23	243-251	titolare	ROLE	_	_	
2-24	252-257	della	_	_	_	
2-25	258-263	ditta	_	_	_	
2-26	264-265	/	_	_	_	
2-27	266-273	società	_	_	_	
2-28	274-290	Rossicostruzioni	ORG[2]	companyRole|vat	2-23[0_2]|2-35[0_2]	
2-29	291-297	s.p.a.	ORG[2]	_	_	
2-30	298-301	con	_	_	_	
2-31	302-308	codice	_	_	_	
2-32	309-316	fiscale	_	_	_	
2-33	317-318	/	_	_	_	
2-34	319-325	p. IVA	_	_	_	
2-35	326-335	389456362	NUMBER	_	_	
2-36	336-340	nato	_	_	_	
2-37	341-342	a	_	_	_	
2-38	343-350	Trieste	LOC	_	_	
2-39	351-356	prov.	_	_	_	
2-40	357-359	TS	LOC	_	_	
2-41	360-365	stato	_	_	_	
2-42	366-372	Italia	LOC	_	_	
2-43	373-375	il	_	_	_	
2-44	376-386	04/04/1965	DATE	_	_	
2-45	387-396	residente	_	_	_	
2-46	397-399	in	_	_	_	
2-47	400-407	Trieste	LOC	_	_	
2-48	408-413	prov.	_	_	_	
2-49	414-416	TS	LOC	_	_	
2-50	417-422	stato	_	_	_	
2-51	423-429	Italia	LOC	_	_	
2-52	430-439	indirizzo	_	_	_	
2-53	440-443	Via	LOC[3]	_	_	
2-54	444-447	del	LOC[3]	_	_	
2-55	448-451	Bon	LOC[3]	_	_	
2-56	452-458	n. 340	LOC[3]	_	_	
2-57	459-465	C.A.P.	_	_	_	
2-58	466-471	34121	LOC	_	_	
2-59	472-475	PEC	_	_	_	
2-60	476-477	/	_	_	_	
2-61	478-483	posta	_	_	_	
2-62	484-495	elettronica	_	_	_	
2-63	496-515	rrossi@rossispa.org	EMAIL	_	_	
2-64	516-524	Telefono	_	_	_	
2-65	525-530	fisso	_	_	_	
2-66	531-532	/	_	_	_	
2-67	533-542	cellulare	_	_	_	
2-68	543-558	+39 338 5467388	NUMBER	_	_	

#Text=Da compilare solo nel caso in cui il titolare sia una ditta o società 2 .
3-1	559-561	Da	_	_	_	
3-2	562-571	compilare	_	_	_	
3-3	572-576	solo	_	_	_	
3-4	577-580	nel	_	_	_	
3-5	581-585	caso	_	_	_	
3-6	586-588	in	_	_	_	
3-7	589-592	cui	_	_	_	
3-8	593-595	il	_	_	_	
3-9	596-604	titolare	_	_	_	
3-10	605-608	sia	_	_	_	
3-11	609-612	una	_	_	_	
3-12	613-618	ditta	_	_	_	
3-13	619-620	o	_	_	_	
3-14	621-628	società	_	_	_	
3-15	629-630	2	_	_	_	
3-16	631-632	.	_	_	_	

#Text=TECNICI INCARICATI ( compilare obbligatoriamente ) Progettista delle opere architettoniche ( sempre necessario )  incaricato anche come direttore dei lavori delle opere architettoniche Cognome e Nome Letizia Davila codice fiscale DVLLTZ85C41L424O nato a Trieste prov. TS stato Italia nato il 01/03/1985 residente in Trieste prov. TS stato Italia indirizzo via Trento n. 45 C.A.P. 34122 con studio in Trieste prov. TS stato Italia indirizzo Via Don Giovanni Bosco n. 113 C.A.P. 34124 Iscritto all’ ordine / collegio degli architetti di Trieste n. 773 Telefono + 39 337 6429888 posta elettronicacertificata davilaletizia@pec.it
4-1	633-640	TECNICI	_	_	_	
4-2	641-651	INCARICATI	_	_	_	
4-3	652-653	(	_	_	_	
4-4	654-663	compilare	_	_	_	
4-5	664-681	obbligatoriamente	_	_	_	
4-6	682-683	)	_	_	_	
4-7	684-695	Progettista	ROLE[4]	_	_	
4-8	696-701	delle	ROLE[4]	_	_	
4-9	702-707	opere	ROLE[4]	_	_	
4-10	708-723	architettoniche	ROLE[4]	_	_	
4-11	724-725	(	_	_	_	
4-12	726-732	sempre	_	_	_	
4-13	733-743	necessario	_	_	_	
4-14	744-745	)	_	_	_	
4-15	746-747		_	_	_	
4-16	748-758	incaricato	_	_	_	
4-17	759-764	anche	_	_	_	
4-18	765-769	come	_	_	_	
4-19	770-779	direttore	ROLE[5]	_	_	
4-20	780-783	dei	ROLE[5]	_	_	
4-21	784-790	lavori	ROLE[5]	_	_	
4-22	791-796	delle	ROLE[5]	_	_	
4-23	797-802	opere	ROLE[5]	_	_	
4-24	803-818	architettoniche	ROLE[5]	_	_	
4-25	819-826	Cognome	_	_	_	
4-26	827-828	e	_	_	_	
4-27	829-833	Nome	_	_	_	
4-28	834-841	Letizia	PER[6]	personalRole|cf|addressR|personalRole|addressR|addressR|birthLoc|tel|birthLoc|email|birthDate|addressR|birthLoc|addressR	4-7[4_6]|4-32[0_6]|4-55[0_6]|4-19[5_6]|4-51[7_6]|4-45[0_6]|4-35[0_6]|4-84[0_6]|4-37[0_6]|4-87[0_6]|4-42[0_6]|4-49[0_6]|4-39[0_6]|4-47[0_6]	
4-29	842-848	Davila	PER[6]	_	_	
4-30	849-855	codice	_	_	_	
4-31	856-863	fiscale	_	_	_	
4-32	864-880	DVLLTZ85C41L424O	CF	_	_	
4-33	881-885	nato	_	_	_	
4-34	886-887	a	_	_	_	
4-35	888-895	Trieste	LOC	_	_	
4-36	896-901	prov.	_	_	_	
4-37	902-904	TS	LOC	_	_	
4-38	905-910	stato	_	_	_	
4-39	911-917	Italia	LOC	_	_	
4-40	918-922	nato	_	_	_	
4-41	923-925	il	_	_	_	
4-42	926-936	01/03/1985	DATE	_	_	
4-43	937-946	residente	_	_	_	
4-44	947-949	in	_	_	_	
4-45	950-957	Trieste	LOC	_	_	
4-46	958-963	prov.	_	_	_	
4-47	964-966	TS	LOC	_	_	
4-48	967-972	stato	_	_	_	
4-49	973-979	Italia	LOC	_	_	
4-50	980-989	indirizzo	_	_	_	
4-51	990-993	via	LOC[7]	_	_	
4-52	994-1000	Trento	LOC[7]	_	_	
4-53	1001-1006	n. 45	LOC[7]	_	_	
4-54	1007-1013	C.A.P.	_	_	_	
4-55	1014-1019	34122	LOC	_	_	
4-56	1020-1023	con	_	_	_	
4-57	1024-1030	studio	_	_	_	
4-58	1031-1033	in	_	_	_	
4-59	1034-1041	Trieste	LOC	_	_	
4-60	1042-1047	prov.	_	_	_	
4-61	1048-1050	TS	LOC	_	_	
4-62	1051-1056	stato	_	_	_	
4-63	1057-1063	Italia	LOC	_	_	
4-64	1064-1073	indirizzo	_	_	_	
4-65	1074-1077	Via	LOC[8]	_	_	
4-66	1078-1081	Don	LOC[8]	_	_	
4-67	1082-1090	Giovanni	LOC[8]	_	_	
4-68	1091-1096	Bosco	LOC[8]	_	_	
4-69	1097-1103	n. 113	LOC[8]	_	_	
4-70	1104-1110	C.A.P.	_	_	_	
4-71	1111-1116	34124	LOC	_	_	
4-72	1117-1125	Iscritto	_	_	_	
4-73	1126-1130	all’	_	_	_	
4-74	1131-1137	ordine	_	_	_	
4-75	1138-1139	/	_	_	_	
4-76	1140-1148	collegio	_	_	_	
4-77	1149-1154	degli	_	_	_	
4-78	1155-1165	architetti	_	_	_	
4-79	1166-1168	di	_	_	_	
4-80	1169-1176	Trieste	LOC	_	_	
4-81	1177-1183	n. 773	_	_	_	
4-82	1184-1192	Telefono	_	_	_	
4-83	1193-1194	+	_	_	_	
4-84	1195-1209	39 337 6429888	NUMBER	_	_	
4-85	1210-1215	posta	_	_	_	
4-86	1216-1238	elettronicacertificata	_	_	_	
4-87	1239-1259	davilaletizia@pec.it	EMAIL	_	_	

#Text=Le sezioni e le informazioni che possono variare sulla base della diversa legislazione regionale sono contrassegnate con un asterisco ( * ) .
5-1	1260-1262	Le	_	_	_	
5-2	1263-1270	sezioni	_	_	_	
5-3	1271-1272	e	_	_	_	
5-4	1273-1275	le	_	_	_	
5-5	1276-1288	informazioni	_	_	_	
5-6	1289-1292	che	_	_	_	
5-7	1293-1300	possono	_	_	_	
5-8	1301-1308	variare	_	_	_	
5-9	1309-1314	sulla	_	_	_	
5-10	1315-1319	base	_	_	_	
5-11	1320-1325	della	_	_	_	
5-12	1326-1333	diversa	_	_	_	
5-13	1334-1346	legislazione	_	_	_	
5-14	1347-1356	regionale	_	_	_	
5-15	1357-1361	sono	_	_	_	
5-16	1362-1376	contrassegnate	_	_	_	
5-17	1377-1380	con	_	_	_	
5-18	1381-1383	un	_	_	_	
5-19	1384-1393	asterisco	_	_	_	
5-20	1394-1395	(	_	_	_	
5-21	1396-1397	*	_	_	_	
5-22	1398-1399	)	_	_	_	
5-23	1400-1401	.	_	_	_	
