#FORMAT=WebAnno TSV 3.3
#T_SP=custom.Span|label
#T_RL=custom.Relation|label|BT_custom.Span


#Text=Al Sig. Sindaco del Comune di Agrigento
1-1	0-2	Al	_	_	_	
1-2	3-7	Sig.	_	_	_	
1-3	8-15	Sindaco	_	_	_	
1-4	16-19	del	_	_	_	
1-5	20-26	Comune	ENTE[1]	_	_	
1-6	27-29	di	ENTE[1]	_	_	
1-7	30-39	Agrigento	ENTE[1]	_	_	

#Text=OGGETTO : Richiesta di assegnazione alla sperimentazione del telelavoro .
2-1	40-47	OGGETTO	_	_	_	
2-2	48-49	:	_	_	_	
2-3	50-59	Richiesta	_	_	_	
2-4	60-62	di	_	_	_	
2-5	63-75	assegnazione	_	_	_	
2-6	76-80	alla	_	_	_	
2-7	81-96	sperimentazione	_	_	_	
2-8	97-100	del	_	_	_	
2-9	101-111	telelavoro	_	_	_	
2-10	112-113	.	_	_	_	

#Text=La sottoscritta Teresa Feriti , nata a Agrigento , il 27/05/1996 , dipendente da codesta Amministrazione :
3-1	114-116	La	_	_	_	
3-2	117-129	sottoscritta	_	_	_	
3-3	130-136	Teresa	PER[2]	birthLoc|birthDate	3-8[0_2]|3-11[0_2]	
3-4	137-143	Feriti	PER[2]	_	_	
3-5	144-145	,	_	_	_	
3-6	146-150	nata	_	_	_	
3-7	151-152	a	_	_	_	
3-8	153-162	Agrigento	LOC	_	_	
3-9	163-164	,	_	_	_	
3-10	165-167	il	_	_	_	
3-11	168-178	27/05/1996	DATE	_	_	
3-12	179-180	,	_	_	_	
3-13	181-191	dipendente	_	_	_	
3-14	192-194	da	_	_	_	
3-15	195-202	codesta	_	_	_	
3-16	203-218	Amministrazione	_	_	_	
3-17	219-220	:	_	_	_	

#Text=- inquadrato nella categoria ;
4-1	221-222	-	_	_	_	
4-2	223-233	inquadrato	_	_	_	
4-3	234-239	nella	_	_	_	
4-4	240-249	categoria	_	_	_	
4-5	250-251	;	_	_	_	

#Text=- profilo professionale di segretaria ;
5-1	252-253	-	_	_	_	
5-2	254-261	profilo	_	_	_	
5-3	262-275	professionale	_	_	_	
5-4	276-278	di	_	_	_	
5-5	279-289	segretaria	_	_	_	
5-6	290-291	;	_	_	_	

#Text=- area di appartenenza professioni della comunicazione , in relazione alla determinazione n. 13 , in data 09/07/2008 avente per oggetto “ Approvazione del progetto sperimentale per il telelavoro ” , CHIEDE di essere assegnato al detto esperimento per il posto di segretaria .
6-1	292-293	-	_	_	_	
6-2	294-298	area	_	_	_	
6-3	299-301	di	_	_	_	
6-4	302-314	appartenenza	_	_	_	
6-5	315-326	professioni	_	_	_	
6-6	327-332	della	_	_	_	
6-7	333-346	comunicazione	_	_	_	
6-8	347-348	,	_	_	_	
6-9	349-351	in	_	_	_	
6-10	352-361	relazione	_	_	_	
6-11	362-366	alla	_	_	_	
6-12	367-381	determinazione	_	_	_	
6-13	382-387	n. 13	_	_	_	
6-14	388-389	,	_	_	_	
6-15	390-392	in	_	_	_	
6-16	393-397	data	_	_	_	
6-17	398-408	09/07/2008	_	_	_	
6-18	409-415	avente	_	_	_	
6-19	416-419	per	_	_	_	
6-20	420-427	oggetto	_	_	_	
6-21	428-429	“	_	_	_	
6-22	430-442	Approvazione	_	_	_	
6-23	443-446	del	_	_	_	
6-24	447-455	progetto	_	_	_	
6-25	456-468	sperimentale	_	_	_	
6-26	469-472	per	_	_	_	
6-27	473-475	il	_	_	_	
6-28	476-486	telelavoro	_	_	_	
6-29	487-488	”	_	_	_	
6-30	489-490	,	_	_	_	
6-31	491-497	CHIEDE	_	_	_	
6-32	498-500	di	_	_	_	
6-33	501-507	essere	_	_	_	
6-34	508-517	assegnato	_	_	_	
6-35	518-520	al	_	_	_	
6-36	521-526	detto	_	_	_	
6-37	527-538	esperimento	_	_	_	
6-38	539-542	per	_	_	_	
6-39	543-545	il	_	_	_	
6-40	546-551	posto	_	_	_	
6-41	552-554	di	_	_	_	
6-42	555-565	segretaria	_	_	_	
6-43	566-567	.	_	_	_	

#Text=Nel caso di richieste superiori al numero delle posizioni interessate all’ esperimento , sotto la propria personale responsabilità DICHIARA di trovarsi nella seguente particolare situazione contrassegnata con crocetta :
7-1	568-571	Nel	_	_	_	
7-2	572-576	caso	_	_	_	
7-3	577-579	di	_	_	_	
7-4	580-589	richieste	_	_	_	
7-5	590-599	superiori	_	_	_	
7-6	600-602	al	_	_	_	
7-7	603-609	numero	_	_	_	
7-8	610-615	delle	_	_	_	
7-9	616-625	posizioni	_	_	_	
7-10	626-637	interessate	_	_	_	
7-11	638-642	all’	_	_	_	
7-12	643-654	esperimento	_	_	_	
7-13	655-656	,	_	_	_	
7-14	657-662	sotto	_	_	_	
7-15	663-665	la	_	_	_	
7-16	666-673	propria	_	_	_	
7-17	674-683	personale	_	_	_	
7-18	684-698	responsabilità	_	_	_	
7-19	699-707	DICHIARA	_	_	_	
7-20	708-710	di	_	_	_	
7-21	711-719	trovarsi	_	_	_	
7-22	720-725	nella	_	_	_	
7-23	726-734	seguente	_	_	_	
7-24	735-746	particolare	_	_	_	
7-25	747-757	situazione	_	_	_	
7-26	758-772	contrassegnata	_	_	_	
7-27	773-776	con	_	_	_	
7-28	777-785	crocetta	_	_	_	
7-29	786-787	:	_	_	_	

#Text=0 situazioni di disabilità psico-fisiche tali da rendere disagevole il raggiungimento del luogo di lavoro ;
8-1	788-789	0	_	_	_	
8-2	790-800	situazioni	_	_	_	
8-3	801-803	di	_	_	_	
8-4	804-814	disabilità	_	_	_	
8-5	815-828	psico-fisiche	_	_	_	
8-6	829-833	tali	_	_	_	
8-7	834-836	da	_	_	_	
8-8	837-844	rendere	_	_	_	
8-9	845-855	disagevole	_	_	_	
8-10	856-858	il	_	_	_	
8-11	859-873	raggiungimento	_	_	_	
8-12	874-877	del	_	_	_	
8-13	878-883	luogo	_	_	_	
8-14	884-886	di	_	_	_	
8-15	887-893	lavoro	_	_	_	
8-16	894-895	;	_	_	_	

#Text=0 esigenze di cura di figli minori di 8 anni ;
9-1	896-897	0	_	_	_	
9-2	898-906	esigenze	_	_	_	
9-3	907-909	di	_	_	_	
9-4	910-914	cura	_	_	_	
9-5	915-917	di	_	_	_	
9-6	918-923	figli	_	_	_	
9-7	924-930	minori	_	_	_	
9-8	931-933	di	_	_	_	
9-9	934-935	8	_	_	_	
9-10	936-940	anni	_	_	_	
9-11	941-942	;	_	_	_	

#Text=esigenze di cura nei confronti di familiari o conviventi , debitamente certificate ;
10-1	943-951	esigenze	_	_	_	
10-2	952-954	di	_	_	_	
10-3	955-959	cura	_	_	_	
10-4	960-963	nei	_	_	_	
10-5	964-973	confronti	_	_	_	
10-6	974-976	di	_	_	_	
10-7	977-986	familiari	_	_	_	
10-8	987-988	o	_	_	_	
10-9	989-999	conviventi	_	_	_	
10-10	1000-1001	,	_	_	_	
10-11	1002-1013	debitamente	_	_	_	
10-12	1014-1025	certificate	_	_	_	
10-13	1026-1027	;	_	_	_	

#Text=0 maggiore tempo di percorrenza dall’ abitazione alla sede .
11-1	1028-1029	0	_	_	_	
11-2	1030-1038	maggiore	_	_	_	
11-3	1039-1044	tempo	_	_	_	
11-4	1045-1047	di	_	_	_	
11-5	1048-1059	percorrenza	_	_	_	
11-6	1060-1065	dall’	_	_	_	
11-7	1066-1076	abitazione	_	_	_	
11-8	1077-1081	alla	_	_	_	
11-9	1082-1086	sede	_	_	_	
11-10	1087-1088	.	_	_	_	

#Text=Il / la richiedente
12-1	1089-1091	Il	_	_	_	
12-2	1092-1093	/	_	_	_	
12-3	1094-1096	la	_	_	_	
12-4	1097-1108	richiedente	_	_	_	
