#FORMAT=WebAnno TSV 3.3
#T_SP=custom.Span|label
#T_RL=custom.Relation|label|BT_custom.Span


#Text=ALLEGATO A
1-1	0-8	ALLEGATO	_	_	_	
1-2	9-10	A	_	_	_	

#Text=Modulo di richiesta d’ utilizzo del TEATRO COMUNALE ALLEGRI
2-1	11-17	Modulo	_	_	_	
2-2	18-20	di	_	_	_	
2-3	21-30	richiesta	_	_	_	
2-4	31-33	d’	_	_	_	
2-5	34-42	utilizzo	_	_	_	
2-6	43-46	del	_	_	_	
2-7	47-53	TEATRO	ORG[1]	_	_	
2-8	54-62	COMUNALE	ORG[1]	_	_	
2-9	63-70	ALLEGRI	ORG[1]	_	_	

#Text=Riservato agli Uffici per Arrivo e Protocollo
3-1	71-80	Riservato	_	_	_	
3-2	81-85	agli	_	_	_	
3-3	86-92	Uffici	_	_	_	
3-4	93-96	per	_	_	_	
3-5	97-103	Arrivo	_	_	_	
3-6	104-105	e	_	_	_	
3-7	106-116	Protocollo	_	_	_	

#Text=Al DIRETTORE ARTISTICO DEL TEATRO ALLEGRI
4-1	117-119	Al	_	_	_	
4-2	120-129	DIRETTORE	_	_	_	
4-3	130-139	ARTISTICO	_	_	_	
4-4	140-143	DEL	_	_	_	
4-5	144-150	TEATRO	ORG[2]	_	_	
4-6	151-158	ALLEGRI	ORG[2]	_	_	

#Text=Al SINDACO del COMUNE di Milano
5-1	159-161	Al	_	_	_	
5-2	162-169	SINDACO	_	_	_	
5-3	170-173	del	_	_	_	
5-4	174-180	COMUNE	ENTE[3]	_	_	
5-5	181-183	di	ENTE[3]	_	_	
5-6	184-190	Milano	ENTE[3]	_	_	

#Text=c / o UFFICIO CULTURA E TEATRO
6-1	191-192	c	_	_	_	
6-2	193-194	/	_	_	_	
6-3	195-196	o	_	_	_	
6-4	197-204	UFFICIO	_	_	_	
6-5	205-212	CULTURA	_	_	_	
6-6	213-214	E	_	_	_	
6-7	215-221	TEATRO	_	_	_	

#Text=Scheda anagrafica
7-1	222-228	Scheda	_	_	_	
7-2	229-239	anagrafica	_	_	_	

#Text=Il / La sottoscritto / a Paolo Bernardi , nato / a a Milano il 24/11/1995 C.F. BRNPLA95S24F205Y , residente in Milano Via / Piazza Vicolo Del Proconsolo 113 , Tel / Fax 02 945637 Cell 345 7886765 E-Mail bernardi@gmail.com in qualità di direttore della □ compagnia teatrale □ associazione TEATRO PER TUTTI S.P.A. , con sede in Milano , Via / Piazza Via degli Arcimboldi 67 E-mail teatroxtutti@hotmail.it , C.F. / P. IVA 75635392943
8-1	240-242	Il	_	_	_	
8-2	243-244	/	_	_	_	
8-3	245-247	La	_	_	_	
8-4	248-260	sottoscritto	_	_	_	
8-5	261-262	/	_	_	_	
8-6	263-264	a	_	_	_	
8-7	265-270	Paolo	PER[4]	addressR|addressR|tel|email|birthDate|birthLoc|tel|cf|personalRole	8-26[5_4]|8-22[0_4]|8-34[0_4]|8-38[0_4]|8-16[0_4]|8-14[0_4]|8-36[0_4]|8-18[0_4]|8-42[0_4]	
8-8	271-279	Bernardi	PER[4]	_	_	
8-9	280-281	,	_	_	_	
8-10	282-286	nato	_	_	_	
8-11	287-288	/	_	_	_	
8-12	289-290	a	_	_	_	
8-13	291-292	a	_	_	_	
8-14	293-299	Milano	LOC	_	_	
8-15	300-302	il	_	_	_	
8-16	303-313	24/11/1995	DATE	_	_	
8-17	314-318	C.F.	_	_	_	
8-18	319-335	BRNPLA95S24F205Y	CF	_	_	
8-19	336-337	,	_	_	_	
8-20	338-347	residente	_	_	_	
8-21	348-350	in	_	_	_	
8-22	351-357	Milano	LOC	_	_	
8-23	358-361	Via	_	_	_	
8-24	362-363	/	_	_	_	
8-25	364-370	Piazza	_	_	_	
8-26	371-377	Vicolo	LOC[5]	_	_	
8-27	378-381	Del	LOC[5]	_	_	
8-28	382-392	Proconsolo	LOC[5]	_	_	
8-29	393-396	113	LOC[5]	_	_	
8-30	397-398	,	_	_	_	
8-31	399-402	Tel	_	_	_	
8-32	403-404	/	_	_	_	
8-33	405-408	Fax	_	_	_	
8-34	409-418	02 945637	NUMBER	_	_	
8-35	419-423	Cell	_	_	_	
8-36	424-435	345 7886765	NUMBER	_	_	
8-37	436-442	E-Mail	_	_	_	
8-38	443-461	bernardi@gmail.com	EMAIL	_	_	
8-39	462-464	in	_	_	_	
8-40	465-472	qualità	_	_	_	
8-41	473-475	di	_	_	_	
8-42	476-485	direttore	ROLE	_	_	
8-43	486-491	della	_	_	_	
8-44	492-493	□	_	_	_	
8-45	494-503	compagnia	_	_	_	
8-46	504-512	teatrale	_	_	_	
8-47	513-514	□	_	_	_	
8-48	515-527	associazione	_	_	_	
8-49	528-534	TEATRO	ORG[6]	op|addressR|vat|companyRole|addressR|email	8-7[4_6]|8-62[7_6]|8-73[0_6]|8-42[0_6]|8-57[0_6]|8-67[0_6]	
8-50	535-538	PER	ORG[6]	_	_	
8-51	539-544	TUTTI	ORG[6]	_	_	
8-52	545-551	S.P.A.	ORG[6]	_	_	
8-53	552-553	,	_	_	_	
8-54	554-557	con	_	_	_	
8-55	558-562	sede	_	_	_	
8-56	563-565	in	_	_	_	
8-57	566-572	Milano	LOC	_	_	
8-58	573-574	,	_	_	_	
8-59	575-578	Via	_	_	_	
8-60	579-580	/	_	_	_	
8-61	581-587	Piazza	_	_	_	
8-62	588-591	Via	LOC[7]	_	_	
8-63	592-597	degli	LOC[7]	_	_	
8-64	598-608	Arcimboldi	LOC[7]	_	_	
8-65	609-611	67	LOC[7]	_	_	
8-66	612-618	E-mail	_	_	_	
8-67	619-642	teatroxtutti@hotmail.it	EMAIL	_	_	
8-68	643-644	,	_	_	_	
8-69	645-649	C.F.	_	_	_	
8-70	650-651	/	_	_	_	
8-71	652-654	P.	_	_	_	
8-72	655-658	IVA	_	_	_	
8-73	659-670	75635392943	NUMBER	_	_	

#Text=CHIEDE
9-1	671-677	CHIEDE	_	_	_	

#Text=l’ utilizzo del Teatro Comunale Allegri * ( leggere l’ ALLEGATO B ) , sito in Largo Teatro 17 a Milano , per lo svolgimento dello spettacolo / manifestazione dal titolo “ Dialoghi di una donna sola ” per il giorno / per i giorni 27/06/2021 30/06/2021 dalle ore 21 alle ore 23.30 ca secondo quanto stabilito nell’ allegato B - Tariffe del Teatro Allegri : □ a tariffa piena □ a tariffa ridotta , in quanto : □ spettacolo scolastico □ anteprima nazionale □ spettacolo di beneficenza
10-1	678-680	l’	_	_	_	
10-2	681-689	utilizzo	_	_	_	
10-3	690-693	del	_	_	_	
10-4	694-700	Teatro	ORG[8]	addressR|addressR	10-21[0_8]|10-17[9_8]	
10-5	701-709	Comunale	ORG[8]	_	_	
10-6	710-717	Allegri	ORG[8]	_	_	
10-7	718-719	*	_	_	_	
10-8	720-721	(	_	_	_	
10-9	722-729	leggere	_	_	_	
10-10	730-732	l’	_	_	_	
10-11	733-741	ALLEGATO	_	_	_	
10-12	742-743	B	_	_	_	
10-13	744-745	)	_	_	_	
10-14	746-747	,	_	_	_	
10-15	748-752	sito	_	_	_	
10-16	753-755	in	_	_	_	
10-17	756-761	Largo	LOC[9]	_	_	
10-18	762-768	Teatro	LOC[9]	_	_	
10-19	769-771	17	LOC[9]	_	_	
10-20	772-773	a	_	_	_	
10-21	774-780	Milano	LOC	_	_	
10-22	781-782	,	_	_	_	
10-23	783-786	per	_	_	_	
10-24	787-789	lo	_	_	_	
10-25	790-801	svolgimento	_	_	_	
10-26	802-807	dello	_	_	_	
10-27	808-818	spettacolo	_	_	_	
10-28	819-820	/	_	_	_	
10-29	821-835	manifestazione	_	_	_	
10-30	836-839	dal	_	_	_	
10-31	840-846	titolo	_	_	_	
10-32	847-848	“	_	_	_	
10-33	849-857	Dialoghi	_	_	_	
10-34	858-860	di	_	_	_	
10-35	861-864	una	_	_	_	
10-36	865-870	donna	_	_	_	
10-37	871-875	sola	_	_	_	
10-38	876-877	”	_	_	_	
10-39	878-881	per	_	_	_	
10-40	882-884	il	_	_	_	
10-41	885-891	giorno	_	_	_	
10-42	892-893	/	_	_	_	
10-43	894-897	per	_	_	_	
10-44	898-899	i	_	_	_	
10-45	900-906	giorni	_	_	_	
10-46	907-917	27/06/2021	_	_	_	
10-47	918-928	30/06/2021	_	_	_	
10-48	929-934	dalle	_	_	_	
10-49	935-938	ore	_	_	_	
10-50	939-941	21	_	_	_	
10-51	942-946	alle	_	_	_	
10-52	947-950	ore	_	_	_	
10-53	951-956	23.30	_	_	_	
10-54	957-959	ca	_	_	_	
10-55	960-967	secondo	_	_	_	
10-56	968-974	quanto	_	_	_	
10-57	975-984	stabilito	_	_	_	
10-58	985-990	nell’	_	_	_	
10-59	991-999	allegato	_	_	_	
10-60	1000-1001	B	_	_	_	
10-61	1002-1003	-	_	_	_	
10-62	1004-1011	Tariffe	_	_	_	
10-63	1012-1015	del	_	_	_	
10-64	1016-1022	Teatro	ORG[10]	_	_	
10-65	1023-1030	Allegri	ORG[10]	_	_	
10-66	1031-1032	:	_	_	_	
10-67	1033-1034	□	_	_	_	
10-68	1035-1036	a	_	_	_	
10-69	1037-1044	tariffa	_	_	_	
10-70	1045-1050	piena	_	_	_	
10-71	1051-1052	□	_	_	_	
10-72	1053-1054	a	_	_	_	
10-73	1055-1062	tariffa	_	_	_	
10-74	1063-1070	ridotta	_	_	_	
10-75	1071-1072	,	_	_	_	
10-76	1073-1075	in	_	_	_	
10-77	1076-1082	quanto	_	_	_	
10-78	1083-1084	:	_	_	_	
10-79	1085-1086	□	_	_	_	
10-80	1087-1097	spettacolo	_	_	_	
10-81	1098-1108	scolastico	_	_	_	
10-82	1109-1110	□	_	_	_	
10-83	1111-1120	anteprima	_	_	_	
10-84	1121-1130	nazionale	_	_	_	
10-85	1131-1132	□	_	_	_	
10-86	1133-1143	spettacolo	_	_	_	
10-87	1144-1146	di	_	_	_	
10-88	1147-1158	beneficenza	_	_	_	
