#FORMAT=WebAnno TSV 3.3
#T_SP=custom.Span|label
#T_RL=custom.Relation|label|BT_custom.Span


#Text=Alla Polizia Locale del Comune di Lodi Ufficio Esattore sede Lodi
1-1	0-4	Alla	_	_	_	
1-2	5-12	Polizia	ENTE[1]	_	_	
1-3	13-19	Locale	ENTE[1]	_	_	
1-4	20-23	del	_	_	_	
1-5	24-30	Comune	ENTE[2]	_	_	
1-6	31-33	di	ENTE[2]	_	_	
1-7	34-38	Lodi	ENTE[2]	_	_	
1-8	39-46	Ufficio	_	_	_	
1-9	47-55	Esattore	_	_	_	
1-10	56-60	sede	_	_	_	
1-11	61-65	Lodi	LOC	_	_	

#Text=Oggetto : Richiesta di annullamento di cartella esattoriale
2-1	66-73	Oggetto	_	_	_	
2-2	74-75	:	_	_	_	
2-3	76-85	Richiesta	_	_	_	
2-4	86-88	di	_	_	_	
2-5	89-101	annullamento	_	_	_	
2-6	102-104	di	_	_	_	
2-7	105-113	cartella	_	_	_	
2-8	114-125	esattoriale	_	_	_	

#Text=Il / La sottoscritto / a Crepaldi Gino nato a Lodi Il 15/11/1968 e residente a Lodi Prov ( LO ) Via Marsala civ 67 cap 26900 codice fiscale CRPGNI68S15E648U Fax 098 196342 PEC g.crepaldi@pec.it con riferimento alla cartella esattoriale n. 269 CONSIDERATO CHE Tale provvedimento appare illegittimo per i seguenti motivi :
3-1	126-128	Il	_	_	_	
3-2	129-130	/	_	_	_	
3-3	131-133	La	_	_	_	
3-4	134-146	sottoscritto	_	_	_	
3-5	147-148	/	_	_	_	
3-6	149-150	a	_	_	_	
3-7	151-159	Crepaldi	PER[3]	addressR|addressR|birthLoc|addressR|tel|email|birthDate|cf|addressR	3-27[0_3]|3-22[4_3]|3-11[0_3]|3-20[0_3]|3-32[0_3]|3-34[0_3]|3-13[0_3]|3-30[0_3]|3-17[0_3]	
3-8	160-164	Gino	PER[3]	_	_	
3-9	165-169	nato	_	_	_	
3-10	170-171	a	_	_	_	
3-11	172-176	Lodi	LOC	_	_	
3-12	177-179	Il	_	_	_	
3-13	180-190	15/11/1968	DATE	_	_	
3-14	191-192	e	_	_	_	
3-15	193-202	residente	_	_	_	
3-16	203-204	a	_	_	_	
3-17	205-209	Lodi	LOC	_	_	
3-18	210-214	Prov	_	_	_	
3-19	215-216	(	_	_	_	
3-20	217-219	LO	LOC	_	_	
3-21	220-221	)	_	_	_	
3-22	222-225	Via	LOC[4]	_	_	
3-23	226-233	Marsala	LOC[4]	_	_	
3-24	234-237	civ	LOC[4]	_	_	
3-25	238-240	67	LOC[4]	_	_	
3-26	241-244	cap	_	_	_	
3-27	245-250	26900	LOC	_	_	
3-28	251-257	codice	_	_	_	
3-29	258-265	fiscale	_	_	_	
3-30	266-282	CRPGNI68S15E648U	CF	_	_	
3-31	283-286	Fax	_	_	_	
3-32	287-297	098 196342	NUMBER	_	_	
3-33	298-301	PEC	_	_	_	
3-34	302-319	g.crepaldi@pec.it	EMAIL	_	_	
3-35	320-323	con	_	_	_	
3-36	324-335	riferimento	_	_	_	
3-37	336-340	alla	_	_	_	
3-38	341-349	cartella	_	_	_	
3-39	350-361	esattoriale	_	_	_	
3-40	362-368	n. 269	_	_	_	
3-41	369-380	CONSIDERATO	_	_	_	
3-42	381-384	CHE	_	_	_	
3-43	385-389	Tale	_	_	_	
3-44	390-403	provvedimento	_	_	_	
3-45	404-410	appare	_	_	_	
3-46	411-422	illegittimo	_	_	_	
3-47	423-426	per	_	_	_	
3-48	427-428	i	_	_	_	
3-49	429-437	seguenti	_	_	_	
3-50	438-444	motivi	_	_	_	
3-51	445-446	:	_	_	_	

#Text=( apporre una crocetta )  Il verbale è stato pagato nei termini ( allegare copia della ricevuta dell’ avvenuto pagamento )
4-1	447-448	(	_	_	_	
4-2	449-456	apporre	_	_	_	
4-3	457-460	una	_	_	_	
4-4	461-469	crocetta	_	_	_	
4-5	470-471	)	_	_	_	
4-6	472-473		_	_	_	
4-7	474-476	Il	_	_	_	
4-8	477-484	verbale	_	_	_	
4-9	485-486	è	_	_	_	
4-10	487-492	stato	_	_	_	
4-11	493-499	pagato	_	_	_	
4-12	500-503	nei	_	_	_	
4-13	504-511	termini	_	_	_	
4-14	512-513	(	_	_	_	
4-15	514-522	allegare	_	_	_	
4-16	523-528	copia	_	_	_	
4-17	529-534	della	_	_	_	
4-18	535-543	ricevuta	_	_	_	
4-19	544-549	dell’	_	_	_	
4-20	550-558	avvenuto	_	_	_	
4-21	559-568	pagamento	_	_	_	
4-22	569-570	)	_	_	_	
