#FORMAT=WebAnno TSV 3.3
#T_SP=custom.Span|label
#T_RL=custom.Relation|label|BT_custom.Span


#Text=MANIFESTAZIONE DI INTERESSE PER L’ ISCRIZIONE NELL’ ELENCO DEI PROFESSIONISTI ESTERNI PER I SERVIZI LEGALI
1-1	0-14	MANIFESTAZIONE	_	_	_	
1-2	15-17	DI	_	_	_	
1-3	18-27	INTERESSE	_	_	_	
1-4	28-31	PER	_	_	_	
1-5	32-34	L’	_	_	_	
1-6	35-45	ISCRIZIONE	_	_	_	
1-7	46-51	NELL’	_	_	_	
1-8	52-58	ELENCO	_	_	_	
1-9	59-62	DEI	_	_	_	
1-10	63-77	PROFESSIONISTI	_	_	_	
1-11	78-85	ESTERNI	_	_	_	
1-12	86-89	PER	_	_	_	
1-13	90-91	I	_	_	_	
1-14	92-99	SERVIZI	_	_	_	
1-15	100-106	LEGALI	_	_	_	

#Text=Al Comune di Matera
2-1	107-109	Al	_	_	_	
2-2	110-116	Comune	ENTE[1]	_	_	
2-3	117-119	di	ENTE[1]	_	_	
2-4	120-126	Matera	ENTE[1]	_	_	

#Text=Ufficio iscrizioni
3-1	127-134	Ufficio	_	_	_	
3-2	135-145	iscrizioni	_	_	_	

#Text=OGGETTO : Manifestazione di interesse per l’ iscrizione nell’ Elenco dei professionisti esterni cui affidare i singoli servizi legali di cui all’ art. 17 , comma 1 , lett. d ) , D. Lgs. 50 / 2016 .
4-1	146-153	OGGETTO	_	_	_	
4-2	154-155	:	_	_	_	
4-3	156-170	Manifestazione	_	_	_	
4-4	171-173	di	_	_	_	
4-5	174-183	interesse	_	_	_	
4-6	184-187	per	_	_	_	
4-7	188-190	l’	_	_	_	
4-8	191-201	iscrizione	_	_	_	
4-9	202-207	nell’	_	_	_	
4-10	208-214	Elenco	_	_	_	
4-11	215-218	dei	_	_	_	
4-12	219-233	professionisti	_	_	_	
4-13	234-241	esterni	_	_	_	
4-14	242-245	cui	_	_	_	
4-15	246-254	affidare	_	_	_	
4-16	255-256	i	_	_	_	
4-17	257-264	singoli	_	_	_	
4-18	265-272	servizi	_	_	_	
4-19	273-279	legali	_	_	_	
4-20	280-282	di	_	_	_	
4-21	283-286	cui	_	_	_	
4-22	287-291	all’	_	_	_	
4-23	292-296	art.	LEX[2]	_	_	
4-24	297-299	17	LEX[2]	_	_	
4-25	300-301	,	LEX[2]	_	_	
4-26	302-307	comma	LEX[2]	_	_	
4-27	308-309	1	LEX[2]	_	_	
4-28	310-311	,	LEX[2]	_	_	
4-29	312-317	lett.	LEX[2]	_	_	
4-30	318-319	d	LEX[2]	_	_	
4-31	320-321	)	LEX[2]	_	_	
4-32	322-323	,	LEX[2]	_	_	
4-33	324-326	D.	LEX[2]	_	_	
4-34	327-331	Lgs.	LEX[2]	_	_	
4-35	332-334	50	LEX[2]	_	_	
4-36	335-336	/	LEX[2]	_	_	
4-37	337-341	2016	LEX[2]	_	_	
4-38	342-343	.	_	_	_	

#Text=Il sottoscritto Elia Pollini nato il 09/06/1988 a Matera residente nel Comune di Matera ( MT ) Stato Italia Via / Piazza Via Casalnuovo n. 157 in qualità di rappresentante legale telefono n. 345 5467340 Codice Fiscale PLLLEI88H09F052X e-mail e.pollini@gmail.com - PEC : pollinisrl@pec.org dello Studio associato / società di professionisti Pollini s.r.l. avente sede in Matera nel Comune di Matera ( MT ) Via / Piazza Via Roma n. 158 , Partita IVA n. 87453625617 , con riferimento all’ Avviso pubblico per la costituzione di un Elenco di professionisti esterni cui affidare singoli servizi legali di cui all’ art. 17 , comma 1 , lett. d ) , D. Lgs. n. 50 / 2016 , pubblicato in data 27/03/2017
5-1	344-346	Il	_	_	_	
5-2	347-359	sottoscritto	_	_	_	
5-3	360-364	Elia	PER[3]	addressR|addressR|birthDate|email|addressR|addressR|birthLoc|cf|email|personalRole|tel	5-19[0_3]|5-23[5_3]|5-7[0_3]|5-39[0_3]|5-12[4_3]|5-16[0_3]|5-9[0_3]|5-37[0_3]|5-43[0_3]|5-30[6_3]|5-34[0_3]	
5-4	365-372	Pollini	PER[3]	_	_	
5-5	373-377	nato	_	_	_	
5-6	378-380	il	_	_	_	
5-7	381-391	09/06/1988	DATE	_	_	
5-8	392-393	a	_	_	_	
5-9	394-400	Matera	LOC	_	_	
5-10	401-410	residente	_	_	_	
5-11	411-414	nel	_	_	_	
5-12	415-421	Comune	LOC[4]	_	_	
5-13	422-424	di	LOC[4]	_	_	
5-14	425-431	Matera	LOC[4]	_	_	
5-15	432-433	(	_	_	_	
5-16	434-436	MT	LOC	_	_	
5-17	437-438	)	_	_	_	
5-18	439-444	Stato	_	_	_	
5-19	445-451	Italia	LOC	_	_	
5-20	452-455	Via	_	_	_	
5-21	456-457	/	_	_	_	
5-22	458-464	Piazza	_	_	_	
5-23	465-468	Via	LOC[5]	_	_	
5-24	469-479	Casalnuovo	LOC[5]	_	_	
5-25	480-482	n.	LOC[5]	_	_	
5-26	483-486	157	LOC[5]	_	_	
5-27	487-489	in	_	_	_	
5-28	490-497	qualità	_	_	_	
5-29	498-500	di	_	_	_	
5-30	501-515	rappresentante	ROLE[6]	_	_	
5-31	516-522	legale	ROLE[6]	_	_	
5-32	523-531	telefono	_	_	_	
5-33	532-534	n.	_	_	_	
5-34	535-546	345 5467340	NUMBER	_	_	
5-35	547-553	Codice	_	_	_	
5-36	554-561	Fiscale	_	_	_	
5-37	562-578	PLLLEI88H09F052X	CF	_	_	
5-38	579-585	e-mail	_	_	_	
5-39	586-605	e.pollini@gmail.com	EMAIL	_	_	
5-40	606-607	-	_	_	_	
5-41	608-611	PEC	_	_	_	
5-42	612-613	:	_	_	_	
5-43	614-632	pollinisrl@pec.org	EMAIL	_	_	
5-44	633-638	dello	_	_	_	
5-45	639-645	Studio	_	_	_	
5-46	646-655	associato	_	_	_	
5-47	656-657	/	_	_	_	
5-48	658-665	società	_	_	_	
5-49	666-668	di	_	_	_	
5-50	669-683	professionisti	_	_	_	
5-51	684-691	Pollini	ORG[7]	op|addressR|addressR|companyRole|addressR|addressR|vat	5-3[3_7]|5-58[8_7]|5-67[9_7]|5-30[6_7]|5-62[0_7]|5-56[0_7]|5-75[0_7]	
5-52	692-698	s.r.l.	ORG[7]	_	_	
5-53	699-705	avente	_	_	_	
5-54	706-710	sede	_	_	_	
5-55	711-713	in	_	_	_	
5-56	714-720	Matera	LOC	_	_	
5-57	721-724	nel	_	_	_	
5-58	725-731	Comune	LOC[8]	_	_	
5-59	732-734	di	LOC[8]	_	_	
5-60	735-741	Matera	LOC[8]	_	_	
5-61	742-743	(	_	_	_	
5-62	744-746	MT	LOC	_	_	
5-63	747-748	)	_	_	_	
5-64	749-752	Via	_	_	_	
5-65	753-754	/	_	_	_	
5-66	755-761	Piazza	_	_	_	
5-67	762-765	Via	LOC[9]	_	_	
5-68	766-770	Roma	LOC[9]	_	_	
5-69	771-773	n.	LOC[9]	_	_	
5-70	774-777	158	LOC[9]	_	_	
5-71	778-779	,	_	_	_	
5-72	780-787	Partita	_	_	_	
5-73	788-791	IVA	_	_	_	
5-74	792-794	n.	_	_	_	
5-75	795-806	87453625617	NUMBER	_	_	
5-76	807-808	,	_	_	_	
5-77	809-812	con	_	_	_	
5-78	813-824	riferimento	_	_	_	
5-79	825-829	all’	_	_	_	
5-80	830-836	Avviso	_	_	_	
5-81	837-845	pubblico	_	_	_	
5-82	846-849	per	_	_	_	
5-83	850-852	la	_	_	_	
5-84	853-865	costituzione	_	_	_	
5-85	866-868	di	_	_	_	
5-86	869-871	un	_	_	_	
5-87	872-878	Elenco	_	_	_	
5-88	879-881	di	_	_	_	
5-89	882-896	professionisti	_	_	_	
5-90	897-904	esterni	_	_	_	
5-91	905-908	cui	_	_	_	
5-92	909-917	affidare	_	_	_	
5-93	918-925	singoli	_	_	_	
5-94	926-933	servizi	_	_	_	
5-95	934-940	legali	_	_	_	
5-96	941-943	di	_	_	_	
5-97	944-947	cui	_	_	_	
5-98	948-952	all’	_	_	_	
5-99	953-957	art.	LEX[10]	_	_	
5-100	958-960	17	LEX[10]	_	_	
5-101	961-962	,	LEX[10]	_	_	
5-102	963-968	comma	LEX[10]	_	_	
5-103	969-970	1	LEX[10]	_	_	
5-104	971-972	,	LEX[10]	_	_	
5-105	973-978	lett.	LEX[10]	_	_	
5-106	979-980	d	LEX[10]	_	_	
5-107	981-982	)	LEX[10]	_	_	
5-108	983-984	,	LEX[10]	_	_	
5-109	985-987	D.	LEX[10]	_	_	
5-110	988-992	Lgs.	LEX[10]	_	_	
5-111	993-995	n.	LEX[10]	_	_	
5-112	996-998	50	LEX[10]	_	_	
5-113	999-1000	/	LEX[10]	_	_	
5-114	1001-1005	2016	LEX[10]	_	_	
5-115	1006-1007	,	_	_	_	
5-116	1008-1018	pubblicato	_	_	_	
5-117	1019-1021	in	_	_	_	
5-118	1022-1026	data	_	_	_	
5-119	1027-1037	27/03/2017	_	_	_	

#Text=CHIEDE
6-1	1038-1044	CHIEDE	_	_	_	
