#FORMAT=WebAnno TSV 3.3
#T_SP=custom.Span|label
#T_RL=custom.Relation|label|BT_custom.Span


#Text=All’ Ufficio Anagrafe del Comune di Chieti
1-1	0-4	All’	_	_	_	
1-2	5-12	Ufficio	_	_	_	
1-3	13-21	Anagrafe	_	_	_	
1-4	22-25	del	_	_	_	
1-5	26-32	Comune	ENTE[1]	_	_	
1-6	33-35	di	ENTE[1]	_	_	
1-7	36-42	Chieti	ENTE[1]	_	_	

#Text=OGGETTO : RICHIESTA DI ISCRIZIONE DI CITTADINO COMUNITARIO NELLO SCHEDARIO DELLA POPOLAZIONE TEMPORANEA .
2-1	43-50	OGGETTO	_	_	_	
2-2	51-52	:	_	_	_	
2-3	53-62	RICHIESTA	_	_	_	
2-4	63-65	DI	_	_	_	
2-5	66-76	ISCRIZIONE	_	_	_	
2-6	77-79	DI	_	_	_	
2-7	80-89	CITTADINO	_	_	_	
2-8	90-101	COMUNITARIO	_	_	_	
2-9	102-107	NELLO	_	_	_	
2-10	108-117	SCHEDARIO	_	_	_	
2-11	118-123	DELLA	_	_	_	
2-12	124-135	POPOLAZIONE	_	_	_	
2-13	136-146	TEMPORANEA	_	_	_	
2-14	147-148	.	_	_	_	

#Text=Il / la sottoscritto / a : COGNOME Demarchelier NOME Elise SESSO F LUOGO DI NASCITA Parigi , FR DATA DI NASCITA 11/02/1997 CITTADINO / A francese CHIEDE per sé e / o per i seguenti familiari , come definiti dagli artt. 2 , comma 1 , e / o 3 del D. Lgs. n. 30/2007 , di seguito elencati , essendo :
3-1	149-151	Il	_	_	_	
3-2	152-153	/	_	_	_	
3-3	154-156	la	_	_	_	
3-4	157-169	sottoscritto	_	_	_	
3-5	170-171	/	_	_	_	
3-6	172-173	a	_	_	_	
3-7	174-175	:	_	_	_	
3-8	176-183	COGNOME	_	_	_	
3-9	184-196	Demarchelier	PER	birthLoc|birthDate|birthLoc|name|personalRole|personalRole	3-17|3-23|3-19|3-11|4-1[3_0]|5-2	
3-10	197-201	NOME	_	_	_	
3-11	202-207	Elise	PER	_	_	
3-12	208-213	SESSO	_	_	_	
3-13	214-215	F	_	_	_	
3-14	216-221	LUOGO	_	_	_	
3-15	222-224	DI	_	_	_	
3-16	225-232	NASCITA	_	_	_	
3-17	233-239	Parigi	LOC	_	_	
3-18	240-241	,	_	_	_	
3-19	242-244	FR	LOC	_	_	
3-20	245-249	DATA	_	_	_	
3-21	250-252	DI	_	_	_	
3-22	253-260	NASCITA	_	_	_	
3-23	261-271	11/02/1997	DATE	_	_	
3-24	272-281	CITTADINO	_	_	_	
3-25	282-283	/	_	_	_	
3-26	284-285	A	_	_	_	
3-27	286-294	francese	_	_	_	
3-28	295-301	CHIEDE	_	_	_	
3-29	302-305	per	_	_	_	
3-30	306-308	sé	_	_	_	
3-31	309-310	e	_	_	_	
3-32	311-312	/	_	_	_	
3-33	313-314	o	_	_	_	
3-34	315-318	per	_	_	_	
3-35	319-320	i	_	_	_	
3-36	321-329	seguenti	_	_	_	
3-37	330-339	familiari	_	_	_	
3-38	340-341	,	_	_	_	
3-39	342-346	come	_	_	_	
3-40	347-355	definiti	_	_	_	
3-41	356-361	dagli	_	_	_	
3-42	362-367	artt.	LEX[2]	_	_	
3-43	368-369	2	LEX[2]	_	_	
3-44	370-371	,	LEX[2]	_	_	
3-45	372-377	comma	LEX[2]	_	_	
3-46	378-379	1	LEX[2]	_	_	
3-47	380-381	,	LEX[2]	_	_	
3-48	382-383	e	LEX[2]	_	_	
3-49	384-385	/	LEX[2]	_	_	
3-50	386-387	o	LEX[2]	_	_	
3-51	388-389	3	LEX[2]	_	_	
3-52	390-393	del	LEX[2]	_	_	
3-53	394-401	D. Lgs.	LEX[2]	_	_	
3-54	402-404	n.	LEX[2]	_	_	
3-55	405-412	30/2007	LEX[2]	_	_	
3-56	413-414	,	_	_	_	
3-57	415-417	di	_	_	_	
3-58	418-425	seguito	_	_	_	
3-59	426-434	elencati	_	_	_	
3-60	435-436	,	_	_	_	
3-61	437-444	essendo	_	_	_	
3-62	445-446	:	_	_	_	

#Text=lavoratore stagionale ed intendendo rimanere in Italia limitatamente al periodo dello svolgimento dell’ attività lavorativa ( punto 9 delle circ . Min . int . 18 luglio 2007 , n. 200704165/15100/14865 ( 39 ) ) :
4-1	447-457	lavoratore	ROLE[3]	_	_	
4-2	458-468	stagionale	ROLE[3]	_	_	
4-3	469-471	ed	_	_	_	
4-4	472-482	intendendo	_	_	_	
4-5	483-491	rimanere	_	_	_	
4-6	492-494	in	_	_	_	
4-7	495-501	Italia	LOC	_	_	
4-8	502-515	limitatamente	_	_	_	
4-9	516-518	al	_	_	_	
4-10	519-526	periodo	_	_	_	
4-11	527-532	dello	_	_	_	
4-12	533-544	svolgimento	_	_	_	
4-13	545-550	dell’	_	_	_	
4-14	551-559	attività	_	_	_	
4-15	560-570	lavorativa	_	_	_	
4-16	571-572	(	_	_	_	
4-17	573-578	punto	LEX[4]	_	_	
4-18	579-580	9	LEX[4]	_	_	
4-19	581-586	delle	LEX[4]	_	_	
4-20	587-591	circ	LEX[4]	_	_	
4-21	592-593	.	LEX[4]	_	_	
4-22	594-597	Min	LEX[4]	_	_	
4-23	598-599	.	LEX[4]	_	_	
4-24	600-603	int	LEX[4]	_	_	
4-25	604-605	.	LEX[4]	_	_	
4-26	606-608	18	LEX[4]	_	_	
4-27	609-615	luglio	LEX[4]	_	_	
4-28	616-620	2007	LEX[4]	_	_	
4-29	621-622	,	LEX[4]	_	_	
4-30	623-625	n.	LEX[4]	_	_	
4-31	626-647	200704165/15100/14865	LEX[4]	_	_	
4-32	648-649	(	LEX[4]	_	_	
4-33	650-652	39	LEX[4]	_	_	
4-34	653-654	)	LEX[4]	_	_	
4-35	655-656	)	_	_	_	
4-36	657-658	:	_	_	_	

#Text=- studente presso Università degli studi di Chieti , che non intende trasferirsi stabilmente in Italia ( Circ. Min. Int. 21 luglio 2009 , n. 18 ) ;
5-1	659-660	-	_	_	_	
5-2	661-669	studente	ROLE	_	_	
5-3	670-676	presso	_	_	_	
5-4	677-687	Università	ENTE[5]	_	_	
5-5	688-693	degli	ENTE[5]	_	_	
5-6	694-699	studi	ENTE[5]	_	_	
5-7	700-702	di	ENTE[5]	_	_	
5-8	703-709	Chieti	ENTE[5]	_	_	
5-9	710-711	,	_	_	_	
5-10	712-715	che	_	_	_	
5-11	716-719	non	_	_	_	
5-12	720-727	intende	_	_	_	
5-13	728-739	trasferirsi	_	_	_	
5-14	740-751	stabilmente	_	_	_	
5-15	752-754	in	_	_	_	
5-16	755-761	Italia	LOC	_	_	
5-17	762-763	(	_	_	_	
5-18	764-769	Circ.	LEX[6]	_	_	
5-19	770-774	Min.	LEX[6]	_	_	
5-20	775-779	Int.	LEX[6]	_	_	
5-21	780-782	21	LEX[6]	_	_	
5-22	783-789	luglio	LEX[6]	_	_	
5-23	790-794	2009	LEX[6]	_	_	
5-24	795-796	,	LEX[6]	_	_	
5-25	797-802	n. 18	LEX[6]	_	_	
5-26	803-804	)	_	_	_	
5-27	805-806	;	_	_	_	

#Text=lavoratore distaccato presso , che non intende trasferirsi stabilmente in Italia ( Circ. Min. Int. 21 luglio 2009 , n. 18 ) ;
6-1	807-817	lavoratore	_	_	_	
6-2	818-828	distaccato	_	_	_	
6-3	829-835	presso	_	_	_	
6-4	836-837	,	_	_	_	
6-5	838-841	che	_	_	_	
6-6	842-845	non	_	_	_	
6-7	846-853	intende	_	_	_	
6-8	854-865	trasferirsi	_	_	_	
6-9	866-877	stabilmente	_	_	_	
6-10	878-880	in	_	_	_	
6-11	881-887	Italia	LOC	_	_	
6-12	888-889	(	_	_	_	
6-13	890-895	Circ.	LEX[7]	_	_	
6-14	896-900	Min.	LEX[7]	_	_	
6-15	901-905	Int.	LEX[7]	_	_	
6-16	906-908	21	LEX[7]	_	_	
6-17	909-915	luglio	LEX[7]	_	_	
6-18	916-920	2009	LEX[7]	_	_	
6-19	921-922	,	LEX[7]	_	_	
6-20	923-928	n. 18	LEX[7]	_	_	
6-21	929-930	)	_	_	_	
6-22	931-932	;	_	_	_	

#Text=L’ ISCRIZIONE nello schedario della popolazione temporanea di codesto comune con abitazione in via Manni n. 23 , trovandosi nelle condizioni di cui all’ art. 7 , comma 1 , del D. Lgs. n. 30/2007 .
7-1	933-935	L’	_	_	_	
7-2	936-946	ISCRIZIONE	_	_	_	
7-3	947-952	nello	_	_	_	
7-4	953-962	schedario	_	_	_	
7-5	963-968	della	_	_	_	
7-6	969-980	popolazione	_	_	_	
7-7	981-991	temporanea	_	_	_	
7-8	992-994	di	_	_	_	
7-9	995-1002	codesto	_	_	_	
7-10	1003-1009	comune	_	_	_	
7-11	1010-1013	con	_	_	_	
7-12	1014-1024	abitazione	_	_	_	
7-13	1025-1027	in	_	_	_	
7-14	1028-1031	via	LOC[8]	_	_	
7-15	1032-1037	Manni	LOC[8]	_	_	
7-16	1038-1043	n. 23	LOC[8]	_	_	
7-17	1044-1045	,	_	_	_	
7-18	1046-1056	trovandosi	_	_	_	
7-19	1057-1062	nelle	_	_	_	
7-20	1063-1073	condizioni	_	_	_	
7-21	1074-1076	di	_	_	_	
7-22	1077-1080	cui	_	_	_	
7-23	1081-1085	all’	_	_	_	
7-24	1086-1090	art.	LEX[9]	_	_	
7-25	1091-1092	7	LEX[9]	_	_	
7-26	1093-1094	,	LEX[9]	_	_	
7-27	1095-1100	comma	LEX[9]	_	_	
7-28	1101-1102	1	LEX[9]	_	_	
7-29	1103-1104	,	LEX[9]	_	_	
7-30	1105-1108	del	LEX[9]	_	_	
7-31	1109-1116	D. Lgs.	LEX[9]	_	_	
7-32	1117-1119	n.	LEX[9]	_	_	
7-33	1120-1127	30/2007	LEX[9]	_	_	
7-34	1128-1129	.	_	_	_	

#Text=Allega la seguente documentazione contrassegnata con :
8-1	1130-1136	Allega	_	_	_	
8-2	1137-1139	la	_	_	_	
8-3	1140-1148	seguente	_	_	_	
8-4	1149-1163	documentazione	_	_	_	
8-5	1164-1178	contrassegnata	_	_	_	
8-6	1179-1182	con	_	_	_	
8-7	1183-1184	:	_	_	_	

#Text=1 .
9-1	1185-1186	1	_	_	_	
9-2	1187-1188	.	_	_	_	

#Text=documento di identità valido per l’ espatrio 2 .
10-1	1189-1198	documento	_	_	_	
10-2	1199-1201	di	_	_	_	
10-3	1202-1210	identità	_	_	_	
10-4	1211-1217	valido	_	_	_	
10-5	1218-1221	per	_	_	_	
10-6	1222-1224	l’	_	_	_	
10-7	1225-1233	espatrio	_	_	_	
10-8	1234-1235	2	_	_	_	
10-9	1236-1237	.	_	_	_	

#Text=codice fiscale 3 .
11-1	1238-1244	codice	_	_	_	
11-2	1245-1252	fiscale	_	_	_	
11-3	1253-1254	3	_	_	_	
11-4	1255-1256	.	_	_	_	

#Text=per i soli cittadini della Bulgaria e della Romania – fino al 31 dicembre 2009 – nulla osta dello sportello unico per l’ immigrazione ( Circ. Min. int. 19.34.29 , n. 3/2009 ) 4 .
12-1	1257-1260	per	_	_	_	
12-2	1261-1262	i	_	_	_	
12-3	1263-1267	soli	_	_	_	
12-4	1268-1277	cittadini	_	_	_	
12-5	1278-1283	della	_	_	_	
12-6	1284-1292	Bulgaria	LOC	_	_	
12-7	1293-1294	e	_	_	_	
12-8	1295-1300	della	_	_	_	
12-9	1301-1308	Romania	LOC	_	_	
12-10	1309-1310	–	_	_	_	
12-11	1311-1315	fino	_	_	_	
12-12	1316-1318	al	_	_	_	
12-13	1319-1321	31	_	_	_	
12-14	1322-1330	dicembre	_	_	_	
12-15	1331-1335	2009	_	_	_	
12-16	1336-1337	–	_	_	_	
12-17	1338-1343	nulla	_	_	_	
12-18	1344-1348	osta	_	_	_	
12-19	1349-1354	dello	_	_	_	
12-20	1355-1364	sportello	_	_	_	
12-21	1365-1370	unico	_	_	_	
12-22	1371-1374	per	_	_	_	
12-23	1375-1377	l’	_	_	_	
12-24	1378-1390	immigrazione	_	_	_	
12-25	1391-1392	(	_	_	_	
12-26	1393-1398	Circ.	LEX[10]	_	_	
12-27	1399-1403	Min.	LEX[10]	_	_	
12-28	1404-1408	int.	LEX[10]	_	_	
12-29	1409-1417	19.34.29	LEX[10]	_	_	
12-30	1418-1419	,	LEX[10]	_	_	
12-31	1420-1422	n.	LEX[10]	_	_	
12-32	1423-1429	3/2009	LEX[10]	_	_	
12-33	1430-1431	)	_	_	_	
12-34	1432-1433	4	_	_	_	
12-35	1434-1435	.	_	_	_	

#Text=titolo di soggiorno ( solo per coloro che ne sono in possesso ) 5 .
13-1	1436-1442	titolo	_	_	_	
13-2	1443-1445	di	_	_	_	
13-3	1446-1455	soggiorno	_	_	_	
13-4	1456-1457	(	_	_	_	
13-5	1458-1462	solo	_	_	_	
13-6	1463-1466	per	_	_	_	
13-7	1467-1473	coloro	_	_	_	
13-8	1474-1477	che	_	_	_	
13-9	1478-1480	ne	_	_	_	
13-10	1481-1485	sono	_	_	_	
13-11	1486-1488	in	_	_	_	
13-12	1489-1497	possesso	_	_	_	
13-13	1498-1499	)	_	_	_	
13-14	1500-1501	5	_	_	_	
13-15	1502-1503	.	_	_	_	

#Text=ultima busta paga 6 .
14-1	1504-1510	ultima	_	_	_	
14-2	1511-1516	busta	_	_	_	
14-3	1517-1521	paga	_	_	_	
14-4	1522-1523	6	_	_	_	
14-5	1524-1525	.	_	_	_	

#Text=ricevuta di versamento dei contributi INPS 7 .
15-1	1526-1534	ricevuta	_	_	_	
15-2	1535-1537	di	_	_	_	
15-3	1538-1548	versamento	_	_	_	
15-4	1549-1552	dei	_	_	_	
15-5	1553-1563	contributi	_	_	_	
15-6	1564-1568	INPS	_	_	_	
15-7	1569-1570	7	_	_	_	
15-8	1571-1572	.	_	_	_	

#Text=contratto di lavoro contenente gli identificativi INPS e INAIL 8 .
16-1	1573-1582	contratto	_	_	_	
16-2	1583-1585	di	_	_	_	
16-3	1586-1592	lavoro	_	_	_	
16-4	1593-1603	contenente	_	_	_	
16-5	1604-1607	gli	_	_	_	
16-6	1608-1622	identificativi	_	_	_	
16-7	1623-1627	INPS	_	_	_	
16-8	1628-1629	e	_	_	_	
16-9	1630-1635	INAIL	_	_	_	
16-10	1636-1637	8	_	_	_	
16-11	1638-1639	.	_	_	_	

#Text=comunicazione di assunzione al CIP ( Centro per l’ impiego ) 9 .
17-1	1640-1653	comunicazione	_	_	_	
17-2	1654-1656	di	_	_	_	
17-3	1657-1667	assunzione	_	_	_	
17-4	1668-1670	al	_	_	_	
17-5	1671-1674	CIP	ENTE[11]	_	_	
17-6	1675-1676	(	ENTE[11]	_	_	
17-7	1677-1683	Centro	ENTE[11]	_	_	
17-8	1684-1687	per	ENTE[11]	_	_	
17-9	1688-1690	l’	ENTE[11]	_	_	
17-10	1691-1698	impiego	ENTE[11]	_	_	
17-11	1699-1700	)	_	_	_	
17-12	1701-1702	9	_	_	_	
17-13	1703-1704	.	_	_	_	

#Text=ricevuta di denuncia all’ INPS del rapporto di lavoro 10 .
18-1	1705-1713	ricevuta	_	_	_	
18-2	1714-1716	di	_	_	_	
18-3	1717-1725	denuncia	_	_	_	
18-4	1726-1730	all’	_	_	_	
18-5	1731-1735	INPS	ENTE	_	_	
18-6	1736-1739	del	_	_	_	
18-7	1740-1748	rapporto	_	_	_	
18-8	1749-1751	di	_	_	_	
18-9	1752-1758	lavoro	_	_	_	
18-10	1759-1761	10	_	_	_	
18-11	1762-1763	.	_	_	_	

#Text=preventiva comunicazione all’ INAIL del rapporto di lavoro 11 .
19-1	1764-1774	preventiva	_	_	_	
19-2	1775-1788	comunicazione	_	_	_	
19-3	1789-1793	all’	_	_	_	
19-4	1794-1799	INAIL	_	_	_	
19-5	1800-1803	del	_	_	_	
19-6	1804-1812	rapporto	_	_	_	
19-7	1813-1815	di	_	_	_	
19-8	1816-1822	lavoro	_	_	_	
19-9	1823-1825	11	_	_	_	
19-10	1826-1827	.	_	_	_	

#Text=attestazione del corso di studio frequentato 12 .
20-1	1828-1840	attestazione	_	_	_	
20-2	1841-1844	del	_	_	_	
20-3	1845-1850	corso	_	_	_	
20-4	1851-1853	di	_	_	_	
20-5	1854-1860	studio	_	_	_	
20-6	1861-1872	frequentato	_	_	_	
20-7	1873-1875	12	_	_	_	
20-8	1876-1877	.	_	_	_	

#Text=documentazione attestante che trattasi di lavoratore distaccato in Italia ed il periodo di permanenza 13 .
21-1	1878-1892	documentazione	_	_	_	
21-2	1893-1903	attestante	_	_	_	
21-3	1904-1907	che	_	_	_	
21-4	1908-1916	trattasi	_	_	_	
21-5	1917-1919	di	_	_	_	
21-6	1920-1930	lavoratore	_	_	_	
21-7	1931-1941	distaccato	_	_	_	
21-8	1942-1944	in	_	_	_	
21-9	1945-1951	Italia	LOC	_	_	
21-10	1952-1954	ed	_	_	_	
21-11	1955-1957	il	_	_	_	
21-12	1958-1965	periodo	_	_	_	
21-13	1966-1968	di	_	_	_	
21-14	1969-1979	permanenza	_	_	_	
21-15	1980-1982	13	_	_	_	
21-16	1983-1984	.	_	_	_	

#Text=14 .
22-1	1985-1987	14	_	_	_	
22-2	1988-1989	.	_	_	_	

#Text=Il sottoscritto ufficiale d’ anagrafe , previa identificazione del richiedente ATTESTA che il presente documento è stato sottoscritto dall’ interessato / a in sua presenza in data 23 Gennaio 2014
23-1	1990-1992	Il	_	_	_	
23-2	1993-2005	sottoscritto	_	_	_	
23-3	2006-2015	ufficiale	_	_	_	
23-4	2016-2018	d’	_	_	_	
23-5	2019-2027	anagrafe	_	_	_	
23-6	2028-2029	,	_	_	_	
23-7	2030-2036	previa	_	_	_	
23-8	2037-2052	identificazione	_	_	_	
23-9	2053-2056	del	_	_	_	
23-10	2057-2068	richiedente	_	_	_	
23-11	2069-2076	ATTESTA	_	_	_	
23-12	2077-2080	che	_	_	_	
23-13	2081-2083	il	_	_	_	
23-14	2084-2092	presente	_	_	_	
23-15	2093-2102	documento	_	_	_	
23-16	2103-2104	è	_	_	_	
23-17	2105-2110	stato	_	_	_	
23-18	2111-2123	sottoscritto	_	_	_	
23-19	2124-2129	dall’	_	_	_	
23-20	2130-2141	interessato	_	_	_	
23-21	2142-2143	/	_	_	_	
23-22	2144-2145	a	_	_	_	
23-23	2146-2148	in	_	_	_	
23-24	2149-2152	sua	_	_	_	
23-25	2153-2161	presenza	_	_	_	
23-26	2162-2164	in	_	_	_	
23-27	2165-2169	data	_	_	_	
23-28	2170-2172	23	_	_	_	
23-29	2173-2180	Gennaio	_	_	_	
23-30	2181-2185	2014	_	_	_	
