#FORMAT=WebAnno TSV 3.3
#T_SP=custom.Span|label
#T_RL=custom.Relation|label|BT_custom.Span


#Text=ALL 2 AUTOCERTIFICAZIONE / DICHIARAZIONE
1-1	0-3	ALL	_	_	_	
1-2	4-5	2	_	_	_	
1-3	6-24	AUTOCERTIFICAZIONE	_	_	_	
1-4	25-26	/	_	_	_	
1-5	27-40	DICHIARAZIONE	_	_	_	

#Text=Il sottoscritto / a Lorenzo Maria Conti nato a Genova il 28 Aprile 1982 e residente a Genova in via Ugo Foscolo 32 nella qualità di proprietario / conducente / usufruttuario / acquirente con patto di riservato dominio / utilizzatore a titolo di locazione finanziaria del veicolo ( tipo – marca - modello )
2-1	41-43	Il	_	_	_	
2-2	44-56	sottoscritto	_	_	_	
2-3	57-58	/	_	_	_	
2-4	59-60	a	_	_	_	
2-5	61-68	Lorenzo	PER[1]	personalRole|personalRole|personalRole|personalRole|addressR|addressR|birthLoc|birthDate	2-27[0_1]|2-29[0_1]|2-31[0_1]|2-33[0_1]|2-20[3_1]|2-18[0_1]|2-10[0_1]|2-12[2_1]	
2-6	69-74	Maria	PER[1]	_	_	
2-7	75-80	Conti	PER[1]	_	_	
2-8	81-85	nato	_	_	_	
2-9	86-87	a	_	_	_	
2-10	88-94	Genova	LOC	_	_	
2-11	95-97	il	_	_	_	
2-12	98-100	28	DATE[2]	_	_	
2-13	101-107	Aprile	DATE[2]	_	_	
2-14	108-112	1982	DATE[2]	_	_	
2-15	113-114	e	_	_	_	
2-16	115-124	residente	_	_	_	
2-17	125-126	a	_	_	_	
2-18	127-133	Genova	LOC	_	_	
2-19	134-136	in	_	_	_	
2-20	137-140	via	LOC[3]	_	_	
2-21	141-144	Ugo	LOC[3]	_	_	
2-22	145-152	Foscolo	LOC[3]	_	_	
2-23	153-155	32	LOC[3]	_	_	
2-24	156-161	nella	_	_	_	
2-25	162-169	qualità	_	_	_	
2-26	170-172	di	_	_	_	
2-27	173-185	proprietario	ROLE	_	_	
2-28	186-187	/	_	_	_	
2-29	188-198	conducente	ROLE	_	_	
2-30	199-200	/	_	_	_	
2-31	201-214	usufruttuario	ROLE	_	_	
2-32	215-216	/	_	_	_	
2-33	217-227	acquirente	ROLE	_	_	
2-34	228-231	con	_	_	_	
2-35	232-237	patto	_	_	_	
2-36	238-240	di	_	_	_	
2-37	241-250	riservato	_	_	_	
2-38	251-258	dominio	_	_	_	
2-39	259-260	/	_	_	_	
2-40	261-273	utilizzatore	_	_	_	
2-41	274-275	a	_	_	_	
2-42	276-282	titolo	_	_	_	
2-43	283-285	di	_	_	_	
2-44	286-295	locazione	_	_	_	
2-45	296-307	finanziaria	_	_	_	
2-46	308-311	del	_	_	_	
2-47	312-319	veicolo	_	_	_	
2-48	320-321	(	_	_	_	
2-49	322-326	tipo	_	_	_	
2-50	327-328	–	_	_	_	
2-51	329-334	marca	_	_	_	
2-52	335-336	-	_	_	_	
2-53	337-344	modello	_	_	_	
2-54	345-346	)	_	_	_	

#Text=Fiat Punto targato XL3456NF sottoposto a :
3-1	347-351	Fiat	_	_	_	
3-2	352-357	Punto	_	_	_	
3-3	358-365	targato	_	_	_	
3-4	366-374	XL3456NF	_	_	_	
3-5	375-385	sottoposto	_	_	_	
3-6	386-387	a	_	_	_	
3-7	388-389	:	_	_	_	
