#FORMAT=WebAnno TSV 3.3
#T_SP=custom.Span|label
#T_RL=custom.Relation|label|BT_custom.Span


#Text=Comune di Firenze
1-1	0-6	Comune	ENTE[1]	_	_	
1-2	7-9	di	ENTE[1]	_	_	
1-3	10-17	Firenze	ENTE[1]	_	_	

#Text=Provincia di Firenze
2-1	18-27	Provincia	ENTE[2]	_	_	
2-2	28-30	di	ENTE[2]	_	_	
2-3	31-38	Firenze	ENTE[2]	_	_	

#Text=Data 23/09/2007
3-1	39-43	Data	_	_	_	
3-2	44-54	23/09/2007	_	_	_	

#Text=Protocollo n. 34527
4-1	55-65	Protocollo	_	_	_	
4-2	66-68	n.	_	_	_	
4-3	69-74	34527	_	_	_	

#Text=Al Contribuente Vincentini Francesco Via delle Bande 192 Scala A Comune Potenza Provincia di Potenza PEC pec@pec.it Al Difensore del Contribuente Curdo Luciano Canio Via Della Tecnica 24 Comune Potenza ( PZ ) PEC pec2@pec.it OGGETTO : Istanza reclamo-mediazione ( art. 17-bis D. Lgs. n. 546 / 1992 , riformulato dall' art. 9 del D. Lgs. 27 settembre 2015 , n. 156 ) – riduzione delle sanzioni irrogate IL FUNZIONARIO RESPONSABILE In applicazione alla procedura disciplinata dal Decreto Legislativo 24 settembre 2015 , n. 156 art. 9 , in modifica dell' art. 17-bis del D. Lgs. n. 546 / 1992 ; Vista l' istanza reclamo-mediazione , acquisita agli atti in data 13/03/2007 acclarata al Prot 3562 e presentata dal contribuente meglio identificato come segue : Sig. / ra Vincentini Francesco nato a Potenza il 29/07/1979 residente a Potenza Prov. Potenza via delle Bande 192 Scala A Provincia di Potenza Codice Fiscale VCNFNC79L29G942O Telefono 9711652848 fax 9711652848 cell 3408374840 E-mail vincentini.f@wemapp.eu in qualità di : persona fisica ( oppure es. titolare , legale rappresentate , incaricato speciale ecc. ) della ditta denominata Vincentini srls con sede in Potenza Via della tecnica 24 Codice Fiscale 1931590762 riferita all' avviso di accertamento / rimborso / altro
5-1	75-77	Al	_	_	_	
5-2	78-90	Contribuente	ROLE	_	_	
5-3	91-101	Vincentini	PER[3]	addressR|addressR|addressR|personalRole|email	5-15[0_3]|5-12[0_3]|5-5[4_3]|5-2[0_3]|5-17[0_3]	
5-4	102-111	Francesco	PER[3]	_	_	
5-5	112-115	Via	LOC[4]	_	_	
5-6	116-121	delle	LOC[4]	_	_	
5-7	122-127	Bande	LOC[4]	_	_	
5-8	128-131	192	LOC[4]	_	_	
5-9	132-137	Scala	LOC[4]	_	_	
5-10	138-139	A	LOC[4]	_	_	
5-11	140-146	Comune	_	_	_	
5-12	147-154	Potenza	LOC	_	_	
5-13	155-164	Provincia	_	_	_	
5-14	165-167	di	_	_	_	
5-15	168-175	Potenza	LOC	_	_	
5-16	176-179	PEC	_	_	_	
5-17	180-190	pec@pec.it	EMAIL	_	_	
5-18	191-193	Al	_	_	_	
5-19	194-203	Difensore	ROLE	_	_	
5-20	204-207	del	_	_	_	
5-21	208-220	Contribuente	_	_	_	
5-22	221-226	Curdo	PER[5]	personalRole|addressR|email|addressR|addressR	5-19[0_5]|5-25[6_5]|5-35[0_5]|5-30[0_5]|5-32[0_5]	
5-23	227-234	Luciano	PER[5]	_	_	
5-24	235-240	Canio	PER[5]	_	_	
5-25	241-244	Via	LOC[6]	_	_	
5-26	245-250	Della	LOC[6]	_	_	
5-27	251-258	Tecnica	LOC[6]	_	_	
5-28	259-261	24	LOC[6]	_	_	
5-29	262-268	Comune	_	_	_	
5-30	269-276	Potenza	LOC	_	_	
5-31	277-278	(	_	_	_	
5-32	279-281	PZ	LOC	_	_	
5-33	282-283	)	_	_	_	
5-34	284-287	PEC	_	_	_	
5-35	288-299	pec2@pec.it	EMAIL	_	_	
5-36	300-307	OGGETTO	_	_	_	
5-37	308-309	:	_	_	_	
5-38	310-317	Istanza	_	_	_	
5-39	318-336	reclamo-mediazione	_	_	_	
5-40	337-338	(	_	_	_	
5-41	339-343	art.	LEX[7]	_	_	
5-42	344-350	17-bis	LEX[7]	_	_	
5-43	351-353	D.	LEX[7]	_	_	
5-44	354-358	Lgs.	LEX[7]	_	_	
5-45	359-361	n.	LEX[7]	_	_	
5-46	362-365	546	LEX[7]	_	_	
5-47	366-367	/	LEX[7]	_	_	
5-48	368-372	1992	LEX[7]	_	_	
5-49	373-374	,	_	_	_	
5-50	375-386	riformulato	_	_	_	
5-51	387-392	dall'	_	_	_	
5-52	393-397	art.	LEX[8]	_	_	
5-53	398-399	9	LEX[8]	_	_	
5-54	400-403	del	LEX[8]	_	_	
5-55	404-406	D.	LEX[8]	_	_	
5-56	407-411	Lgs.	LEX[8]	_	_	
5-57	412-414	27	LEX[8]	_	_	
5-58	415-424	settembre	LEX[8]	_	_	
5-59	425-429	2015	LEX[8]	_	_	
5-60	430-431	,	LEX[8]	_	_	
5-61	432-434	n.	LEX[8]	_	_	
5-62	435-438	156	LEX[8]	_	_	
5-63	439-440	)	_	_	_	
5-64	441-442	–	_	_	_	
5-65	443-452	riduzione	_	_	_	
5-66	453-458	delle	_	_	_	
5-67	459-467	sanzioni	_	_	_	
5-68	468-476	irrogate	_	_	_	
5-69	477-479	IL	_	_	_	
5-70	480-491	FUNZIONARIO	_	_	_	
5-71	492-504	RESPONSABILE	_	_	_	
5-72	505-507	In	_	_	_	
5-73	508-520	applicazione	_	_	_	
5-74	521-525	alla	_	_	_	
5-75	526-535	procedura	_	_	_	
5-76	536-548	disciplinata	_	_	_	
5-77	549-552	dal	_	_	_	
5-78	553-560	Decreto	LEX[9]	_	_	
5-79	561-572	Legislativo	LEX[9]	_	_	
5-80	573-575	24	LEX[9]	_	_	
5-81	576-585	settembre	LEX[9]	_	_	
5-82	586-590	2015	LEX[9]	_	_	
5-83	591-592	,	LEX[9]	_	_	
5-84	593-595	n.	LEX[9]	_	_	
5-85	596-599	156	LEX[9]	_	_	
5-86	600-604	art.	LEX[9]	_	_	
5-87	605-606	9	LEX[9]	_	_	
5-88	607-608	,	_	_	_	
5-89	609-611	in	_	_	_	
5-90	612-620	modifica	_	_	_	
5-91	621-626	dell'	_	_	_	
5-92	627-631	art.	LEX[10]	_	_	
5-93	632-638	17-bis	LEX[10]	_	_	
5-94	639-642	del	LEX[10]	_	_	
5-95	643-645	D.	LEX[10]	_	_	
5-96	646-650	Lgs.	LEX[10]	_	_	
5-97	651-653	n.	LEX[10]	_	_	
5-98	654-657	546	LEX[10]	_	_	
5-99	658-659	/	LEX[10]	_	_	
5-100	660-664	1992	LEX[10]	_	_	
5-101	665-666	;	_	_	_	
5-102	667-672	Vista	_	_	_	
5-103	673-675	l'	_	_	_	
5-104	676-683	istanza	_	_	_	
5-105	684-702	reclamo-mediazione	_	_	_	
5-106	703-704	,	_	_	_	
5-107	705-714	acquisita	_	_	_	
5-108	715-719	agli	_	_	_	
5-109	720-724	atti	_	_	_	
5-110	725-727	in	_	_	_	
5-111	728-732	data	_	_	_	
5-112	733-743	13/03/2007	_	_	_	
5-113	744-753	acclarata	_	_	_	
5-114	754-756	al	_	_	_	
5-115	757-761	Prot	_	_	_	
5-116	762-766	3562	_	_	_	
5-117	767-768	e	_	_	_	
5-118	769-779	presentata	_	_	_	
5-119	780-783	dal	_	_	_	
5-120	784-796	contribuente	_	_	_	
5-121	797-803	meglio	_	_	_	
5-122	804-816	identificato	_	_	_	
5-123	817-821	come	_	_	_	
5-124	822-827	segue	_	_	_	
5-125	828-829	:	_	_	_	
5-126	830-834	Sig.	_	_	_	
5-127	835-836	/	_	_	_	
5-128	837-839	ra	_	_	_	
5-129	840-850	Vincentini	PER[11]	addressR|addressR|tel|addressR|email|tel|birthDate|addressR|cf|birthLoc|tel|personalRole	5-140[0_11]|5-149[0_11]|5-156[0_11]|5-141[12_11]|5-160[0_11]|5-154[0_11]|5-135[0_11]|5-138[0_11]|5-152[0_11]|5-133[0_11]|5-158[0_11]|5-165[13_11]	
5-130	851-860	Francesco	PER[11]	_	_	
5-131	861-865	nato	_	_	_	
5-132	866-867	a	_	_	_	
5-133	868-875	Potenza	LOC	_	_	
5-134	876-878	il	_	_	_	
5-135	879-889	29/07/1979	DATE	_	_	
5-136	890-899	residente	_	_	_	
5-137	900-901	a	_	_	_	
5-138	902-909	Potenza	LOC	_	_	
5-139	910-915	Prov.	_	_	_	
5-140	916-923	Potenza	LOC	_	_	
5-141	924-927	via	LOC[12]	_	_	
5-142	928-933	delle	LOC[12]	_	_	
5-143	934-939	Bande	LOC[12]	_	_	
5-144	940-943	192	LOC[12]	_	_	
5-145	944-949	Scala	LOC[12]	_	_	
5-146	950-951	A	LOC[12]	_	_	
5-147	952-961	Provincia	_	_	_	
5-148	962-964	di	_	_	_	
5-149	965-972	Potenza	LOC	_	_	
5-150	973-979	Codice	_	_	_	
5-151	980-987	Fiscale	_	_	_	
5-152	988-1004	VCNFNC79L29G942O	CF	_	_	
5-153	1005-1013	Telefono	_	_	_	
5-154	1014-1024	9711652848	NUMBER	_	_	
5-155	1025-1028	fax	_	_	_	
5-156	1029-1039	9711652848	NUMBER	_	_	
5-157	1040-1044	cell	_	_	_	
5-158	1045-1055	3408374840	NUMBER	_	_	
5-159	1056-1062	E-mail	_	_	_	
5-160	1063-1085	vincentini.f@wemapp.eu	EMAIL	_	_	
5-161	1086-1088	in	_	_	_	
5-162	1089-1096	qualità	_	_	_	
5-163	1097-1099	di	_	_	_	
5-164	1100-1101	:	_	_	_	
5-165	1102-1109	persona	ROLE[13]	_	_	
5-166	1110-1116	fisica	ROLE[13]	_	_	
5-167	1117-1118	(	_	_	_	
5-168	1119-1125	oppure	_	_	_	
5-169	1126-1129	es.	_	_	_	
5-170	1130-1138	titolare	_	_	_	
5-171	1139-1140	,	_	_	_	
5-172	1141-1147	legale	_	_	_	
5-173	1148-1161	rappresentate	_	_	_	
5-174	1162-1163	,	_	_	_	
5-175	1164-1174	incaricato	_	_	_	
5-176	1175-1183	speciale	_	_	_	
5-177	1184-1188	ecc.	_	_	_	
5-178	1189-1190	)	_	_	_	
5-179	1191-1196	della	_	_	_	
5-180	1197-1202	ditta	_	_	_	
5-181	1203-1213	denominata	_	_	_	
5-182	1214-1224	Vincentini	ORG[14]	op|addressR|addressR|cf|companyRole	5-129[11_14]|5-187[0_14]|5-188[15_14]|5-194[0_14]|5-165[13_14]	
5-183	1225-1229	srls	ORG[14]	_	_	
5-184	1230-1233	con	_	_	_	
5-185	1234-1238	sede	_	_	_	
5-186	1239-1241	in	_	_	_	
5-187	1242-1249	Potenza	LOC	_	_	
5-188	1250-1253	Via	LOC[15]	_	_	
5-189	1254-1259	della	LOC[15]	_	_	
5-190	1260-1267	tecnica	LOC[15]	_	_	
5-191	1268-1270	24	LOC[15]	_	_	
5-192	1271-1277	Codice	_	_	_	
5-193	1278-1285	Fiscale	_	_	_	
5-194	1286-1296	1931590762	CF	_	_	
5-195	1297-1305	riferita	_	_	_	
5-196	1306-1310	all'	_	_	_	
5-197	1311-1317	avviso	_	_	_	
5-198	1318-1320	di	_	_	_	
5-199	1321-1333	accertamento	_	_	_	
5-200	1334-1335	/	_	_	_	
5-201	1336-1344	rimborso	_	_	_	
5-202	1345-1346	/	_	_	_	
5-203	1347-1352	altro	_	_	_	
