#FORMAT=WebAnno TSV 3.3
#T_SP=custom.Span|label
#T_RL=custom.Relation|label|BT_custom.Span


#Text=Il sottoscritto Pavone Dimitri , nato a Napoli ( NA ) il 25.04.1903 e avente residenza in Napoli CAP 80123 Via delle Carceri 88 / A , cf PVNDTR03D25F839W risulta essere il destinatario di una notevole somma di denaro .
1-1	0-2	Il	_	_	_	
1-2	3-15	sottoscritto	_	_	_	
1-3	16-22	Pavone	PER[1]	addressR|addressR|cf|birthDate|birthLoc|birthLoc|addressR	1-20[0_1]|1-21[2_1]|1-29[0_1]|1-13[0_1]|1-10[0_1]|1-8[0_1]|1-18[0_1]	
1-4	23-30	Dimitri	PER[1]	_	_	
1-5	31-32	,	_	_	_	
1-6	33-37	nato	_	_	_	
1-7	38-39	a	_	_	_	
1-8	40-46	Napoli	LOC	_	_	
1-9	47-48	(	_	_	_	
1-10	49-51	NA	LOC	_	_	
1-11	52-53	)	_	_	_	
1-12	54-56	il	_	_	_	
1-13	57-67	25.04.1903	DATE	_	_	
1-14	68-69	e	_	_	_	
1-15	70-76	avente	_	_	_	
1-16	77-86	residenza	_	_	_	
1-17	87-89	in	_	_	_	
1-18	90-96	Napoli	LOC	_	_	
1-19	97-100	CAP	_	_	_	
1-20	101-106	80123	LOC	_	_	
1-21	107-110	Via	LOC[2]	_	_	
1-22	111-116	delle	LOC[2]	_	_	
1-23	117-124	Carceri	LOC[2]	_	_	
1-24	125-127	88	LOC[2]	_	_	
1-25	128-129	/	LOC[2]	_	_	
1-26	130-131	A	LOC[2]	_	_	
1-27	132-133	,	_	_	_	
1-28	134-136	cf	_	_	_	
1-29	137-153	PVNDTR03D25F839W	CF	_	_	
1-30	154-161	risulta	_	_	_	
1-31	162-168	essere	_	_	_	
1-32	169-171	il	_	_	_	
1-33	172-184	destinatario	_	_	_	
1-34	185-187	di	_	_	_	
1-35	188-191	una	_	_	_	
1-36	192-200	notevole	_	_	_	
1-37	201-206	somma	_	_	_	
1-38	207-209	di	_	_	_	
1-39	210-216	denaro	_	_	_	
1-40	217-218	.	_	_	_	
