#FORMAT=WebAnno TSV 3.3
#T_SP=custom.Span|label
#T_RL=custom.Relation|label|BT_custom.Span


#Text=All' Ufficio Elettorale del Comune di Roma
1-1	0-4	All'	_	_	_	
1-2	5-12	Ufficio	_	_	_	
1-3	13-23	Elettorale	_	_	_	
1-4	24-27	del	_	_	_	
1-5	28-34	Comune	ENTE[1]	_	_	
1-6	35-37	di	ENTE[1]	_	_	
1-7	38-42	Roma	ENTE[1]	_	_	

#Text=RICHIESTA DEL CERTIFICATO DI ISCRIZIONE NELLE LISTE ELETTORALI
2-1	43-52	RICHIESTA	_	_	_	
2-2	53-56	DEL	_	_	_	
2-3	57-68	CERTIFICATO	_	_	_	
2-4	69-71	DI	_	_	_	
2-5	72-82	ISCRIZIONE	_	_	_	
2-6	83-88	NELLE	_	_	_	
2-7	89-94	LISTE	_	_	_	
2-8	95-105	ELETTORALI	_	_	_	

#Text=COMPILARE IN STAMPATELLO
3-1	106-115	COMPILARE	_	_	_	
3-2	116-118	IN	_	_	_	
3-3	119-130	STAMPATELLO	_	_	_	

#Text=Il / la sottoscritto / a Livi Geremia nato / a a Roma ( RO ) cap 24100 il 15/04/1992 residente in Milano ( MI ) in via Turati n. 2 documento di identità n. AU8976889 rilasciato da Comune di Roma il 21/04/2010 , dati di contatto - telefono 971/1892848 - cellulare 3503962541 - e-mail geremia.livi@gmail.com - PEC livi.g@pec.it
4-1	131-133	Il	_	_	_	
4-2	134-135	/	_	_	_	
4-3	136-138	la	_	_	_	
4-4	139-151	sottoscritto	_	_	_	
4-5	152-153	/	_	_	_	
4-6	154-155	a	_	_	_	
4-7	156-160	Livi	PER[2]	birthLoc|docType|addressR|addressR|birthLoc|birthDate|tel|email|addressR|tel|birthLoc|email	4-18[0_2]|4-32[4_2]|4-28[3_2]|4-25[0_2]|4-15[0_2]|4-20[0_2]|4-53[0_2]|4-56[0_2]|4-23[0_2]|4-50[0_2]|4-13[0_2]|4-59[0_2]	
4-8	161-168	Geremia	PER[2]	_	_	
4-9	169-173	nato	_	_	_	
4-10	174-175	/	_	_	_	
4-11	176-177	a	_	_	_	
4-12	178-179	a	_	_	_	
4-13	180-184	Roma	LOC	_	_	
4-14	185-186	(	_	_	_	
4-15	187-189	RO	LOC	_	_	
4-16	190-191	)	_	_	_	
4-17	192-195	cap	_	_	_	
4-18	196-201	24100	LOC	_	_	
4-19	202-204	il	_	_	_	
4-20	205-215	15/04/1992	DATE	_	_	
4-21	216-225	residente	_	_	_	
4-22	226-228	in	_	_	_	
4-23	229-235	Milano	LOC	_	_	
4-24	236-237	(	_	_	_	
4-25	238-240	MI	LOC	_	_	
4-26	241-242	)	_	_	_	
4-27	243-245	in	_	_	_	
4-28	246-249	via	LOC[3]	_	_	
4-29	250-256	Turati	LOC[3]	_	_	
4-30	257-259	n.	LOC[3]	_	_	
4-31	260-261	2	LOC[3]	_	_	
4-32	262-271	documento	DOCTYPE[4]	docIssueLoc|docIssueDate|docID	4-39[5_4]|4-43[0_4]|4-36[0_4]	
4-33	272-274	di	DOCTYPE[4]	_	_	
4-34	275-283	identità	DOCTYPE[4]	_	_	
4-35	284-286	n.	_	_	_	
4-36	287-296	AU8976889	NUMBER	_	_	
4-37	297-307	rilasciato	_	_	_	
4-38	308-310	da	_	_	_	
4-39	311-317	Comune	ENTE[5]	_	_	
4-40	318-320	di	ENTE[5]	_	_	
4-41	321-325	Roma	ENTE[5]	_	_	
4-42	326-328	il	_	_	_	
4-43	329-339	21/04/2010	DATE	_	_	
4-44	340-341	,	_	_	_	
4-45	342-346	dati	_	_	_	
4-46	347-349	di	_	_	_	
4-47	350-358	contatto	_	_	_	
4-48	359-360	-	_	_	_	
4-49	361-369	telefono	_	_	_	
4-50	370-381	971/1892848	NUMBER	_	_	
4-51	382-383	-	_	_	_	
4-52	384-393	cellulare	_	_	_	
4-53	394-404	3503962541	NUMBER	_	_	
4-54	405-406	-	_	_	_	
4-55	407-413	e-mail	_	_	_	
4-56	414-436	geremia.livi@gmail.com	EMAIL	_	_	
4-57	437-438	-	_	_	_	
4-58	439-442	PEC	_	_	_	
4-59	443-456	livi.g@pec.it	EMAIL	_	_	
