#FORMAT=WebAnno TSV 3.3
#T_SP=custom.Span|label
#T_RL=custom.Relation|label|BT_custom.Span


#Text=AL SIG. UFFICIALE DELLO STATO CIVILE DEL COMUNE DI Novara
1-1	0-2	AL	_	_	_	
1-2	3-7	SIG.	_	_	_	
1-3	8-17	UFFICIALE	_	_	_	
1-4	18-23	DELLO	_	_	_	
1-5	24-29	STATO	_	_	_	
1-6	30-36	CIVILE	_	_	_	
1-7	37-40	DEL	_	_	_	
1-8	41-47	COMUNE	ENTE[1]	_	_	
1-9	48-50	DI	ENTE[1]	_	_	
1-10	51-57	Novara	ENTE[1]	_	_	

#Text=OGGETTO : Richiesta da parte dei nubendi per la celebrazione di matrimonio a cura di altro Ufficiale dello Stato Civile .
2-1	58-65	OGGETTO	_	_	_	
2-2	66-67	:	_	_	_	
2-3	68-77	Richiesta	_	_	_	
2-4	78-80	da	_	_	_	
2-5	81-86	parte	_	_	_	
2-6	87-90	dei	_	_	_	
2-7	91-98	nubendi	_	_	_	
2-8	99-102	per	_	_	_	
2-9	103-105	la	_	_	_	
2-10	106-118	celebrazione	_	_	_	
2-11	119-121	di	_	_	_	
2-12	122-132	matrimonio	_	_	_	
2-13	133-134	a	_	_	_	
2-14	135-139	cura	_	_	_	
2-15	140-142	di	_	_	_	
2-16	143-148	altro	_	_	_	
2-17	149-158	Ufficiale	_	_	_	
2-18	159-164	dello	_	_	_	
2-19	165-170	Stato	_	_	_	
2-20	171-177	Civile	_	_	_	
2-21	178-179	.	_	_	_	

#Text=I sottoscritti : Giovanni Montoni nato a Arezzo prov. AR Il 29/10/1988 ; Ester Volpini nata a Udine prov. UD Il 15/01/1995 ; facendo seguito alla richiesta di pubblicazione di matrimonio dalla S.V. ricevuta con verbale in data 28/05/2019 , ai sensi dell’ art. 109 del vigente codice civile e dell’ art. 67 del D.P.R. 3 novembre 2000 , n. 396 ; CHIEDONO – che il matrimonio venga celebrato dall’ Ufficiale dello Stato Civile del Comune di Novara : che eventuali comunicazioni siano inviate al seguente indirizzo : Via Francesco de Sanctis n. 27 , Udine tel. 042 356789 Lì , Udine , 23/06/19 I RICHIEDENTI
3-1	180-181	I	_	_	_	
3-2	182-194	sottoscritti	_	_	_	
3-3	195-196	:	_	_	_	
3-4	197-205	Giovanni	PER[2]	addressR|addressR|birthDate|relative|birthLoc|tel|birthLoc	3-94[0_2]|3-88[6_2]|3-12[0_2]|3-14[3_2]|3-8[0_2]|3-96[0_2]|3-10[0_2]	
3-5	206-213	Montoni	PER[2]	_	_	
3-6	214-218	nato	_	_	_	
3-7	219-220	a	_	_	_	
3-8	221-227	Arezzo	LOC	_	_	
3-9	228-233	prov.	_	_	_	
3-10	234-236	AR	LOC	_	_	
3-11	237-239	Il	_	_	_	
3-12	240-250	29/10/1988	DATE	_	_	
3-13	251-252	;	_	_	_	
3-14	253-258	Ester	PER[3]	addressR|addressR|tel|birthDate|birthLoc|birthLoc	3-94[0_3]|3-88[6_3]|3-96[0_3]|3-22[0_3]|3-18[0_3]|3-20[0_3]	
3-15	259-266	Volpini	PER[3]	_	_	
3-16	267-271	nata	_	_	_	
3-17	272-273	a	_	_	_	
3-18	274-279	Udine	LOC	_	_	
3-19	280-285	prov.	_	_	_	
3-20	286-288	UD	LOC	_	_	
3-21	289-291	Il	_	_	_	
3-22	292-302	15/01/1995	DATE	_	_	
3-23	303-304	;	_	_	_	
3-24	305-312	facendo	_	_	_	
3-25	313-320	seguito	_	_	_	
3-26	321-325	alla	_	_	_	
3-27	326-335	richiesta	_	_	_	
3-28	336-338	di	_	_	_	
3-29	339-352	pubblicazione	_	_	_	
3-30	353-355	di	_	_	_	
3-31	356-366	matrimonio	_	_	_	
3-32	367-372	dalla	_	_	_	
3-33	373-377	S.V.	_	_	_	
3-34	378-386	ricevuta	_	_	_	
3-35	387-390	con	_	_	_	
3-36	391-398	verbale	_	_	_	
3-37	399-401	in	_	_	_	
3-38	402-406	data	_	_	_	
3-39	407-417	28/05/2019	_	_	_	
3-40	418-419	,	_	_	_	
3-41	420-422	ai	_	_	_	
3-42	423-428	sensi	_	_	_	
3-43	429-434	dell’	_	_	_	
3-44	435-439	art.	LEX[4]	_	_	
3-45	440-443	109	LEX[4]	_	_	
3-46	444-447	del	LEX[4]	_	_	
3-47	448-455	vigente	LEX[4]	_	_	
3-48	456-462	codice	LEX[4]	_	_	
3-49	463-469	civile	LEX[4]	_	_	
3-50	470-471	e	LEX[4]	_	_	
3-51	472-477	dell’	LEX[4]	_	_	
3-52	478-482	art.	LEX[4]	_	_	
3-53	483-485	67	LEX[4]	_	_	
3-54	486-489	del	LEX[4]	_	_	
3-55	490-496	D.P.R.	LEX[4]	_	_	
3-56	497-498	3	LEX[4]	_	_	
3-57	499-507	novembre	LEX[4]	_	_	
3-58	508-512	2000	LEX[4]	_	_	
3-59	513-514	,	LEX[4]	_	_	
3-60	515-521	n. 396	LEX[4]	_	_	
3-61	522-523	;	_	_	_	
3-62	524-532	CHIEDONO	_	_	_	
3-63	533-534	–	_	_	_	
3-64	535-538	che	_	_	_	
3-65	539-541	il	_	_	_	
3-66	542-552	matrimonio	_	_	_	
3-67	553-558	venga	_	_	_	
3-68	559-568	celebrato	_	_	_	
3-69	569-574	dall’	_	_	_	
3-70	575-584	Ufficiale	_	_	_	
3-71	585-590	dello	_	_	_	
3-72	591-596	Stato	_	_	_	
3-73	597-603	Civile	_	_	_	
3-74	604-607	del	_	_	_	
3-75	608-614	Comune	ENTE[5]	_	_	
3-76	615-617	di	ENTE[5]	_	_	
3-77	618-624	Novara	ENTE[5]	_	_	
3-78	625-626	:	_	_	_	
3-79	627-630	che	_	_	_	
3-80	631-640	eventuali	_	_	_	
3-81	641-654	comunicazioni	_	_	_	
3-82	655-660	siano	_	_	_	
3-83	661-668	inviate	_	_	_	
3-84	669-671	al	_	_	_	
3-85	672-680	seguente	_	_	_	
3-86	681-690	indirizzo	_	_	_	
3-87	691-692	:	_	_	_	
3-88	693-696	Via	LOC[6]	_	_	
3-89	697-706	Francesco	LOC[6]	_	_	
3-90	707-709	de	LOC[6]	_	_	
3-91	710-717	Sanctis	LOC[6]	_	_	
3-92	718-723	n. 27	LOC[6]	_	_	
3-93	724-725	,	_	_	_	
3-94	726-731	Udine	LOC	_	_	
3-95	732-736	tel.	_	_	_	
3-96	737-747	042 356789	NUMBER	_	_	
3-97	748-750	Lì	_	_	_	
3-98	751-752	,	_	_	_	
3-99	753-758	Udine	LOC	_	_	
3-100	759-760	,	_	_	_	
3-101	761-769	23/06/19	_	_	_	
3-102	770-771	I	_	_	_	
3-103	772-783	RICHIEDENTI	_	_	_	
