#FORMAT=WebAnno TSV 3.3
#T_SP=custom.Span|label
#T_RL=custom.Relation|label|BT_custom.Span


#Text=Comune di Trieste
1-1	0-6	Comune	ENTE[1]	_	_	
1-2	7-9	di	ENTE[1]	_	_	
1-3	10-17	Trieste	ENTE[1]	_	_	

#Text=Provincia di Trieste
2-1	18-27	Provincia	ENTE[2]	_	_	
2-2	28-30	di	ENTE[2]	_	_	
2-3	31-38	Trieste	ENTE[2]	_	_	

#Text=Segnalazione certificata di Inizio Attività di vendita in via temporanea per la partecipazione di operatori / trici non professionali a manifestazioni cittadine e / o mercati periodici e tematici
3-1	39-51	Segnalazione	_	_	_	
3-2	52-63	certificata	_	_	_	
3-3	64-66	di	_	_	_	
3-4	67-73	Inizio	_	_	_	
3-5	74-82	Attività	_	_	_	
3-6	83-85	di	_	_	_	
3-7	86-93	vendita	_	_	_	
3-8	94-96	in	_	_	_	
3-9	97-100	via	_	_	_	
3-10	101-111	temporanea	_	_	_	
3-11	112-115	per	_	_	_	
3-12	116-118	la	_	_	_	
3-13	119-133	partecipazione	_	_	_	
3-14	134-136	di	_	_	_	
3-15	137-146	operatori	_	_	_	
3-16	147-148	/	_	_	_	
3-17	149-154	trici	_	_	_	
3-18	155-158	non	_	_	_	
3-19	159-172	professionali	_	_	_	
3-20	173-174	a	_	_	_	
3-21	175-189	manifestazioni	_	_	_	
3-22	190-199	cittadine	_	_	_	
3-23	200-201	e	_	_	_	
3-24	202-203	/	_	_	_	
3-25	204-205	o	_	_	_	
3-26	206-213	mercati	_	_	_	
3-27	214-223	periodici	_	_	_	
3-28	224-225	e	_	_	_	
3-29	226-234	tematici	_	_	_	

#Text=Il / la sottoscritto / a Perri Anastasia nato / a a Trieste Prov. TS Il 21/12/1990 residente a Trieste Prov. TS Via San Michele CAP 85100 Tel. 9711652848 cell. 34086374840 Fax 9711652848 e-mail perri.a@gmail.com indirizzo e-mail di P.E.C. perri@pec.it in qualità di legale Rappresentante dell’ Associazione Cooperativa Sociale il Girasole codice fiscale / partita IVA 1931590762 sede legale in Trieste corso XXVIII Agosto n. 5
4-1	235-237	Il	_	_	_	
4-2	238-239	/	_	_	_	
4-3	240-242	la	_	_	_	
4-4	243-255	sottoscritto	_	_	_	
4-5	256-257	/	_	_	_	
4-6	258-259	a	_	_	_	
4-7	260-265	Perri	PER[3]	addressR|addressR|addressR|birthDate|birthLoc|tel|email|addressR|tel|personalRole|email|birthLoc|tel	4-22[0_3]|4-23[4_3]|4-27[0_3]|4-17[0_3]|4-15[0_3]|4-33[0_3]|4-40[0_3]|4-20[0_3]|4-31[0_3]|4-44[5_3]|4-35[0_3]|4-13[0_3]|4-29[0_3]	
4-8	266-275	Anastasia	PER[3]	_	_	
4-9	276-280	nato	_	_	_	
4-10	281-282	/	_	_	_	
4-11	283-284	a	_	_	_	
4-12	285-286	a	_	_	_	
4-13	287-294	Trieste	LOC	_	_	
4-14	295-300	Prov.	_	_	_	
4-15	301-303	TS	LOC	_	_	
4-16	304-306	Il	_	_	_	
4-17	307-317	21/12/1990	DATE	_	_	
4-18	318-327	residente	_	_	_	
4-19	328-329	a	_	_	_	
4-20	330-337	Trieste	LOC	_	_	
4-21	338-343	Prov.	_	_	_	
4-22	344-346	TS	LOC	_	_	
4-23	347-350	Via	LOC[4]	_	_	
4-24	351-354	San	LOC[4]	_	_	
4-25	355-362	Michele	LOC[4]	_	_	
4-26	363-366	CAP	_	_	_	
4-27	367-372	85100	LOC	_	_	
4-28	373-377	Tel.	_	_	_	
4-29	378-388	9711652848	NUMBER	_	_	
4-30	389-394	cell.	_	_	_	
4-31	395-406	34086374840	NUMBER	_	_	
4-32	407-410	Fax	_	_	_	
4-33	411-421	9711652848	NUMBER	_	_	
4-34	422-428	e-mail	_	_	_	
4-35	429-446	perri.a@gmail.com	EMAIL	_	_	
4-36	447-456	indirizzo	_	_	_	
4-37	457-463	e-mail	_	_	_	
4-38	464-466	di	_	_	_	
4-39	467-473	P.E.C.	_	_	_	
4-40	474-486	perri@pec.it	EMAIL	_	_	
4-41	487-489	in	_	_	_	
4-42	490-497	qualità	_	_	_	
4-43	498-500	di	_	_	_	
4-44	501-507	legale	ROLE[5]	_	_	
4-45	508-522	Rappresentante	ROLE[5]	_	_	
4-46	523-528	dell’	_	_	_	
4-47	529-541	Associazione	ORG[6]	companyRole|op|vat|addressR|addressR	4-44[5_6]|4-7[3_6]|4-57[0_6]|4-61[0_6]|4-62[7_6]	
4-48	542-553	Cooperativa	ORG[6]	_	_	
4-49	554-561	Sociale	ORG[6]	_	_	
4-50	562-564	il	ORG[6]	_	_	
4-51	565-573	Girasole	ORG[6]	_	_	
4-52	574-580	codice	_	_	_	
4-53	581-588	fiscale	_	_	_	
4-54	589-590	/	_	_	_	
4-55	591-598	partita	_	_	_	
4-56	599-602	IVA	_	_	_	
4-57	603-613	1931590762	NUMBER	_	_	
4-58	614-618	sede	_	_	_	
4-59	619-625	legale	_	_	_	
4-60	626-628	in	_	_	_	
4-61	629-636	Trieste	LOC	_	_	
4-62	637-642	corso	LOC[7]	_	_	
4-63	643-649	XXVIII	LOC[7]	_	_	
4-64	650-656	Agosto	LOC[7]	_	_	
4-65	657-659	n.	LOC[7]	_	_	
4-66	660-661	5	LOC[7]	_	_	

#Text=In occasione della manifestazione cittadina / mercato periodico tematico denominato / a
5-1	662-664	In	_	_	_	
5-2	665-674	occasione	_	_	_	
5-3	675-680	della	_	_	_	
5-4	681-695	manifestazione	_	_	_	
5-5	696-705	cittadina	_	_	_	
5-6	706-707	/	_	_	_	
5-7	708-715	mercato	_	_	_	
5-8	716-725	periodico	_	_	_	
5-9	726-734	tematico	_	_	_	
5-10	735-745	denominato	_	_	_	
5-11	746-747	/	_	_	_	
5-12	748-749	a	_	_	_	
