#FORMAT=WebAnno TSV 3.3
#T_SP=custom.Span|label
#T_RL=custom.Relation|label|BT_custom.Span


#Text=Comune di Palermo
1-1	0-6	Comune	ENTE[1]	_	_	
1-2	7-9	di	ENTE[1]	_	_	
1-3	10-17	Palermo	ENTE[1]	_	_	

#Text=Provincia di Palermo
2-1	18-27	Provincia	ENTE[2]	_	_	
2-2	28-30	di	ENTE[2]	_	_	
2-3	31-38	Palermo	ENTE[2]	_	_	

#Text=Assenso all’ emissione a persona minorenne di una Carta d’ Identità Elettronica valida per l’ espatrio
3-1	39-46	Assenso	_	_	_	
3-2	47-51	all’	_	_	_	
3-3	52-61	emissione	_	_	_	
3-4	62-63	a	_	_	_	
3-5	64-71	persona	_	_	_	
3-6	72-81	minorenne	_	_	_	
3-7	82-84	di	_	_	_	
3-8	85-88	una	_	_	_	
3-9	89-94	Carta	_	_	_	
3-10	95-97	d’	_	_	_	
3-11	98-106	Identità	_	_	_	
3-12	107-118	Elettronica	_	_	_	
3-13	119-125	valida	_	_	_	
3-14	126-129	per	_	_	_	
3-15	130-132	l’	_	_	_	
3-16	133-141	espatrio	_	_	_	

#Text=Al Signor SINDACO
4-1	142-144	Al	_	_	_	
4-2	145-151	Signor	_	_	_	
4-3	152-159	SINDACO	_	_	_	

#Text=Il / La sottoscritto / a Mario Rossi nato a Milano il 29/07/1965 e residente a Palermo in via Messina 231 c.f. RSSMRA65A01F205G – e-mail mario.rossi@dominio.it in qualità di esercente la responsabilità genitoriale / tutela sul / la minore : Michele Rossi nato a Palermo il 15/01/2006 residente a Palermo in via Messina n. 231 nell’ impossibilità di recarmi personalmente presso l’ ufficio competente per il rilascio del documento consapevole delle sanzioni penali richiamate dall' art. 76 del D.P.R. 28.45.20 , n. 445 , in caso di dichiarazioni mendaci e di formazione o uso di atti falsi
5-1	160-162	Il	_	_	_	
5-2	163-164	/	_	_	_	
5-3	165-167	La	_	_	_	
5-4	168-180	sottoscritto	_	_	_	
5-5	181-182	/	_	_	_	
5-6	183-184	a	_	_	_	
5-7	185-190	Mario	PER[3]	addressR|addressR|relative|birthDate|cf|personalRole|email|birthLoc	5-19[4_3]|5-17[0_3]|5-41[6_3]|5-13[0_3]|5-23[0_3]|5-30[5_3]|5-26[0_3]|5-11[0_3]	
5-8	191-196	Rossi	PER[3]	_	_	
5-9	197-201	nato	_	_	_	
5-10	202-203	a	_	_	_	
5-11	204-210	Milano	LOC	_	_	
5-12	211-213	il	_	_	_	
5-13	214-224	29/07/1965	DATE	_	_	
5-14	225-226	e	_	_	_	
5-15	227-236	residente	_	_	_	
5-16	237-238	a	_	_	_	
5-17	239-246	Palermo	LOC	_	_	
5-18	247-249	in	_	_	_	
5-19	250-253	via	LOC[4]	_	_	
5-20	254-261	Messina	LOC[4]	_	_	
5-21	262-265	231	LOC[4]	_	_	
5-22	266-270	c.f.	_	_	_	
5-23	271-287	RSSMRA65A01F205G	CF	_	_	
5-24	288-289	–	_	_	_	
5-25	290-296	e-mail	_	_	_	
5-26	297-319	mario.rossi@dominio.it	EMAIL	_	_	
5-27	320-322	in	_	_	_	
5-28	323-330	qualità	_	_	_	
5-29	331-333	di	_	_	_	
5-30	334-343	esercente	ROLE[5]	_	_	
5-31	344-346	la	ROLE[5]	_	_	
5-32	347-361	responsabilità	ROLE[5]	_	_	
5-33	362-373	genitoriale	ROLE[5]	_	_	
5-34	374-375	/	ROLE[5]	_	_	
5-35	376-382	tutela	ROLE[5]	_	_	
5-36	383-386	sul	_	_	_	
5-37	387-388	/	_	_	_	
5-38	389-391	la	_	_	_	
5-39	392-398	minore	_	_	_	
5-40	399-400	:	_	_	_	
5-41	401-408	Michele	PER[6]	addressR|birthDate|addressR|birthLoc	5-52[7_6]|5-47[0_6]|5-50[0_6]|5-45[0_6]	
5-42	409-414	Rossi	PER[6]	_	_	
5-43	415-419	nato	_	_	_	
5-44	420-421	a	_	_	_	
5-45	422-429	Palermo	LOC	_	_	
5-46	430-432	il	_	_	_	
5-47	433-443	15/01/2006	DATE	_	_	
5-48	444-453	residente	_	_	_	
5-49	454-455	a	_	_	_	
5-50	456-463	Palermo	LOC	_	_	
5-51	464-466	in	_	_	_	
5-52	467-470	via	LOC[7]	_	_	
5-53	471-478	Messina	LOC[7]	_	_	
5-54	479-481	n.	LOC[7]	_	_	
5-55	482-485	231	LOC[7]	_	_	
5-56	486-491	nell’	_	_	_	
5-57	492-505	impossibilità	_	_	_	
5-58	506-508	di	_	_	_	
5-59	509-516	recarmi	_	_	_	
5-60	517-530	personalmente	_	_	_	
5-61	531-537	presso	_	_	_	
5-62	538-540	l’	_	_	_	
5-63	541-548	ufficio	_	_	_	
5-64	549-559	competente	_	_	_	
5-65	560-563	per	_	_	_	
5-66	564-566	il	_	_	_	
5-67	567-575	rilascio	_	_	_	
5-68	576-579	del	_	_	_	
5-69	580-589	documento	_	_	_	
5-70	590-601	consapevole	_	_	_	
5-71	602-607	delle	_	_	_	
5-72	608-616	sanzioni	_	_	_	
5-73	617-623	penali	_	_	_	
5-74	624-634	richiamate	_	_	_	
5-75	635-640	dall'	_	_	_	
5-76	641-645	art.	LEX[8]	_	_	
5-77	646-648	76	LEX[8]	_	_	
5-78	649-652	del	LEX[8]	_	_	
5-79	653-659	D.P.R.	LEX[8]	_	_	
5-80	660-668	28.45.20	LEX[8]	_	_	
5-81	669-670	,	LEX[8]	_	_	
5-82	671-673	n.	LEX[8]	_	_	
5-83	674-677	445	LEX[8]	_	_	
5-84	678-679	,	_	_	_	
5-85	680-682	in	_	_	_	
5-86	683-687	caso	_	_	_	
5-87	688-690	di	_	_	_	
5-88	691-704	dichiarazioni	_	_	_	
5-89	705-712	mendaci	_	_	_	
5-90	713-714	e	_	_	_	
5-91	715-717	di	_	_	_	
5-92	718-728	formazione	_	_	_	
5-93	729-730	o	_	_	_	
5-94	731-734	uso	_	_	_	
5-95	735-737	di	_	_	_	
5-96	738-742	atti	_	_	_	
5-97	743-748	falsi	_	_	_	

#Text=CHIEDO
6-1	749-755	CHIEDO	_	_	_	

#Text=l’ emissione della carta d’ identità valida per l’ espatrio per il minore sopra generalizzato ;
7-1	756-758	l’	_	_	_	
7-2	759-768	emissione	_	_	_	
7-3	769-774	della	_	_	_	
7-4	775-780	carta	_	_	_	
7-5	781-783	d’	_	_	_	
7-6	784-792	identità	_	_	_	
7-7	793-799	valida	_	_	_	
7-8	800-803	per	_	_	_	
7-9	804-806	l’	_	_	_	
7-10	807-815	espatrio	_	_	_	
7-11	816-819	per	_	_	_	
7-12	820-822	il	_	_	_	
7-13	823-829	minore	_	_	_	
7-14	830-835	sopra	_	_	_	
7-15	836-849	generalizzato	_	_	_	
7-16	850-851	;	_	_	_	

#Text=che venga riportato sul documento , nel caso di minore di anni 14 , il mio nominativo
8-1	852-855	che	_	_	_	
8-2	856-861	venga	_	_	_	
8-3	862-871	riportato	_	_	_	
8-4	872-875	sul	_	_	_	
8-5	876-885	documento	_	_	_	
8-6	886-887	,	_	_	_	
8-7	888-891	nel	_	_	_	
8-8	892-896	caso	_	_	_	
8-9	897-899	di	_	_	_	
8-10	900-906	minore	_	_	_	
8-11	907-909	di	_	_	_	
8-12	910-914	anni	_	_	_	
8-13	915-917	14	_	_	_	
8-14	918-919	,	_	_	_	
8-15	920-922	il	_	_	_	
8-16	923-926	mio	_	_	_	
8-17	927-937	nominativo	_	_	_	

#Text=Allego copia non autenticata di documento d’ identità
9-1	938-944	Allego	_	_	_	
9-2	945-950	copia	_	_	_	
9-3	951-954	non	_	_	_	
9-4	955-966	autenticata	_	_	_	
9-5	967-969	di	_	_	_	
9-6	970-979	documento	_	_	_	
9-7	980-982	d’	_	_	_	
9-8	983-991	identità	_	_	_	

#Text=Lì , Palermo
10-1	992-994	Lì	_	_	_	
10-2	995-996	,	_	_	_	
10-3	997-1004	Palermo	LOC	_	_	
