#FORMAT=WebAnno TSV 3.3
#T_SP=custom.Span|label
#T_RL=custom.Relation|label|BT_custom.Span


#Text=Al Sig. Sindaco del Comune di Novara
1-1	0-2	Al	_	_	_	
1-2	3-7	Sig.	_	_	_	
1-3	8-15	Sindaco	_	_	_	
1-4	16-19	del	_	_	_	
1-5	20-26	Comune	ENTE[1]	_	_	
1-6	27-29	di	ENTE[1]	_	_	
1-7	30-36	Novara	ENTE[1]	_	_	

#Text=OGGETTO : Richiesta di concessione di loculi cimiteriali .
2-1	37-44	OGGETTO	_	_	_	
2-2	45-46	:	_	_	_	
2-3	47-56	Richiesta	_	_	_	
2-4	57-59	di	_	_	_	
2-5	60-71	concessione	_	_	_	
2-6	72-74	di	_	_	_	
2-7	75-81	loculi	_	_	_	
2-8	82-93	cimiteriali	_	_	_	
2-9	94-95	.	_	_	_	

#Text=Il / La sottoscritto / a Vittorio Pecorini nato / a a Novara , prov. NO ; il 15/05/1942 residente a Novara via Carlo Negroni n. 17 Codice fiscale PCRVTR42E15F952F
3-1	96-98	Il	_	_	_	
3-2	99-100	/	_	_	_	
3-3	101-103	La	_	_	_	
3-4	104-116	sottoscritto	_	_	_	
3-5	117-118	/	_	_	_	
3-6	119-120	a	_	_	_	
3-7	121-129	Vittorio	PER[2]	addressR|addressR|birthLoc|birthDate|birthLoc|cf	3-22[0_2]|3-23[3_2]|3-16[0_2]|3-19[0_2]|3-13[0_2]|3-30[0_2]	
3-8	130-138	Pecorini	PER[2]	_	_	
3-9	139-143	nato	_	_	_	
3-10	144-145	/	_	_	_	
3-11	146-147	a	_	_	_	
3-12	148-149	a	_	_	_	
3-13	150-156	Novara	LOC	_	_	
3-14	157-158	,	_	_	_	
3-15	159-164	prov.	_	_	_	
3-16	165-167	NO	LOC	_	_	
3-17	168-169	;	_	_	_	
3-18	170-172	il	_	_	_	
3-19	173-183	15/05/1942	DATE	_	_	
3-20	184-193	residente	_	_	_	
3-21	194-195	a	_	_	_	
3-22	196-202	Novara	LOC	_	_	
3-23	203-206	via	LOC[3]	_	_	
3-24	207-212	Carlo	LOC[3]	_	_	
3-25	213-220	Negroni	LOC[3]	_	_	
3-26	221-223	n.	LOC[3]	_	_	
3-27	224-226	17	LOC[3]	_	_	
3-28	227-233	Codice	_	_	_	
3-29	234-241	fiscale	_	_	_	
3-30	242-258	PCRVTR42E15F952F	CF	_	_	

#Text=CHIEDE
4-1	259-265	CHIEDE	_	_	_	

#Text=per sé e i suoi eredi , la concessione dei seguenti n. 3 loculi :
5-1	266-269	per	_	_	_	
5-2	270-272	sé	_	_	_	
5-3	273-274	e	_	_	_	
5-4	275-276	i	_	_	_	
5-5	277-281	suoi	_	_	_	
5-6	282-287	eredi	_	_	_	
5-7	288-289	,	_	_	_	
5-8	290-292	la	_	_	_	
5-9	293-304	concessione	_	_	_	
5-10	305-308	dei	_	_	_	
5-11	309-317	seguenti	_	_	_	
5-12	318-320	n.	_	_	_	
5-13	321-322	3	_	_	_	
5-14	323-329	loculi	_	_	_	
5-15	330-331	:	_	_	_	

#Text=nel cimitero di Novara
6-1	332-335	nel	_	_	_	
6-2	336-344	cimitero	_	_	_	
6-3	345-347	di	_	_	_	
6-4	348-354	Novara	LOC	_	_	

#Text=DICHIARA
7-1	355-363	DICHIARA	_	_	_	
