#FORMAT=WebAnno TSV 3.3
#T_SP=custom.Span|label
#T_RL=custom.Relation|label|BT_custom.Span


#Text=Al Signor Sindaco del Comune di Teramo
1-1	0-2	Al	_	_	_	
1-2	3-9	Signor	_	_	_	
1-3	10-17	Sindaco	_	_	_	
1-4	18-21	del	_	_	_	
1-5	22-28	Comune	ENTE[1]	_	_	
1-6	29-31	di	ENTE[1]	_	_	
1-7	32-38	Teramo	ENTE[1]	_	_	

#Text=La sottoscritta Esposito Angela nata a Teramo , prov. TE , il 3/9/64 , e residente in Teramo , prov. TE , via Guido II n. 8 in qualità : di genitore di tutore del minore : Licinio Renna nato a Teramo , prov. TE , il 11/4/2013 nell’ impossibilità di recarmi personalmente presso l’ ufficio competente per il rilascio del documento e consapevole delle sanzioni penali richiamate dall' art. 76 del D.P.R. 28.45.20 , n. 445 , in caso di dichiarazioni mendaci e di formazione o uso di atti falsi nel richiedere il rilascio della Carta di Identità / Carta d’ Identità Elettronica per il suindicato minore : DICHIARA di dare il proprio assenso affinché sia rilasciato il documento valido per l' espatrio ; CHIEDE che compaia il proprio nome sulla carta di identità del / i figlio / a / i minore / i laddove ciò sia previsto . Dichiara di essere informato / a , tramite apposita informativa resa disponibile dall’ ente a cui è indirizzato il presente documento , ai sensi e per gli effetti degli articoli 13 e seg. del Regolamento Generale sulla Protezione dei Dati ( RGPD-UE 2016/679 ) , che i dati personali raccolti saranno trattati , anche con strumenti informatici , esclusivamente nell’ ambito del procedimento per il quale la presente istanza / dichiarazione viene resa .
2-1	39-41	La	_	_	_	
2-2	42-54	sottoscritta	_	_	_	
2-3	55-63	Esposito	PER[2]	addressR|addressR|birthLoc|birthLoc|addressR|relative|birthDate|personalRole	2-23[3_2]|2-18[0_2]|2-10[0_2]|2-7[0_2]|2-21[0_2]|2-37[4_2]|2-13[0_2]|2-31[0_2]	
2-4	64-70	Angela	PER[2]	_	_	
2-5	71-75	nata	_	_	_	
2-6	76-77	a	_	_	_	
2-7	78-84	Teramo	LOC	_	_	
2-8	85-86	,	_	_	_	
2-9	87-92	prov.	_	_	_	
2-10	93-95	TE	LOC	_	_	
2-11	96-97	,	_	_	_	
2-12	98-100	il	_	_	_	
2-13	101-107	3/9/64	DATE	_	_	
2-14	108-109	,	_	_	_	
2-15	110-111	e	_	_	_	
2-16	112-121	residente	_	_	_	
2-17	122-124	in	_	_	_	
2-18	125-131	Teramo	LOC	_	_	
2-19	132-133	,	_	_	_	
2-20	134-139	prov.	_	_	_	
2-21	140-142	TE	LOC	_	_	
2-22	143-144	,	_	_	_	
2-23	145-148	via	LOC[3]	_	_	
2-24	149-154	Guido	LOC[3]	_	_	
2-25	155-157	II	LOC[3]	_	_	
2-26	158-162	n. 8	LOC[3]	_	_	
2-27	163-165	in	_	_	_	
2-28	166-173	qualità	_	_	_	
2-29	174-175	:	_	_	_	
2-30	176-178	di	_	_	_	
2-31	179-187	genitore	ROLE	_	_	
2-32	188-190	di	_	_	_	
2-33	191-197	tutore	_	_	_	
2-34	198-201	del	_	_	_	
2-35	202-208	minore	_	_	_	
2-36	209-210	:	_	_	_	
2-37	211-218	Licinio	PER[4]	birthLoc|birthDate|birthLoc	2-44[0_4]|2-47[0_4]|2-41[0_4]	
2-38	219-224	Renna	PER[4]	_	_	
2-39	225-229	nato	_	_	_	
2-40	230-231	a	_	_	_	
2-41	232-238	Teramo	LOC	_	_	
2-42	239-240	,	_	_	_	
2-43	241-246	prov.	_	_	_	
2-44	247-249	TE	LOC	_	_	
2-45	250-251	,	_	_	_	
2-46	252-254	il	_	_	_	
2-47	255-264	11/4/2013	DATE	_	_	
2-48	265-270	nell’	_	_	_	
2-49	271-284	impossibilità	_	_	_	
2-50	285-287	di	_	_	_	
2-51	288-295	recarmi	_	_	_	
2-52	296-309	personalmente	_	_	_	
2-53	310-316	presso	_	_	_	
2-54	317-319	l’	_	_	_	
2-55	320-327	ufficio	_	_	_	
2-56	328-338	competente	_	_	_	
2-57	339-342	per	_	_	_	
2-58	343-345	il	_	_	_	
2-59	346-354	rilascio	_	_	_	
2-60	355-358	del	_	_	_	
2-61	359-368	documento	_	_	_	
2-62	369-370	e	_	_	_	
2-63	371-382	consapevole	_	_	_	
2-64	383-388	delle	_	_	_	
2-65	389-397	sanzioni	_	_	_	
2-66	398-404	penali	_	_	_	
2-67	405-415	richiamate	_	_	_	
2-68	416-421	dall'	_	_	_	
2-69	422-426	art.	LEX[5]	_	_	
2-70	427-429	76	LEX[5]	_	_	
2-71	430-433	del	LEX[5]	_	_	
2-72	434-440	D.P.R.	LEX[5]	_	_	
2-73	441-449	28.45.20	LEX[5]	_	_	
2-74	450-451	,	LEX[5]	_	_	
2-75	452-458	n. 445	LEX[5]	_	_	
2-76	459-460	,	_	_	_	
2-77	461-463	in	_	_	_	
2-78	464-468	caso	_	_	_	
2-79	469-471	di	_	_	_	
2-80	472-485	dichiarazioni	_	_	_	
2-81	486-493	mendaci	_	_	_	
2-82	494-495	e	_	_	_	
2-83	496-498	di	_	_	_	
2-84	499-509	formazione	_	_	_	
2-85	510-511	o	_	_	_	
2-86	512-515	uso	_	_	_	
2-87	516-518	di	_	_	_	
2-88	519-523	atti	_	_	_	
2-89	524-529	falsi	_	_	_	
2-90	530-533	nel	_	_	_	
2-91	534-544	richiedere	_	_	_	
2-92	545-547	il	_	_	_	
2-93	548-556	rilascio	_	_	_	
2-94	557-562	della	_	_	_	
2-95	563-568	Carta	DOCTYPE[6]	_	_	
2-96	569-571	di	DOCTYPE[6]	_	_	
2-97	572-580	Identità	DOCTYPE[6]	_	_	
2-98	581-582	/	_	_	_	
2-99	583-588	Carta	_	_	_	
2-100	589-591	d’	_	_	_	
2-101	592-600	Identità	_	_	_	
2-102	601-612	Elettronica	_	_	_	
2-103	613-616	per	_	_	_	
2-104	617-619	il	_	_	_	
2-105	620-630	suindicato	_	_	_	
2-106	631-637	minore	_	_	_	
2-107	638-639	:	_	_	_	
2-108	640-648	DICHIARA	_	_	_	
2-109	649-651	di	_	_	_	
2-110	652-656	dare	_	_	_	
2-111	657-659	il	_	_	_	
2-112	660-667	proprio	_	_	_	
2-113	668-675	assenso	_	_	_	
2-114	676-684	affinché	_	_	_	
2-115	685-688	sia	_	_	_	
2-116	689-699	rilasciato	_	_	_	
2-117	700-702	il	_	_	_	
2-118	703-712	documento	_	_	_	
2-119	713-719	valido	_	_	_	
2-120	720-723	per	_	_	_	
2-121	724-726	l'	_	_	_	
2-122	727-735	espatrio	_	_	_	
2-123	736-737	;	_	_	_	
2-124	738-744	CHIEDE	_	_	_	
2-125	745-748	che	_	_	_	
2-126	749-756	compaia	_	_	_	
2-127	757-759	il	_	_	_	
2-128	760-767	proprio	_	_	_	
2-129	768-772	nome	_	_	_	
2-130	773-778	sulla	_	_	_	
2-131	779-784	carta	_	_	_	
2-132	785-787	di	_	_	_	
2-133	788-796	identità	_	_	_	
2-134	797-800	del	_	_	_	
2-135	801-802	/	_	_	_	
2-136	803-804	i	_	_	_	
2-137	805-811	figlio	ROLE	personalRole	2-37[4_0]	
2-138	812-813	/	_	_	_	
2-139	814-815	a	_	_	_	
2-140	816-817	/	_	_	_	
2-141	818-819	i	_	_	_	
2-142	820-826	minore	_	_	_	
2-143	827-828	/	_	_	_	
2-144	829-830	i	_	_	_	
2-145	831-838	laddove	_	_	_	
2-146	839-842	ciò	_	_	_	
2-147	843-846	sia	_	_	_	
2-148	847-855	previsto	_	_	_	
2-149	856-857	.	_	_	_	
2-150	858-866	Dichiara	_	_	_	
2-151	867-869	di	_	_	_	
2-152	870-876	essere	_	_	_	
2-153	877-886	informato	_	_	_	
2-154	887-888	/	_	_	_	
2-155	889-890	a	_	_	_	
2-156	891-892	,	_	_	_	
2-157	893-900	tramite	_	_	_	
2-158	901-909	apposita	_	_	_	
2-159	910-921	informativa	_	_	_	
2-160	922-926	resa	_	_	_	
2-161	927-938	disponibile	_	_	_	
2-162	939-944	dall’	_	_	_	
2-163	945-949	ente	_	_	_	
2-164	950-951	a	_	_	_	
2-165	952-955	cui	_	_	_	
2-166	956-957	è	_	_	_	
2-167	958-969	indirizzato	_	_	_	
2-168	970-972	il	_	_	_	
2-169	973-981	presente	_	_	_	
2-170	982-991	documento	_	_	_	
2-171	992-993	,	_	_	_	
2-172	994-996	ai	_	_	_	
2-173	997-1002	sensi	_	_	_	
2-174	1003-1004	e	_	_	_	
2-175	1005-1008	per	_	_	_	
2-176	1009-1012	gli	_	_	_	
2-177	1013-1020	effetti	_	_	_	
2-178	1021-1026	degli	_	_	_	
2-179	1027-1035	articoli	LEX[7]	_	_	
2-180	1036-1038	13	LEX[7]	_	_	
2-181	1039-1040	e	LEX[7]	_	_	
2-182	1041-1045	seg.	LEX[7]	_	_	
2-183	1046-1049	del	LEX[7]	_	_	
2-184	1050-1061	Regolamento	LEX[7]	_	_	
2-185	1062-1070	Generale	LEX[7]	_	_	
2-186	1071-1076	sulla	LEX[7]	_	_	
2-187	1077-1087	Protezione	LEX[7]	_	_	
2-188	1088-1091	dei	LEX[7]	_	_	
2-189	1092-1096	Dati	LEX[7]	_	_	
2-190	1097-1098	(	LEX[7]	_	_	
2-191	1099-1106	RGPD-UE	LEX[7]	_	_	
2-192	1107-1115	2016/679	LEX[7]	_	_	
2-193	1116-1117	)	_	_	_	
2-194	1118-1119	,	_	_	_	
2-195	1120-1123	che	_	_	_	
2-196	1124-1125	i	_	_	_	
2-197	1126-1130	dati	_	_	_	
2-198	1131-1140	personali	_	_	_	
2-199	1141-1149	raccolti	_	_	_	
2-200	1150-1157	saranno	_	_	_	
2-201	1158-1166	trattati	_	_	_	
2-202	1167-1168	,	_	_	_	
2-203	1169-1174	anche	_	_	_	
2-204	1175-1178	con	_	_	_	
2-205	1179-1188	strumenti	_	_	_	
2-206	1189-1200	informatici	_	_	_	
2-207	1201-1202	,	_	_	_	
2-208	1203-1217	esclusivamente	_	_	_	
2-209	1218-1223	nell’	_	_	_	
2-210	1224-1230	ambito	_	_	_	
2-211	1231-1234	del	_	_	_	
2-212	1235-1247	procedimento	_	_	_	
2-213	1248-1251	per	_	_	_	
2-214	1252-1254	il	_	_	_	
2-215	1255-1260	quale	_	_	_	
2-216	1261-1263	la	_	_	_	
2-217	1264-1272	presente	_	_	_	
2-218	1273-1280	istanza	_	_	_	
2-219	1281-1282	/	_	_	_	
2-220	1283-1296	dichiarazione	_	_	_	
2-221	1297-1302	viene	_	_	_	
2-222	1303-1307	resa	_	_	_	
2-223	1308-1309	.	_	_	_	

#Text=Firma
3-1	1310-1315	Firma	_	_	_	
