#FORMAT=WebAnno TSV 3.3
#T_SP=custom.Span|label
#T_RL=custom.Relation|label|BT_custom.Span


#Text=Comune di Piacenza Provincia di Piacenza
1-1	0-6	Comune	ENTE[1]	_	_	
1-2	7-9	di	ENTE[1]	_	_	
1-3	10-18	Piacenza	ENTE[1]	_	_	
1-4	19-28	Provincia	ENTE[2]	_	_	
1-5	29-31	di	ENTE[2]	_	_	
1-6	32-40	Piacenza	ENTE[2]	_	_	

#Text=Segnalazione certificata di Inizio attività di vendita in via temporanea per la partecipazione di OPERATORI / TRICI PROFESSIONALI a manifestazioni cittadine e / o mercati periodici e tematici
2-1	41-53	Segnalazione	_	_	_	
2-2	54-65	certificata	_	_	_	
2-3	66-68	di	_	_	_	
2-4	69-75	Inizio	_	_	_	
2-5	76-84	attività	_	_	_	
2-6	85-87	di	_	_	_	
2-7	88-95	vendita	_	_	_	
2-8	96-98	in	_	_	_	
2-9	99-102	via	_	_	_	
2-10	103-113	temporanea	_	_	_	
2-11	114-117	per	_	_	_	
2-12	118-120	la	_	_	_	
2-13	121-135	partecipazione	_	_	_	
2-14	136-138	di	_	_	_	
2-15	139-148	OPERATORI	_	_	_	
2-16	149-150	/	_	_	_	
2-17	151-156	TRICI	_	_	_	
2-18	157-170	PROFESSIONALI	_	_	_	
2-19	171-172	a	_	_	_	
2-20	173-187	manifestazioni	_	_	_	
2-21	188-197	cittadine	_	_	_	
2-22	198-199	e	_	_	_	
2-23	200-201	/	_	_	_	
2-24	202-203	o	_	_	_	
2-25	204-211	mercati	_	_	_	
2-26	212-221	periodici	_	_	_	
2-27	222-223	e	_	_	_	
2-28	224-232	tematici	_	_	_	

#Text=La sottoscritta Ilaria Veleno codice fiscale : VLNLRI89M64G535I documento d’ identità in corso di validità n. AY9916738 rilasciato da Comune di Piacenza il 4/23/17 nata a Piacenza Prov. PC il : 8/24/89 cittadinanza italiana residente a Piacenza Prov. PC in via / corso / piazza via Arnolfo di Cambio n. 99 CAP 29123 Tel. / cell. 0523 777668 fax 0523 777668 e-mail ilaveleno@libero.it indirizzo P.E.C. ilaria.veleno@pec.it in qualità di ( barrare la casella di interesse ) : L.R. della Società Veleno Ceramiche a.r.l. P. IVA 898898334 consapevole delle sanzioni penali previste , nel caso di dichiarazioni non veritiere e di falsità in atti , dall’ art. 76 del D.P.R. n. 445/2000 e dall’ art. 483 del Codice Penale , al fine di partecipare all’ evento denominato : " Piacenza in Fiera " che si terrà a Piacenza presso piazza Donati 112 il / i giorno / i 7/24/19 - 7/30/19 per l’ attività di vendita temporanea dei seguenti prodotti :
3-1	233-235	La	_	_	_	
3-2	236-248	sottoscritta	_	_	_	
3-3	249-255	Ilaria	PER[3]	addressR|docType|addressR|email|addressR|email|birthLoc|tel|cf|personalRole|addressR|birthDate|birthLoc|tel	3-52[0_3]|3-9[4_3]|3-46[6_3]|3-60[0_3]|3-39[0_3]|3-63[0_3]|3-27[0_3]|3-58[0_3]|3-8[0_3]|3-75[0_3]|3-37[0_3]|3-32[0_3]|3-29[0_3]|3-56[0_3]	
3-4	256-262	Veleno	PER[3]	_	_	
3-5	263-269	codice	_	_	_	
3-6	270-277	fiscale	_	_	_	
3-7	278-279	:	_	_	_	
3-8	280-296	VLNLRI89M64G535I	CF	_	_	
3-9	297-306	documento	DOCTYPE[4]	docIssueLoc|docIssueDate|docID	3-20[5_4]|3-24[0_4]|3-17[0_4]	
3-10	307-309	d’	DOCTYPE[4]	_	_	
3-11	310-318	identità	DOCTYPE[4]	_	_	
3-12	319-321	in	_	_	_	
3-13	322-327	corso	_	_	_	
3-14	328-330	di	_	_	_	
3-15	331-339	validità	_	_	_	
3-16	340-342	n.	_	_	_	
3-17	343-352	AY9916738	NUMBER	_	_	
3-18	353-363	rilasciato	_	_	_	
3-19	364-366	da	_	_	_	
3-20	367-373	Comune	ENTE[5]	_	_	
3-21	374-376	di	ENTE[5]	_	_	
3-22	377-385	Piacenza	ENTE[5]	_	_	
3-23	386-388	il	_	_	_	
3-24	389-396	4/23/17	DATE	_	_	
3-25	397-401	nata	_	_	_	
3-26	402-403	a	_	_	_	
3-27	404-412	Piacenza	LOC	_	_	
3-28	413-418	Prov.	_	_	_	
3-29	419-421	PC	LOC	_	_	
3-30	422-424	il	_	_	_	
3-31	425-426	:	_	_	_	
3-32	427-434	8/24/89	DATE	_	_	
3-33	435-447	cittadinanza	_	_	_	
3-34	448-456	italiana	_	_	_	
3-35	457-466	residente	_	_	_	
3-36	467-468	a	_	_	_	
3-37	469-477	Piacenza	LOC	_	_	
3-38	478-483	Prov.	_	_	_	
3-39	484-486	PC	LOC	_	_	
3-40	487-489	in	_	_	_	
3-41	490-493	via	_	_	_	
3-42	494-495	/	_	_	_	
3-43	496-501	corso	_	_	_	
3-44	502-503	/	_	_	_	
3-45	504-510	piazza	_	_	_	
3-46	511-514	via	LOC[6]	_	_	
3-47	515-522	Arnolfo	LOC[6]	_	_	
3-48	523-525	di	LOC[6]	_	_	
3-49	526-532	Cambio	LOC[6]	_	_	
3-50	533-538	n. 99	LOC[6]	_	_	
3-51	539-542	CAP	_	_	_	
3-52	543-548	29123	LOC	_	_	
3-53	549-553	Tel.	_	_	_	
3-54	554-555	/	_	_	_	
3-55	556-561	cell.	_	_	_	
3-56	562-573	0523 777668	NUMBER	_	_	
3-57	574-577	fax	_	_	_	
3-58	578-589	0523 777668	NUMBER	_	_	
3-59	590-596	e-mail	_	_	_	
3-60	597-616	ilaveleno@libero.it	EMAIL	_	_	
3-61	617-626	indirizzo	_	_	_	
3-62	627-633	P.E.C.	_	_	_	
3-63	634-654	ilaria.veleno@pec.it	EMAIL	_	_	
3-64	655-657	in	_	_	_	
3-65	658-665	qualità	_	_	_	
3-66	666-668	di	_	_	_	
3-67	669-670	(	_	_	_	
3-68	671-678	barrare	_	_	_	
3-69	679-681	la	_	_	_	
3-70	682-689	casella	_	_	_	
3-71	690-692	di	_	_	_	
3-72	693-702	interesse	_	_	_	
3-73	703-704	)	_	_	_	
3-74	705-706	:	_	_	_	
3-75	707-711	L.R.	ROLE	_	_	
3-76	712-717	della	_	_	_	
3-77	718-725	Società	ORG[7]	op|companyRole|vat	3-3[3_7]|3-75[0_7]|3-82[0_7]	
3-78	726-732	Veleno	ORG[7]	_	_	
3-79	733-742	Ceramiche	ORG[7]	_	_	
3-80	743-749	a.r.l.	ORG[7]	_	_	
3-81	750-756	P. IVA	_	_	_	
3-82	757-766	898898334	NUMBER	_	_	
3-83	767-778	consapevole	_	_	_	
3-84	779-784	delle	_	_	_	
3-85	785-793	sanzioni	_	_	_	
3-86	794-800	penali	_	_	_	
3-87	801-809	previste	_	_	_	
3-88	810-811	,	_	_	_	
3-89	812-815	nel	_	_	_	
3-90	816-820	caso	_	_	_	
3-91	821-823	di	_	_	_	
3-92	824-837	dichiarazioni	_	_	_	
3-93	838-841	non	_	_	_	
3-94	842-851	veritiere	_	_	_	
3-95	852-853	e	_	_	_	
3-96	854-856	di	_	_	_	
3-97	857-864	falsità	_	_	_	
3-98	865-867	in	_	_	_	
3-99	868-872	atti	_	_	_	
3-100	873-874	,	_	_	_	
3-101	875-880	dall’	_	_	_	
3-102	881-885	art.	LEX[8]	_	_	
3-103	886-888	76	LEX[8]	_	_	
3-104	889-892	del	LEX[8]	_	_	
3-105	893-899	D.P.R.	LEX[8]	_	_	
3-106	900-902	n.	LEX[8]	_	_	
3-107	903-911	445/2000	LEX[8]	_	_	
3-108	912-913	e	_	_	_	
3-109	914-919	dall’	_	_	_	
3-110	920-924	art.	LEX[9]	_	_	
3-111	925-928	483	LEX[9]	_	_	
3-112	929-932	del	LEX[9]	_	_	
3-113	933-939	Codice	LEX[9]	_	_	
3-114	940-946	Penale	LEX[9]	_	_	
3-115	947-948	,	_	_	_	
3-116	949-951	al	_	_	_	
3-117	952-956	fine	_	_	_	
3-118	957-959	di	_	_	_	
3-119	960-971	partecipare	_	_	_	
3-120	972-976	all’	_	_	_	
3-121	977-983	evento	_	_	_	
3-122	984-994	denominato	_	_	_	
3-123	995-996	:	_	_	_	
3-124	997-998	"	_	_	_	
3-125	999-1007	Piacenza	_	_	_	
3-126	1008-1010	in	_	_	_	
3-127	1011-1016	Fiera	_	_	_	
3-128	1017-1018	"	_	_	_	
3-129	1019-1022	che	_	_	_	
3-130	1023-1025	si	_	_	_	
3-131	1026-1031	terrà	_	_	_	
3-132	1032-1033	a	_	_	_	
3-133	1034-1042	Piacenza	LOC	_	_	
3-134	1043-1049	presso	_	_	_	
3-135	1050-1056	piazza	LOC[10]	_	_	
3-136	1057-1063	Donati	LOC[10]	_	_	
3-137	1064-1067	112	LOC[10]	_	_	
3-138	1068-1070	il	_	_	_	
3-139	1071-1072	/	_	_	_	
3-140	1073-1074	i	_	_	_	
3-141	1075-1081	giorno	_	_	_	
3-142	1082-1083	/	_	_	_	
3-143	1084-1085	i	_	_	_	
3-144	1086-1093	7/24/19	_	_	_	
3-145	1094-1095	-	_	_	_	
3-146	1096-1103	7/30/19	_	_	_	
3-147	1104-1107	per	_	_	_	
3-148	1108-1110	l’	_	_	_	
3-149	1111-1119	attività	_	_	_	
3-150	1120-1122	di	_	_	_	
3-151	1123-1130	vendita	_	_	_	
3-152	1131-1141	temporanea	_	_	_	
3-153	1142-1145	dei	_	_	_	
3-154	1146-1154	seguenti	_	_	_	
3-155	1155-1163	prodotti	_	_	_	
3-156	1164-1165	:	_	_	_	

#Text=ceramiche ( piatti , vasi , bicchieri , tazze ) DICHIARA
4-1	1166-1175	ceramiche	_	_	_	
4-2	1176-1177	(	_	_	_	
4-3	1178-1184	piatti	_	_	_	
4-4	1185-1186	,	_	_	_	
4-5	1187-1191	vasi	_	_	_	
4-6	1192-1193	,	_	_	_	
4-7	1194-1203	bicchieri	_	_	_	
4-8	1204-1205	,	_	_	_	
4-9	1206-1211	tazze	_	_	_	
4-10	1212-1213	)	_	_	_	
4-11	1214-1222	DICHIARA	_	_	_	
