#FORMAT=WebAnno TSV 3.3
#T_SP=custom.Span|label
#T_RL=custom.Relation|label|BT_custom.Span


#Text=All’ Ufficio Anagrafe del Comune di Treppio
1-1	0-4	All’	_	_	_	
1-2	5-12	Ufficio	_	_	_	
1-3	13-21	Anagrafe	_	_	_	
1-4	22-25	del	_	_	_	
1-5	26-32	Comune	ENTE[1]	_	_	
1-6	33-35	di	ENTE[1]	_	_	
1-7	36-43	Treppio	ENTE[1]	_	_	

#Text=DICHIARAZIONE DI CAMBIAMENTO DI ABITAZIONE NELL’ AMBITO DELLO STESSO COMUNE di Treppio
2-1	44-57	DICHIARAZIONE	_	_	_	
2-2	58-60	DI	_	_	_	
2-3	61-72	CAMBIAMENTO	_	_	_	
2-4	73-75	DI	_	_	_	
2-5	76-86	ABITAZIONE	_	_	_	
2-6	87-92	NELL’	_	_	_	
2-7	93-99	AMBITO	_	_	_	
2-8	100-105	DELLO	_	_	_	
2-9	106-112	STESSO	_	_	_	
2-10	113-119	COMUNE	ENTE[2]	_	_	
2-11	120-122	di	ENTE[2]	_	_	
2-12	123-130	Treppio	ENTE[2]	_	_	

#Text=IL SOTTOSCRITTO 1 ) Cognome * Gianini Nome * Marco Data di nascita * 08/11/1983 Luogo di nascita * Siena Sesso * Maschio | Femmina - Stato Civile * * celibe Cittadinanza * italiana - Codice Fiscale * GNNMRC83S08I726J Patente tipo * A Numero * U1R108308P Data di rilascio * 23/04/2014 Organo di rilascio * MIT-UCO Prov. * SI Targhe veicoli immatricolati in Italia in qualità di proprietario / comproprietario / usufruttuario / locatario * * * Autoveicoli * * * Rimorchi * * * Motoveicoli * * * Ciclomotori * * * Consapevole delle responsabilità penali per le dichiarazioni mendaci ai sensi degli articoli 75 e 76 del decreto del presidente della Repubblica 28 dicembre 2000 , n. 445 , che prevedono la decadenza dai benefici e l’ obbligo di denuncia all’ autorità competente , DICHIARA Di aver trasferito la dimora abituale nel Comune di Pistoia al seguente indirizzo : Via / Piazza * Via Giovanni dalle bande nere - Numero civico * 76 Scala - Piano - Interno Che nell’ abitazione sita al nuovo indirizzo si sono trasferiti anche i familiari di seguito specificati :
3-1	131-133	IL	_	_	_	
3-2	134-146	SOTTOSCRITTO	_	_	_	
3-3	147-148	1	_	_	_	
3-4	149-150	)	_	_	_	
3-5	151-158	Cognome	_	_	_	
3-6	159-160	*	_	_	_	
3-7	161-168	Gianini	PER	name|birthLoc|cf|addressR|birthDate|addressR|addressR|relative|personalRole|personalRole|personalRole|personalRole|docType	3-10|3-20|3-39|3-155[5_0]|3-15|3-144[4_0]|3-164|4-46|3-68|3-70|3-72|3-74|3-40	
3-8	169-173	Nome	_	_	_	
3-9	174-175	*	_	_	_	
3-10	176-181	Marco	PER	_	_	
3-11	182-186	Data	_	_	_	
3-12	187-189	di	_	_	_	
3-13	190-197	nascita	_	_	_	
3-14	198-199	*	_	_	_	
3-15	200-210	08/11/1983	DATE	_	_	
3-16	211-216	Luogo	_	_	_	
3-17	217-219	di	_	_	_	
3-18	220-227	nascita	_	_	_	
3-19	228-229	*	_	_	_	
3-20	230-235	Siena	LOC	_	_	
3-21	236-241	Sesso	_	_	_	
3-22	242-243	*	_	_	_	
3-23	244-251	Maschio	_	_	_	
3-24	252-253	|	_	_	_	
3-25	254-261	Femmina	_	_	_	
3-26	262-263	-	_	_	_	
3-27	264-269	Stato	_	_	_	
3-28	270-276	Civile	_	_	_	
3-29	277-278	*	_	_	_	
3-30	279-280	*	_	_	_	
3-31	281-287	celibe	_	_	_	
3-32	288-300	Cittadinanza	_	_	_	
3-33	301-302	*	_	_	_	
3-34	303-311	italiana	_	_	_	
3-35	312-313	-	_	_	_	
3-36	314-320	Codice	_	_	_	
3-37	321-328	Fiscale	_	_	_	
3-38	329-330	*	_	_	_	
3-39	331-347	GNNMRC83S08I726J	CF	_	_	
3-40	348-355	Patente	DOCTYPE	docIssueLoc|docID|docIssueDate	3-56|3-46|3-51	
3-41	356-360	tipo	_	_	_	
3-42	361-362	*	_	_	_	
3-43	363-364	A	_	_	_	
3-44	365-371	Numero	_	_	_	
3-45	372-373	*	_	_	_	
3-46	374-384	U1R108308P	NUMBER	_	_	
3-47	385-389	Data	_	_	_	
3-48	390-392	di	_	_	_	
3-49	393-401	rilascio	_	_	_	
3-50	402-403	*	_	_	_	
3-51	404-414	23/04/2014	DATE	_	_	
3-52	415-421	Organo	_	_	_	
3-53	422-424	di	_	_	_	
3-54	425-433	rilascio	_	_	_	
3-55	434-435	*	_	_	_	
3-56	436-443	MIT-UCO	ENTE	_	_	
3-57	444-449	Prov.	_	_	_	
3-58	450-451	*	_	_	_	
3-59	452-454	SI	LOC	_	_	
3-60	455-461	Targhe	_	_	_	
3-61	462-469	veicoli	_	_	_	
3-62	470-483	immatricolati	_	_	_	
3-63	484-486	in	_	_	_	
3-64	487-493	Italia	LOC	_	_	
3-65	494-496	in	_	_	_	
3-66	497-504	qualità	_	_	_	
3-67	505-507	di	_	_	_	
3-68	508-520	proprietario	ROLE	_	_	
3-69	521-522	/	_	_	_	
3-70	523-538	comproprietario	ROLE	_	_	
3-71	539-540	/	_	_	_	
3-72	541-554	usufruttuario	ROLE	_	_	
3-73	555-556	/	_	_	_	
3-74	557-566	locatario	ROLE	_	_	
3-75	567-568	*	_	_	_	
3-76	569-570	*	_	_	_	
3-77	571-572	*	_	_	_	
3-78	573-584	Autoveicoli	_	_	_	
3-79	585-586	*	_	_	_	
3-80	587-588	*	_	_	_	
3-81	589-590	*	_	_	_	
3-82	591-599	Rimorchi	_	_	_	
3-83	600-601	*	_	_	_	
3-84	602-603	*	_	_	_	
3-85	604-605	*	_	_	_	
3-86	606-617	Motoveicoli	_	_	_	
3-87	618-619	*	_	_	_	
3-88	620-621	*	_	_	_	
3-89	622-623	*	_	_	_	
3-90	624-635	Ciclomotori	_	_	_	
3-91	636-637	*	_	_	_	
3-92	638-639	*	_	_	_	
3-93	640-641	*	_	_	_	
3-94	642-653	Consapevole	_	_	_	
3-95	654-659	delle	_	_	_	
3-96	660-674	responsabilità	_	_	_	
3-97	675-681	penali	_	_	_	
3-98	682-685	per	_	_	_	
3-99	686-688	le	_	_	_	
3-100	689-702	dichiarazioni	_	_	_	
3-101	703-710	mendaci	_	_	_	
3-102	711-713	ai	_	_	_	
3-103	714-719	sensi	_	_	_	
3-104	720-725	degli	_	_	_	
3-105	726-734	articoli	LEX[3]	_	_	
3-106	735-737	75	LEX[3]	_	_	
3-107	738-739	e	LEX[3]	_	_	
3-108	740-742	76	LEX[3]	_	_	
3-109	743-746	del	LEX[3]	_	_	
3-110	747-754	decreto	LEX[3]	_	_	
3-111	755-758	del	LEX[3]	_	_	
3-112	759-769	presidente	LEX[3]	_	_	
3-113	770-775	della	LEX[3]	_	_	
3-114	776-786	Repubblica	LEX[3]	_	_	
3-115	787-789	28	LEX[3]	_	_	
3-116	790-798	dicembre	LEX[3]	_	_	
3-117	799-803	2000	LEX[3]	_	_	
3-118	804-805	,	LEX[3]	_	_	
3-119	806-812	n. 445	LEX[3]	_	_	
3-120	813-814	,	_	_	_	
3-121	815-818	che	_	_	_	
3-122	819-828	prevedono	_	_	_	
3-123	829-831	la	_	_	_	
3-124	832-841	decadenza	_	_	_	
3-125	842-845	dai	_	_	_	
3-126	846-854	benefici	_	_	_	
3-127	855-856	e	_	_	_	
3-128	857-859	l’	_	_	_	
3-129	860-867	obbligo	_	_	_	
3-130	868-870	di	_	_	_	
3-131	871-879	denuncia	_	_	_	
3-132	880-884	all’	_	_	_	
3-133	885-893	autorità	_	_	_	
3-134	894-904	competente	_	_	_	
3-135	905-906	,	_	_	_	
3-136	907-915	DICHIARA	_	_	_	
3-137	916-918	Di	_	_	_	
3-138	919-923	aver	_	_	_	
3-139	924-934	trasferito	_	_	_	
3-140	935-937	la	_	_	_	
3-141	938-944	dimora	_	_	_	
3-142	945-953	abituale	_	_	_	
3-143	954-957	nel	_	_	_	
3-144	958-964	Comune	LOC[4]	_	_	
3-145	965-967	di	LOC[4]	_	_	
3-146	968-975	Pistoia	LOC[4]	_	_	
3-147	976-978	al	_	_	_	
3-148	979-987	seguente	_	_	_	
3-149	988-997	indirizzo	_	_	_	
3-150	998-999	:	_	_	_	
3-151	1000-1003	Via	_	_	_	
3-152	1004-1005	/	_	_	_	
3-153	1006-1012	Piazza	_	_	_	
3-154	1013-1014	*	_	_	_	
3-155	1015-1018	Via	LOC[5]	_	_	
3-156	1019-1027	Giovanni	LOC[5]	_	_	
3-157	1028-1033	dalle	LOC[5]	_	_	
3-158	1034-1039	bande	LOC[5]	_	_	
3-159	1040-1044	nere	LOC[5]	_	_	
3-160	1045-1046	-	_	_	_	
3-161	1047-1053	Numero	_	_	_	
3-162	1054-1060	civico	_	_	_	
3-163	1061-1062	*	_	_	_	
3-164	1063-1065	76	LOC	_	_	
3-165	1066-1071	Scala	_	_	_	
3-166	1072-1073	-	_	_	_	
3-167	1074-1079	Piano	_	_	_	
3-168	1080-1081	-	_	_	_	
3-169	1082-1089	Interno	_	_	_	
3-170	1090-1093	Che	_	_	_	
3-171	1094-1099	nell’	_	_	_	
3-172	1100-1110	abitazione	_	_	_	
3-173	1111-1115	sita	_	_	_	
3-174	1116-1118	al	_	_	_	
3-175	1119-1124	nuovo	_	_	_	
3-176	1125-1134	indirizzo	_	_	_	
3-177	1135-1137	si	_	_	_	
3-178	1138-1142	sono	_	_	_	
3-179	1143-1153	trasferiti	_	_	_	
3-180	1154-1159	anche	_	_	_	
3-181	1160-1161	i	_	_	_	
3-182	1162-1171	familiari	_	_	_	
3-183	1172-1174	di	_	_	_	
3-184	1175-1182	seguito	_	_	_	
3-185	1183-1194	specificati	_	_	_	
3-186	1195-1196	:	_	_	_	

#Text=2 ) Cognome * Gianini Nome * Elisa Data di nascita * 09/02/1979 Luogo di nascita * Siena Sesso * Maschio | Femmina - Stato Civile * * nubile Cittadinanza * italiana - Codice Fiscale * GNNLSE79B49I726M Rapporto di parentela con il richiedente : * sorella Si allegano i seguenti documenti : Di occupare legittimamente l’ abitazione in base al titolo di seguito descritto , consapevole che , ai sensi dell’ art. 5 del D.L. 28 marzo 2014 , n. 47 ( convertito nella legge 23 maggio 2014 , n. 80 ) , in caso di dichiarazione mendace l’ iscrizione anagrafica sarà nulla , per espressa previsione di legge , con decorrenza dalla data della dichiarazione stessa . 1 - Di essere proprietario dell’ abitazione contraddistinta dai seguenti estremi catastali : Sezione - Foglio - Particella o mappale - Subalterno 2 - Di essere intestatario del contratto di locazione regolarmente registrato presso l’ Agenzia delle Entrate di in data , al n. 3 - Di essere intestatario del contratto di locazione relativo a immobile di Edilizia Residenziale Pubblica ( ALER o Comune ) ( allegare copia del contratto o del verbale di consegna dell’ immobile ) 4 - Di essere comodatario con contratto di comodato d’ uso gratuito regolarmente registrato presso l’ Agenzia delle Entrate di in data , al n. 5 - Di essere usufruttuario in forza del seguente titolo costitutivo : ( indicare i dati utili a consentire verifica da parte dell’ Ufficio Anagrafe ) 6 - Di occupare legittimamente l’ abitazione in base al titolo di seguito descritto : ( indicare i dati utili a consentire verifica da parte dell’ Ufficio Anagrafe ) Tutte le comunicazioni inerenti la presente dichiarazione dovranno essere inviate ai seguenti recapiti : Comune : Treppio Provincia : Pistoia Via / Piazza : Via Giovanni dalle bande nere Numero civico : 76 Telefono : 0573 557665 Cellulare : 3497886753 e-mail : gianni.marco@gmail.com Luogo e data Treppio , 23/02/2019 Firma del richiedente Firma degli altri componenti maggiorenni della famiglia : Cognome e nome Gianni Elisa Firma
4-1	1197-1198	2	_	_	_	
4-2	1199-1200	)	_	_	_	
4-3	1201-1208	Cognome	_	_	_	
4-4	1209-1210	*	_	_	_	
4-5	1211-1218	Gianini	PER	birthDate|cf|name|birthLoc|personalRole	4-13|4-37|4-8|4-18|4-46	
4-6	1219-1223	Nome	_	_	_	
4-7	1224-1225	*	_	_	_	
4-8	1226-1231	Elisa	PER	_	_	
4-9	1232-1236	Data	_	_	_	
4-10	1237-1239	di	_	_	_	
4-11	1240-1247	nascita	_	_	_	
4-12	1248-1249	*	_	_	_	
4-13	1250-1260	09/02/1979	DATE	_	_	
4-14	1261-1266	Luogo	_	_	_	
4-15	1267-1269	di	_	_	_	
4-16	1270-1277	nascita	_	_	_	
4-17	1278-1279	*	_	_	_	
4-18	1280-1285	Siena	LOC	_	_	
4-19	1286-1291	Sesso	_	_	_	
4-20	1292-1293	*	_	_	_	
4-21	1294-1301	Maschio	_	_	_	
4-22	1302-1303	|	_	_	_	
4-23	1304-1311	Femmina	_	_	_	
4-24	1312-1313	-	_	_	_	
4-25	1314-1319	Stato	_	_	_	
4-26	1320-1326	Civile	_	_	_	
4-27	1327-1328	*	_	_	_	
4-28	1329-1330	*	_	_	_	
4-29	1331-1337	nubile	_	_	_	
4-30	1338-1350	Cittadinanza	_	_	_	
4-31	1351-1352	*	_	_	_	
4-32	1353-1361	italiana	_	_	_	
4-33	1362-1363	-	_	_	_	
4-34	1364-1370	Codice	_	_	_	
4-35	1371-1378	Fiscale	_	_	_	
4-36	1379-1380	*	_	_	_	
4-37	1381-1397	GNNLSE79B49I726M	CF	_	_	
4-38	1398-1406	Rapporto	_	_	_	
4-39	1407-1409	di	_	_	_	
4-40	1410-1419	parentela	_	_	_	
4-41	1420-1423	con	_	_	_	
4-42	1424-1426	il	_	_	_	
4-43	1427-1438	richiedente	_	_	_	
4-44	1439-1440	:	_	_	_	
4-45	1441-1442	*	_	_	_	
4-46	1443-1450	sorella	ROLE	_	_	
4-47	1451-1453	Si	_	_	_	
4-48	1454-1462	allegano	_	_	_	
4-49	1463-1464	i	_	_	_	
4-50	1465-1473	seguenti	_	_	_	
4-51	1474-1483	documenti	_	_	_	
4-52	1484-1485	:	_	_	_	
4-53	1486-1488	Di	_	_	_	
4-54	1489-1497	occupare	_	_	_	
4-55	1498-1512	legittimamente	_	_	_	
4-56	1513-1515	l’	_	_	_	
4-57	1516-1526	abitazione	_	_	_	
4-58	1527-1529	in	_	_	_	
4-59	1530-1534	base	_	_	_	
4-60	1535-1537	al	_	_	_	
4-61	1538-1544	titolo	_	_	_	
4-62	1545-1547	di	_	_	_	
4-63	1548-1555	seguito	_	_	_	
4-64	1556-1565	descritto	_	_	_	
4-65	1566-1567	,	_	_	_	
4-66	1568-1579	consapevole	_	_	_	
4-67	1580-1583	che	_	_	_	
4-68	1584-1585	,	_	_	_	
4-69	1586-1588	ai	_	_	_	
4-70	1589-1594	sensi	_	_	_	
4-71	1595-1600	dell’	_	_	_	
4-72	1601-1605	art.	LEX[6]	_	_	
4-73	1606-1607	5	LEX[6]	_	_	
4-74	1608-1611	del	LEX[6]	_	_	
4-75	1612-1616	D.L.	LEX[6]	_	_	
4-76	1617-1619	28	LEX[6]	_	_	
4-77	1620-1625	marzo	LEX[6]	_	_	
4-78	1626-1630	2014	LEX[6]	_	_	
4-79	1631-1632	,	LEX[6]	_	_	
4-80	1633-1638	n. 47	LEX[6]	_	_	
4-81	1639-1640	(	_	_	_	
4-82	1641-1651	convertito	_	_	_	
4-83	1652-1657	nella	_	_	_	
4-84	1658-1663	legge	LEX[7]	_	_	
4-85	1664-1666	23	LEX[7]	_	_	
4-86	1667-1673	maggio	LEX[7]	_	_	
4-87	1674-1678	2014	LEX[7]	_	_	
4-88	1679-1680	,	LEX[7]	_	_	
4-89	1681-1686	n. 80	LEX[7]	_	_	
4-90	1687-1688	)	_	_	_	
4-91	1689-1690	,	_	_	_	
4-92	1691-1693	in	_	_	_	
4-93	1694-1698	caso	_	_	_	
4-94	1699-1701	di	_	_	_	
4-95	1702-1715	dichiarazione	_	_	_	
4-96	1716-1723	mendace	_	_	_	
4-97	1724-1726	l’	_	_	_	
4-98	1727-1737	iscrizione	_	_	_	
4-99	1738-1748	anagrafica	_	_	_	
4-100	1749-1753	sarà	_	_	_	
4-101	1754-1759	nulla	_	_	_	
4-102	1760-1761	,	_	_	_	
4-103	1762-1765	per	_	_	_	
4-104	1766-1774	espressa	_	_	_	
4-105	1775-1785	previsione	_	_	_	
4-106	1786-1788	di	_	_	_	
4-107	1789-1794	legge	_	_	_	
4-108	1795-1796	,	_	_	_	
4-109	1797-1800	con	_	_	_	
4-110	1801-1811	decorrenza	_	_	_	
4-111	1812-1817	dalla	_	_	_	
4-112	1818-1822	data	_	_	_	
4-113	1823-1828	della	_	_	_	
4-114	1829-1842	dichiarazione	_	_	_	
4-115	1843-1849	stessa	_	_	_	
4-116	1850-1851	.	_	_	_	
4-117	1852-1853	1	_	_	_	
4-118	1854-1855	-	_	_	_	
4-119	1856-1858	Di	_	_	_	
4-120	1859-1865	essere	_	_	_	
4-121	1866-1878	proprietario	_	_	_	
4-122	1879-1884	dell’	_	_	_	
4-123	1885-1895	abitazione	_	_	_	
4-124	1896-1911	contraddistinta	_	_	_	
4-125	1912-1915	dai	_	_	_	
4-126	1916-1924	seguenti	_	_	_	
4-127	1925-1932	estremi	_	_	_	
4-128	1933-1942	catastali	_	_	_	
4-129	1943-1944	:	_	_	_	
4-130	1945-1952	Sezione	_	_	_	
4-131	1953-1954	-	_	_	_	
4-132	1955-1961	Foglio	_	_	_	
4-133	1962-1963	-	_	_	_	
4-134	1964-1974	Particella	_	_	_	
4-135	1975-1976	o	_	_	_	
4-136	1977-1984	mappale	_	_	_	
4-137	1985-1986	-	_	_	_	
4-138	1987-1997	Subalterno	_	_	_	
4-139	1998-1999	2	_	_	_	
4-140	2000-2001	-	_	_	_	
4-141	2002-2004	Di	_	_	_	
4-142	2005-2011	essere	_	_	_	
4-143	2012-2024	intestatario	_	_	_	
4-144	2025-2028	del	_	_	_	
4-145	2029-2038	contratto	_	_	_	
4-146	2039-2041	di	_	_	_	
4-147	2042-2051	locazione	_	_	_	
4-148	2052-2064	regolarmente	_	_	_	
4-149	2065-2075	registrato	_	_	_	
4-150	2076-2082	presso	_	_	_	
4-151	2083-2085	l’	_	_	_	
4-152	2086-2093	Agenzia	ENTE[8]	_	_	
4-153	2094-2099	delle	ENTE[8]	_	_	
4-154	2100-2107	Entrate	ENTE[8]	_	_	
4-155	2108-2110	di	_	_	_	
4-156	2111-2113	in	_	_	_	
4-157	2114-2118	data	_	_	_	
4-158	2119-2120	,	_	_	_	
4-159	2121-2123	al	_	_	_	
4-160	2124-2128	n. 3	_	_	_	
4-161	2129-2130	-	_	_	_	
4-162	2131-2133	Di	_	_	_	
4-163	2134-2140	essere	_	_	_	
4-164	2141-2153	intestatario	_	_	_	
4-165	2154-2157	del	_	_	_	
4-166	2158-2167	contratto	_	_	_	
4-167	2168-2170	di	_	_	_	
4-168	2171-2180	locazione	_	_	_	
4-169	2181-2189	relativo	_	_	_	
4-170	2190-2191	a	_	_	_	
4-171	2192-2200	immobile	_	_	_	
4-172	2201-2203	di	_	_	_	
4-173	2204-2212	Edilizia	_	_	_	
4-174	2213-2225	Residenziale	_	_	_	
4-175	2226-2234	Pubblica	_	_	_	
4-176	2235-2236	(	_	_	_	
4-177	2237-2241	ALER	_	_	_	
4-178	2242-2243	o	_	_	_	
4-179	2244-2250	Comune	_	_	_	
4-180	2251-2252	)	_	_	_	
4-181	2253-2254	(	_	_	_	
4-182	2255-2263	allegare	_	_	_	
4-183	2264-2269	copia	_	_	_	
4-184	2270-2273	del	_	_	_	
4-185	2274-2283	contratto	_	_	_	
4-186	2284-2285	o	_	_	_	
4-187	2286-2289	del	_	_	_	
4-188	2290-2297	verbale	_	_	_	
4-189	2298-2300	di	_	_	_	
4-190	2301-2309	consegna	_	_	_	
4-191	2310-2315	dell’	_	_	_	
4-192	2316-2324	immobile	_	_	_	
4-193	2325-2326	)	_	_	_	
4-194	2327-2328	4	_	_	_	
4-195	2329-2330	-	_	_	_	
4-196	2331-2333	Di	_	_	_	
4-197	2334-2340	essere	_	_	_	
4-198	2341-2352	comodatario	_	_	_	
4-199	2353-2356	con	_	_	_	
4-200	2357-2366	contratto	_	_	_	
4-201	2367-2369	di	_	_	_	
4-202	2370-2378	comodato	_	_	_	
4-203	2379-2381	d’	_	_	_	
4-204	2382-2385	uso	_	_	_	
4-205	2386-2394	gratuito	_	_	_	
4-206	2395-2407	regolarmente	_	_	_	
4-207	2408-2418	registrato	_	_	_	
4-208	2419-2425	presso	_	_	_	
4-209	2426-2428	l’	_	_	_	
4-210	2429-2436	Agenzia	ENTE[9]	_	_	
4-211	2437-2442	delle	ENTE[9]	_	_	
4-212	2443-2450	Entrate	ENTE[9]	_	_	
4-213	2451-2453	di	_	_	_	
4-214	2454-2456	in	_	_	_	
4-215	2457-2461	data	_	_	_	
4-216	2462-2463	,	_	_	_	
4-217	2464-2466	al	_	_	_	
4-218	2467-2471	n. 5	_	_	_	
4-219	2472-2473	-	_	_	_	
4-220	2474-2476	Di	_	_	_	
4-221	2477-2483	essere	_	_	_	
4-222	2484-2497	usufruttuario	_	_	_	
4-223	2498-2500	in	_	_	_	
4-224	2501-2506	forza	_	_	_	
4-225	2507-2510	del	_	_	_	
4-226	2511-2519	seguente	_	_	_	
4-227	2520-2526	titolo	_	_	_	
4-228	2527-2538	costitutivo	_	_	_	
4-229	2539-2540	:	_	_	_	
4-230	2541-2542	(	_	_	_	
4-231	2543-2551	indicare	_	_	_	
4-232	2552-2553	i	_	_	_	
4-233	2554-2558	dati	_	_	_	
4-234	2559-2564	utili	_	_	_	
4-235	2565-2566	a	_	_	_	
4-236	2567-2577	consentire	_	_	_	
4-237	2578-2586	verifica	_	_	_	
4-238	2587-2589	da	_	_	_	
4-239	2590-2595	parte	_	_	_	
4-240	2596-2601	dell’	_	_	_	
4-241	2602-2609	Ufficio	_	_	_	
4-242	2610-2618	Anagrafe	_	_	_	
4-243	2619-2620	)	_	_	_	
4-244	2621-2622	6	_	_	_	
4-245	2623-2624	-	_	_	_	
4-246	2625-2627	Di	_	_	_	
4-247	2628-2636	occupare	_	_	_	
4-248	2637-2651	legittimamente	_	_	_	
4-249	2652-2654	l’	_	_	_	
4-250	2655-2665	abitazione	_	_	_	
4-251	2666-2668	in	_	_	_	
4-252	2669-2673	base	_	_	_	
4-253	2674-2676	al	_	_	_	
4-254	2677-2683	titolo	_	_	_	
4-255	2684-2686	di	_	_	_	
4-256	2687-2694	seguito	_	_	_	
4-257	2695-2704	descritto	_	_	_	
4-258	2705-2706	:	_	_	_	
4-259	2707-2708	(	_	_	_	
4-260	2709-2717	indicare	_	_	_	
4-261	2718-2719	i	_	_	_	
4-262	2720-2724	dati	_	_	_	
4-263	2725-2730	utili	_	_	_	
4-264	2731-2732	a	_	_	_	
4-265	2733-2743	consentire	_	_	_	
4-266	2744-2752	verifica	_	_	_	
4-267	2753-2755	da	_	_	_	
4-268	2756-2761	parte	_	_	_	
4-269	2762-2767	dell’	_	_	_	
4-270	2768-2775	Ufficio	_	_	_	
4-271	2776-2784	Anagrafe	_	_	_	
4-272	2785-2786	)	_	_	_	
4-273	2787-2792	Tutte	_	_	_	
4-274	2793-2795	le	_	_	_	
4-275	2796-2809	comunicazioni	_	_	_	
4-276	2810-2818	inerenti	_	_	_	
4-277	2819-2821	la	_	_	_	
4-278	2822-2830	presente	_	_	_	
4-279	2831-2844	dichiarazione	_	_	_	
4-280	2845-2853	dovranno	_	_	_	
4-281	2854-2860	essere	_	_	_	
4-282	2861-2868	inviate	_	_	_	
4-283	2869-2871	ai	_	_	_	
4-284	2872-2880	seguenti	_	_	_	
4-285	2881-2889	recapiti	_	_	_	
4-286	2890-2891	:	_	_	_	
4-287	2892-2898	Comune	_	_	_	
4-288	2899-2900	:	_	_	_	
4-289	2901-2908	Treppio	LOC	_	_	
4-290	2909-2918	Provincia	_	_	_	
4-291	2919-2920	:	_	_	_	
4-292	2921-2928	Pistoia	LOC	_	_	
4-293	2929-2932	Via	_	_	_	
4-294	2933-2934	/	_	_	_	
4-295	2935-2941	Piazza	_	_	_	
4-296	2942-2943	:	_	_	_	
4-297	2944-2947	Via	LOC[10]	_	_	
4-298	2948-2956	Giovanni	LOC[10]	_	_	
4-299	2957-2962	dalle	LOC[10]	_	_	
4-300	2963-2968	bande	LOC[10]	_	_	
4-301	2969-2973	nere	LOC[10]	_	_	
4-302	2974-2980	Numero	_	_	_	
4-303	2981-2987	civico	_	_	_	
4-304	2988-2989	:	_	_	_	
4-305	2990-2992	76	LOC	_	_	
4-306	2993-3001	Telefono	_	_	_	
4-307	3002-3003	:	_	_	_	
4-308	3004-3015	0573 557665	_	_	_	
4-309	3016-3025	Cellulare	_	_	_	
4-310	3026-3027	:	_	_	_	
4-311	3028-3038	3497886753	_	_	_	
4-312	3039-3045	e-mail	_	_	_	
4-313	3046-3047	:	_	_	_	
4-314	3048-3070	gianni.marco@gmail.com	EMAIL	_	_	
4-315	3071-3076	Luogo	_	_	_	
4-316	3077-3078	e	_	_	_	
4-317	3079-3083	data	_	_	_	
4-318	3084-3091	Treppio	LOC	_	_	
4-319	3092-3093	,	_	_	_	
4-320	3094-3104	23/02/2019	_	_	_	
4-321	3105-3110	Firma	_	_	_	
4-322	3111-3114	del	_	_	_	
4-323	3115-3126	richiedente	_	_	_	
4-324	3127-3132	Firma	_	_	_	
4-325	3133-3138	degli	_	_	_	
4-326	3139-3144	altri	_	_	_	
4-327	3145-3155	componenti	_	_	_	
4-328	3156-3167	maggiorenni	_	_	_	
4-329	3168-3173	della	_	_	_	
4-330	3174-3182	famiglia	_	_	_	
4-331	3183-3184	:	_	_	_	
4-332	3185-3192	Cognome	_	_	_	
4-333	3193-3194	e	_	_	_	
4-334	3195-3199	nome	_	_	_	
4-335	3200-3206	Gianni	PER[11]	_	_	
4-336	3207-3212	Elisa	PER[11]	_	_	
4-337	3213-3218	Firma	_	_	_	
