#FORMAT=WebAnno TSV 3.3
#T_SP=custom.Span|label
#T_RL=custom.Relation|label|BT_custom.Span


#Text=DOMANDA DI PARTECIPAZIONE ALLA PROCEDURA Al Comune di Volterra Ufficio Affidamento servizio di tesoreria OGGETTO : Domanda di partecipazione alla procedura aperta ai sensi dell’ art. 60 del D. Lgs. 50/2016 per l’ affidamento in concessione del servizio di tesoreria con importo complessivo pari a € 23000 ( IVA esclusa ) .
1-1	0-7	DOMANDA	_	_	_	
1-2	8-10	DI	_	_	_	
1-3	11-25	PARTECIPAZIONE	_	_	_	
1-4	26-30	ALLA	_	_	_	
1-5	31-40	PROCEDURA	_	_	_	
1-6	41-43	Al	_	_	_	
1-7	44-50	Comune	ENTE[1]	_	_	
1-8	51-53	di	ENTE[1]	_	_	
1-9	54-62	Volterra	ENTE[1]	_	_	
1-10	63-70	Ufficio	_	_	_	
1-11	71-82	Affidamento	_	_	_	
1-12	83-91	servizio	_	_	_	
1-13	92-94	di	_	_	_	
1-14	95-104	tesoreria	_	_	_	
1-15	105-112	OGGETTO	_	_	_	
1-16	113-114	:	_	_	_	
1-17	115-122	Domanda	_	_	_	
1-18	123-125	di	_	_	_	
1-19	126-140	partecipazione	_	_	_	
1-20	141-145	alla	_	_	_	
1-21	146-155	procedura	_	_	_	
1-22	156-162	aperta	_	_	_	
1-23	163-165	ai	_	_	_	
1-24	166-171	sensi	_	_	_	
1-25	172-177	dell’	_	_	_	
1-26	178-182	art.	LEX[2]	_	_	
1-27	183-185	60	LEX[2]	_	_	
1-28	186-189	del	LEX[2]	_	_	
1-29	190-197	D. Lgs.	LEX[2]	_	_	
1-30	198-205	50/2016	LEX[2]	_	_	
1-31	206-209	per	_	_	_	
1-32	210-212	l’	_	_	_	
1-33	213-224	affidamento	_	_	_	
1-34	225-227	in	_	_	_	
1-35	228-239	concessione	_	_	_	
1-36	240-243	del	_	_	_	
1-37	244-252	servizio	_	_	_	
1-38	253-255	di	_	_	_	
1-39	256-265	tesoreria	_	_	_	
1-40	266-269	con	_	_	_	
1-41	270-277	importo	_	_	_	
1-42	278-289	complessivo	_	_	_	
1-43	290-294	pari	_	_	_	
1-44	295-296	a	_	_	_	
1-45	297-298	€	_	_	_	
1-46	299-304	23000	_	_	_	
1-47	305-306	(	_	_	_	
1-48	307-310	IVA	_	_	_	
1-49	311-318	esclusa	_	_	_	
1-50	319-320	)	_	_	_	
1-51	321-322	.	_	_	_	

#Text=Codice CIG : ABCDE12345
2-1	323-329	Codice	_	_	_	
2-2	330-333	CIG	_	_	_	
2-3	334-335	:	_	_	_	
2-4	336-346	ABCDE12345	NUMBER	_	_	

#Text=Il sottoscritto Gabriele Lipari nato il 1/9/87 a Roma residente nel Comune di Volterra ( PI ) Stato Italia in Via San Martino n. 11 in qualità di tesoriere dell’ Istituto di credito Cassa di Risparmio di Volterra avente sede legale in Piazza dei Priori 16 nel Comune di Volterra ( PI ) e-mail info@crvolterra.com – PEC : g.lipari@crvolterra.com telefono n. 0588 4123980 Codice Fiscale LPRGRL87A09H501Q Partita IVA n. [ requisito da indicare in caso di appalti pari o superiori a € 40.00.00 ] PASSOE assegnato da A.N.AC. :
3-1	347-349	Il	_	_	_	
3-2	350-362	sottoscritto	_	_	_	
3-3	363-371	Gabriele	PER[3]	cig|addressR|addressR|personalRole|addressR|tel|birthLoc|birthDate|cf|addressR|email	2-4[0_3]|3-16[0_3]|3-19[0_3]|3-28[0_3]|3-21[5_3]|3-61[0_3]|3-9[0_3]|3-7[0_3]|3-64[0_3]|3-12[4_3]|3-58[0_3]	
3-4	372-378	Lipari	PER[3]	_	_	
3-5	379-383	nato	_	_	_	
3-6	384-386	il	_	_	_	
3-7	387-393	1/9/87	DATE	_	_	
3-8	394-395	a	_	_	_	
3-9	396-400	Roma	LOC	_	_	
3-10	401-410	residente	_	_	_	
3-11	411-414	nel	_	_	_	
3-12	415-421	Comune	LOC[4]	_	_	
3-13	422-424	di	LOC[4]	_	_	
3-14	425-433	Volterra	LOC[4]	_	_	
3-15	434-435	(	_	_	_	
3-16	436-438	PI	LOC	_	_	
3-17	439-440	)	_	_	_	
3-18	441-446	Stato	_	_	_	
3-19	447-453	Italia	LOC	_	_	
3-20	454-456	in	_	_	_	
3-21	457-460	Via	LOC[5]	_	_	
3-22	461-464	San	LOC[5]	_	_	
3-23	465-472	Martino	LOC[5]	_	_	
3-24	473-478	n. 11	LOC[5]	_	_	
3-25	479-481	in	_	_	_	
3-26	482-489	qualità	_	_	_	
3-27	490-492	di	_	_	_	
3-28	493-502	tesoriere	ROLE	_	_	
3-29	503-508	dell’	_	_	_	
3-30	509-517	Istituto	_	_	_	
3-31	518-520	di	_	_	_	
3-32	521-528	credito	_	_	_	
3-33	529-534	Cassa	ORG[6]	addressR|op|addressR|email|companyRole|addressR	3-51[0_6]|3-3[3_6]|3-42[7_6]|3-54[0_6]|3-28[0_6]|3-47[8_6]	
3-34	535-537	di	ORG[6]	_	_	
3-35	538-547	Risparmio	ORG[6]	_	_	
3-36	548-550	di	ORG[6]	_	_	
3-37	551-559	Volterra	ORG[6]	_	_	
3-38	560-566	avente	_	_	_	
3-39	567-571	sede	_	_	_	
3-40	572-578	legale	_	_	_	
3-41	579-581	in	_	_	_	
3-42	582-588	Piazza	LOC[7]	_	_	
3-43	589-592	dei	LOC[7]	_	_	
3-44	593-599	Priori	LOC[7]	_	_	
3-45	600-602	16	LOC[7]	_	_	
3-46	603-606	nel	_	_	_	
3-47	607-613	Comune	LOC[8]	_	_	
3-48	614-616	di	LOC[8]	_	_	
3-49	617-625	Volterra	LOC[8]	_	_	
3-50	626-627	(	_	_	_	
3-51	628-630	PI	LOC	_	_	
3-52	631-632	)	_	_	_	
3-53	633-639	e-mail	_	_	_	
3-54	640-659	info@crvolterra.com	EMAIL	_	_	
3-55	660-661	–	_	_	_	
3-56	662-665	PEC	_	_	_	
3-57	666-667	:	_	_	_	
3-58	668-691	g.lipari@crvolterra.com	EMAIL	_	_	
3-59	692-700	telefono	_	_	_	
3-60	701-703	n.	_	_	_	
3-61	704-716	0588 4123980	NUMBER	_	_	
3-62	717-723	Codice	_	_	_	
3-63	724-731	Fiscale	_	_	_	
3-64	732-748	LPRGRL87A09H501Q	CF	_	_	
3-65	749-756	Partita	_	_	_	
3-66	757-760	IVA	_	_	_	
3-67	761-763	n.	_	_	_	
3-68	764-765	[	_	_	_	
3-69	766-775	requisito	_	_	_	
3-70	776-778	da	_	_	_	
3-71	779-787	indicare	_	_	_	
3-72	788-790	in	_	_	_	
3-73	791-795	caso	_	_	_	
3-74	796-798	di	_	_	_	
3-75	799-806	appalti	_	_	_	
3-76	807-811	pari	_	_	_	
3-77	812-813	o	_	_	_	
3-78	814-823	superiori	_	_	_	
3-79	824-825	a	_	_	_	
3-80	826-827	€	_	_	_	
3-81	828-836	40.00.00	_	_	_	
3-82	837-838	]	_	_	_	
3-83	839-845	PASSOE	_	_	_	
3-84	846-855	assegnato	_	_	_	
3-85	856-858	da	_	_	_	
3-86	859-866	A.N.AC.	ENTE	_	_	
3-87	867-868	:	_	_	_	

#Text=chiede di ammettere alla procedura l’ Istituto sopra indicato , in forma singola , in qualità di :  impresa individuale  società  consorzio  raggruppamento temporaneo di imprese costituito / da costituire : impresa capogruppo ( denominazione , sede , ragione sociale , la forma giuridica ) imprese mandanti :  gruppo europeo di interesse economico ( GEIE )  altro e , a tal fine , ai sensi del d.P.R. n. 445/2000 e consapevole del fatto che , in caso di dichiarazione mendace , verranno applicate nei propri riguardi , ai sensi dell' art. 76 del d.P.R. n. 445/2000 , le sanzioni previste dal codice penale e dalle leggi speciali in materia di falsità negli atti , oltre alle conseguenze amministrative previste dal vigente ordinamento per le procedure in materia di contratti pubblici relativi a lavori , servizi e forniture
4-1	869-875	chiede	_	_	_	
4-2	876-878	di	_	_	_	
4-3	879-888	ammettere	_	_	_	
4-4	889-893	alla	_	_	_	
4-5	894-903	procedura	_	_	_	
4-6	904-906	l’	_	_	_	
4-7	907-915	Istituto	_	_	_	
4-8	916-921	sopra	_	_	_	
4-9	922-930	indicato	_	_	_	
4-10	931-932	,	_	_	_	
4-11	933-935	in	_	_	_	
4-12	936-941	forma	_	_	_	
4-13	942-949	singola	_	_	_	
4-14	950-951	,	_	_	_	
4-15	952-954	in	_	_	_	
4-16	955-962	qualità	_	_	_	
4-17	963-965	di	_	_	_	
4-18	966-967	:	_	_	_	
4-19	968-969		_	_	_	
4-20	970-977	impresa	_	_	_	
4-21	978-989	individuale	_	_	_	
4-22	990-991		_	_	_	
4-23	992-999	società	_	_	_	
4-24	1000-1001		_	_	_	
4-25	1002-1011	consorzio	_	_	_	
4-26	1012-1013		_	_	_	
4-27	1014-1028	raggruppamento	_	_	_	
4-28	1029-1039	temporaneo	_	_	_	
4-29	1040-1042	di	_	_	_	
4-30	1043-1050	imprese	_	_	_	
4-31	1051-1061	costituito	_	_	_	
4-32	1062-1063	/	_	_	_	
4-33	1064-1066	da	_	_	_	
4-34	1067-1077	costituire	_	_	_	
4-35	1078-1079	:	_	_	_	
4-36	1080-1087	impresa	_	_	_	
4-37	1088-1098	capogruppo	_	_	_	
4-38	1099-1100	(	_	_	_	
4-39	1101-1114	denominazione	_	_	_	
4-40	1115-1116	,	_	_	_	
4-41	1117-1121	sede	_	_	_	
4-42	1122-1123	,	_	_	_	
4-43	1124-1131	ragione	_	_	_	
4-44	1132-1139	sociale	_	_	_	
4-45	1140-1141	,	_	_	_	
4-46	1142-1144	la	_	_	_	
4-47	1145-1150	forma	_	_	_	
4-48	1151-1160	giuridica	_	_	_	
4-49	1161-1162	)	_	_	_	
4-50	1163-1170	imprese	_	_	_	
4-51	1171-1179	mandanti	_	_	_	
4-52	1180-1181	:	_	_	_	
4-53	1182-1183		_	_	_	
4-54	1184-1190	gruppo	_	_	_	
4-55	1191-1198	europeo	_	_	_	
4-56	1199-1201	di	_	_	_	
4-57	1202-1211	interesse	_	_	_	
4-58	1212-1221	economico	_	_	_	
4-59	1222-1223	(	_	_	_	
4-60	1224-1228	GEIE	_	_	_	
4-61	1229-1230	)	_	_	_	
4-62	1231-1232		_	_	_	
4-63	1233-1238	altro	_	_	_	
4-64	1239-1240	e	_	_	_	
4-65	1241-1242	,	_	_	_	
4-66	1243-1244	a	_	_	_	
4-67	1245-1248	tal	_	_	_	
4-68	1249-1253	fine	_	_	_	
4-69	1254-1255	,	_	_	_	
4-70	1256-1258	ai	_	_	_	
4-71	1259-1264	sensi	_	_	_	
4-72	1265-1268	del	_	_	_	
4-73	1269-1275	d.P.R.	LEX[9]	_	_	
4-74	1276-1278	n.	LEX[9]	_	_	
4-75	1279-1287	445/2000	LEX[9]	_	_	
4-76	1288-1289	e	_	_	_	
4-77	1290-1301	consapevole	_	_	_	
4-78	1302-1305	del	_	_	_	
4-79	1306-1311	fatto	_	_	_	
4-80	1312-1315	che	_	_	_	
4-81	1316-1317	,	_	_	_	
4-82	1318-1320	in	_	_	_	
4-83	1321-1325	caso	_	_	_	
4-84	1326-1328	di	_	_	_	
4-85	1329-1342	dichiarazione	_	_	_	
4-86	1343-1350	mendace	_	_	_	
4-87	1351-1352	,	_	_	_	
4-88	1353-1361	verranno	_	_	_	
4-89	1362-1371	applicate	_	_	_	
4-90	1372-1375	nei	_	_	_	
4-91	1376-1382	propri	_	_	_	
4-92	1383-1391	riguardi	_	_	_	
4-93	1392-1393	,	_	_	_	
4-94	1394-1396	ai	_	_	_	
4-95	1397-1402	sensi	_	_	_	
4-96	1403-1408	dell'	_	_	_	
4-97	1409-1416	art. 76	LEX[10]	_	_	
4-98	1417-1420	del	LEX[10]	_	_	
4-99	1421-1427	d.P.R.	LEX[10]	_	_	
4-100	1428-1430	n.	LEX[10]	_	_	
4-101	1431-1439	445/2000	LEX[10]	_	_	
4-102	1440-1441	,	_	_	_	
4-103	1442-1444	le	_	_	_	
4-104	1445-1453	sanzioni	_	_	_	
4-105	1454-1462	previste	_	_	_	
4-106	1463-1466	dal	_	_	_	
4-107	1467-1473	codice	_	_	_	
4-108	1474-1480	penale	_	_	_	
4-109	1481-1482	e	_	_	_	
4-110	1483-1488	dalle	_	_	_	
4-111	1489-1494	leggi	_	_	_	
4-112	1495-1503	speciali	_	_	_	
4-113	1504-1506	in	_	_	_	
4-114	1507-1514	materia	_	_	_	
4-115	1515-1517	di	_	_	_	
4-116	1518-1525	falsità	_	_	_	
4-117	1526-1531	negli	_	_	_	
4-118	1532-1536	atti	_	_	_	
4-119	1537-1538	,	_	_	_	
4-120	1539-1544	oltre	_	_	_	
4-121	1545-1549	alle	_	_	_	
4-122	1550-1561	conseguenze	_	_	_	
4-123	1562-1576	amministrative	_	_	_	
4-124	1577-1585	previste	_	_	_	
4-125	1586-1589	dal	_	_	_	
4-126	1590-1597	vigente	_	_	_	
4-127	1598-1609	ordinamento	_	_	_	
4-128	1610-1613	per	_	_	_	
4-129	1614-1616	le	_	_	_	
4-130	1617-1626	procedure	_	_	_	
4-131	1627-1629	in	_	_	_	
4-132	1630-1637	materia	_	_	_	
4-133	1638-1640	di	_	_	_	
4-134	1641-1650	contratti	_	_	_	
4-135	1651-1659	pubblici	_	_	_	
4-136	1660-1668	relativi	_	_	_	
4-137	1669-1670	a	_	_	_	
4-138	1671-1677	lavori	_	_	_	
4-139	1678-1679	,	_	_	_	
4-140	1680-1687	servizi	_	_	_	
4-141	1688-1689	e	_	_	_	
4-142	1690-1699	forniture	_	_	_	
