#FORMAT=WebAnno TSV 3.3
#T_SP=custom.Span|label
#T_RL=custom.Relation|label|BT_custom.Span


#Text=Comune di Monza Provincia di Monza-Brianza UFFICIO DELLO STATO CIVILE Prot. N. 13 Lì Monza
1-1	0-6	Comune	ENTE[1]	_	_	
1-2	7-9	di	ENTE[1]	_	_	
1-3	10-15	Monza	ENTE[1]	_	_	
1-4	16-25	Provincia	ENTE[2]	_	_	
1-5	26-28	di	ENTE[2]	_	_	
1-6	29-42	Monza-Brianza	ENTE[2]	_	_	
1-7	43-50	UFFICIO	_	_	_	
1-8	51-56	DELLO	_	_	_	
1-9	57-62	STATO	_	_	_	
1-10	63-69	CIVILE	_	_	_	
1-11	70-75	Prot.	_	_	_	
1-12	76-81	N. 13	_	_	_	
1-13	82-84	Lì	_	_	_	
1-14	85-90	Monza	LOC	_	_	

#Text=All’ anagrafe del comune di Monza ( residenza dello sposo )
2-1	91-95	All’	_	_	_	
2-2	96-104	anagrafe	_	_	_	
2-3	105-108	del	_	_	_	
2-4	109-115	comune	ENTE[3]	_	_	
2-5	116-118	di	ENTE[3]	_	_	
2-6	119-124	Monza	ENTE[3]	_	_	
2-7	125-126	(	_	_	_	
2-8	127-136	residenza	_	_	_	
2-9	137-142	dello	_	_	_	
2-10	143-148	sposo	_	_	_	
2-11	149-150	)	_	_	_	

#Text=All’ ufficio elettorale del comune di Monza ( iscrizione elettorale dello sposo )
3-1	151-155	All’	_	_	_	
3-2	156-163	ufficio	_	_	_	
3-3	164-174	elettorale	_	_	_	
3-4	175-178	del	_	_	_	
3-5	179-185	comune	ENTE[4]	_	_	
3-6	186-188	di	ENTE[4]	_	_	
3-7	189-194	Monza	ENTE[4]	_	_	
3-8	195-196	(	_	_	_	
3-9	197-207	iscrizione	_	_	_	
3-10	208-218	elettorale	_	_	_	
3-11	219-224	dello	_	_	_	
3-12	225-230	sposo	_	_	_	
3-13	231-232	)	_	_	_	

#Text=All’ anagrafe del comune di Novara ( residenza della sposa )
4-1	233-237	All’	_	_	_	
4-2	238-246	anagrafe	_	_	_	
4-3	247-250	del	_	_	_	
4-4	251-257	comune	ENTE[5]	_	_	
4-5	258-260	di	ENTE[5]	_	_	
4-6	261-267	Novara	ENTE[5]	_	_	
4-7	268-269	(	_	_	_	
4-8	270-279	residenza	_	_	_	
4-9	280-285	della	_	_	_	
4-10	286-291	sposa	_	_	_	
4-11	292-293	)	_	_	_	

#Text=All’ ufficio elettorale del comune di Novara ( iscrizione elettorale della sposa )
5-1	294-298	All’	_	_	_	
5-2	299-306	ufficio	_	_	_	
5-3	307-317	elettorale	_	_	_	
5-4	318-321	del	_	_	_	
5-5	322-328	comune	ENTE[6]	_	_	
5-6	329-331	di	ENTE[6]	_	_	
5-7	332-338	Novara	ENTE[6]	_	_	
5-8	339-340	(	_	_	_	
5-9	341-351	iscrizione	_	_	_	
5-10	352-362	elettorale	_	_	_	
5-11	363-368	della	_	_	_	
5-12	369-374	sposa	_	_	_	
5-13	375-376	)	_	_	_	

#Text=OGGETTO : Comunicazione di avvenuta annotazione di scioglimento consensuale del matrimonio cessazione consensuale degli effetti civili di matrimonio religioso trascritto
6-1	377-384	OGGETTO	_	_	_	
6-2	385-386	:	_	_	_	
6-3	387-400	Comunicazione	_	_	_	
6-4	401-403	di	_	_	_	
6-5	404-412	avvenuta	_	_	_	
6-6	413-424	annotazione	_	_	_	
6-7	425-427	di	_	_	_	
6-8	428-440	scioglimento	_	_	_	
6-9	441-452	consensuale	_	_	_	
6-10	453-456	del	_	_	_	
6-11	457-467	matrimonio	_	_	_	
6-12	468-478	cessazione	_	_	_	
6-13	479-490	consensuale	_	_	_	
6-14	491-496	degli	_	_	_	
6-15	497-504	effetti	_	_	_	
6-16	505-511	civili	_	_	_	
6-17	512-514	di	_	_	_	
6-18	515-525	matrimonio	_	_	_	
6-19	526-535	religioso	_	_	_	
6-20	536-546	trascritto	_	_	_	

#Text=Tra i signori ( sposo ) Vincenzo Picchi e ( sposa ) Flavia Russi ( matrimonio celebrato il 08/08/2018 atto N. 5 P 133 S 12/5 Anno 2018 comune Monza ) Si comunica per il seguito di competenza che , relativamente all’ oggetto : la convenzione di negoziazione assistita dagli avvocati la conferma dell’ accordo resa all’ ufficiale dello stato civile in data 28/04/2020 relativa al matrimonio in oggetto è stata :
7-1	547-550	Tra	_	_	_	
7-2	551-552	i	_	_	_	
7-3	553-560	signori	_	_	_	
7-4	561-562	(	_	_	_	
7-5	563-568	sposo	ROLE	_	_	
7-6	569-570	)	_	_	_	
7-7	571-579	Vincenzo	PER[7]	personalRole	7-5[0_7]	
7-8	580-586	Picchi	PER[7]	_	_	
7-9	587-588	e	_	_	_	
7-10	589-590	(	_	_	_	
7-11	591-596	sposa	ROLE	_	_	
7-12	597-598	)	_	_	_	
7-13	599-605	Flavia	PER[8]	personalRole	7-11[0_8]	
7-14	606-611	Russi	PER[8]	_	_	
7-15	612-613	(	_	_	_	
7-16	614-624	matrimonio	_	_	_	
7-17	625-634	celebrato	_	_	_	
7-18	635-637	il	_	_	_	
7-19	638-648	08/08/2018	_	_	_	
7-20	649-653	atto	_	_	_	
7-21	654-658	N. 5	_	_	_	
7-22	659-660	P	_	_	_	
7-23	661-664	133	_	_	_	
7-24	665-666	S	_	_	_	
7-25	667-671	12/5	_	_	_	
7-26	672-676	Anno	_	_	_	
7-27	677-681	2018	_	_	_	
7-28	682-688	comune	ENTE[9]	_	_	
7-29	689-694	Monza	ENTE[9]	_	_	
7-30	695-696	)	_	_	_	
7-31	697-699	Si	_	_	_	
7-32	700-708	comunica	_	_	_	
7-33	709-712	per	_	_	_	
7-34	713-715	il	_	_	_	
7-35	716-723	seguito	_	_	_	
7-36	724-726	di	_	_	_	
7-37	727-737	competenza	_	_	_	
7-38	738-741	che	_	_	_	
7-39	742-743	,	_	_	_	
7-40	744-757	relativamente	_	_	_	
7-41	758-762	all’	_	_	_	
7-42	763-770	oggetto	_	_	_	
7-43	771-772	:	_	_	_	
7-44	773-775	la	_	_	_	
7-45	776-787	convenzione	_	_	_	
7-46	788-790	di	_	_	_	
7-47	791-803	negoziazione	_	_	_	
7-48	804-813	assistita	_	_	_	
7-49	814-819	dagli	_	_	_	
7-50	820-828	avvocati	_	_	_	
7-51	829-831	la	_	_	_	
7-52	832-840	conferma	_	_	_	
7-53	841-846	dell’	_	_	_	
7-54	847-854	accordo	_	_	_	
7-55	855-859	resa	_	_	_	
7-56	860-864	all’	_	_	_	
7-57	865-874	ufficiale	_	_	_	
7-58	875-880	dello	_	_	_	
7-59	881-886	stato	_	_	_	
7-60	887-893	civile	_	_	_	
7-61	894-896	in	_	_	_	
7-62	897-901	data	_	_	_	
7-63	902-912	28/04/2020	_	_	_	
7-64	913-921	relativa	_	_	_	
7-65	922-924	al	_	_	_	
7-66	925-935	matrimonio	_	_	_	
7-67	936-938	in	_	_	_	
7-68	939-946	oggetto	_	_	_	
7-69	947-948	è	_	_	_	
7-70	949-954	stata	_	_	_	
7-71	955-956	:	_	_	_	

#Text=Trascritta al :
8-1	957-967	Trascritta	_	_	_	
8-2	968-970	al	_	_	_	
8-3	971-972	:	_	_	_	

#Text=N. 3 P. S.C. Anno 2020 dei registri di matrimonio del comune di Monza in data 28/04/2020 ;
9-1	973-977	N. 3	_	_	_	
9-2	978-985	P. S.C.	_	_	_	
9-3	986-990	Anno	_	_	_	
9-4	991-995	2020	_	_	_	
9-5	996-999	dei	_	_	_	
9-6	1000-1008	registri	_	_	_	
9-7	1009-1011	di	_	_	_	
9-8	1012-1022	matrimonio	_	_	_	
9-9	1023-1026	del	_	_	_	
9-10	1027-1033	comune	ENTE[10]	_	_	
9-11	1034-1036	di	ENTE[10]	_	_	
9-12	1037-1042	Monza	ENTE[10]	_	_	
9-13	1043-1045	in	_	_	_	
9-14	1046-1050	data	_	_	_	
9-15	1051-1061	28/04/2020	_	_	_	
9-16	1062-1063	;	_	_	_	
