#FORMAT=WebAnno TSV 3.3
#T_SP=custom.Span|label
#T_RL=custom.Relation|label|BT_custom.Span


#Text=Comune di Genova Provincia di Genova
1-1	0-6	Comune	ENTE[1]	_	_	
1-2	7-9	di	ENTE[1]	_	_	
1-3	10-16	Genova	ENTE[1]	_	_	
1-4	17-26	Provincia	ENTE[2]	_	_	
1-5	27-29	di	ENTE[2]	_	_	
1-6	30-36	Genova	ENTE[2]	_	_	

#Text=Istanza subingresso nella titolarità della concessione demaniale marittima ai sensi dell’ art. 46 Cod. Nav.
2-1	37-44	Istanza	_	_	_	
2-2	45-56	subingresso	_	_	_	
2-3	57-62	nella	_	_	_	
2-4	63-73	titolarità	_	_	_	
2-5	74-79	della	_	_	_	
2-6	80-91	concessione	_	_	_	
2-7	92-101	demaniale	_	_	_	
2-8	102-111	marittima	_	_	_	
2-9	112-114	ai	_	_	_	
2-10	115-120	sensi	_	_	_	
2-11	121-126	dell’	_	_	_	
2-12	127-131	art.	LEX[3]	_	_	
2-13	132-134	46	LEX[3]	_	_	
2-14	135-139	Cod.	LEX[3]	_	_	
2-15	140-144	Nav.	LEX[3]	_	_	

#Text=Al Comune di Genova Ufficio Demanio Marittimo La sottoscritta Roberta Fabiano nata a Genova il 12/02/1991 residente a Genova in via delle coste 114 C.F. RBRFBN91B52D969O ( Se soggetto collettivo : nella qualità di titolare della società Genoanova s.a.s. , avente sede a Genova in via Arrigo Boito 36 C.F. 10112312312 Partita IVA : 1022345780 Tel. : 010 346785 Fax : 010 346785 e-mail info@genoanova.org ) Titolare della concessione n. 133 del 28/11/2016 rilasciata allo scopo di CHIEDE l’ autorizzazione al subingresso nella predetta concessione , mantenendo invariato sia lo scopo che la finalità del titolo concessorio , da parte di : Sig. / Sig. ra Gianluca Fabiano nato / a a Genova il 19/06/1956 residente a Genova in Via Chiesa, 112 C.F. GNLFBN55H19D969C ( Se soggetto collettivo : nella qualità di titolare della società Genoanova s.a.s. , avente sede a Genova in via Arrigo Boito, 36 C.F. 10112312312 Partita IVA : 1022345780 Tel. : 010 346785 Fax : 010 346785 e-mail info@genoanova.org ) Dichiara di essere consapevole del fatto che le dichiarazioni mendaci , le falsità negli atti e l’ uso di atti falsi sono puniti dalla legge . A tali effetti , l’ esibizione contenente dati non più rispondenti a verità equivale ad uso di atto falso .
3-1	145-147	Al	_	_	_	
3-2	148-154	Comune	ENTE[4]	_	_	
3-3	155-157	di	ENTE[4]	_	_	
3-4	158-164	Genova	ENTE[4]	_	_	
3-5	165-172	Ufficio	_	_	_	
3-6	173-180	Demanio	_	_	_	
3-7	181-190	Marittimo	_	_	_	
3-8	191-193	La	_	_	_	
3-9	194-206	sottoscritta	_	_	_	
3-10	207-214	Roberta	PER[5]	personalRole|addressR|birthDate|birthLoc|addressR|cf	3-35[0_5]|3-21[6_5]|3-16[0_5]|3-14[0_5]|3-19[0_5]|3-26[0_5]	
3-11	215-222	Fabiano	PER[5]	_	_	
3-12	223-227	nata	_	_	_	
3-13	228-229	a	_	_	_	
3-14	230-236	Genova	LOC	_	_	
3-15	237-239	il	_	_	_	
3-16	240-250	12/02/1991	DATE	_	_	
3-17	251-260	residente	_	_	_	
3-18	261-262	a	_	_	_	
3-19	263-269	Genova	LOC	_	_	
3-20	270-272	in	_	_	_	
3-21	273-276	via	LOC[6]	_	_	
3-22	277-282	delle	LOC[6]	_	_	
3-23	283-288	coste	LOC[6]	_	_	
3-24	289-292	114	LOC[6]	_	_	
3-25	293-297	C.F.	_	_	_	
3-26	298-314	RBRFBN91B52D969O	CF	_	_	
3-27	315-316	(	_	_	_	
3-28	317-319	Se	_	_	_	
3-29	320-328	soggetto	_	_	_	
3-30	329-339	collettivo	_	_	_	
3-31	340-341	:	_	_	_	
3-32	342-347	nella	_	_	_	
3-33	348-355	qualità	_	_	_	
3-34	356-358	di	_	_	_	
3-35	359-367	titolare	ROLE	_	_	
3-36	368-373	della	_	_	_	
3-37	374-381	società	_	_	_	
3-38	382-391	Genoanova	ORG[7]	op|addressR|address|companyRole|tel|vat|tel|cf|email	3-10[5_7]|3-46[8_7]|3-44[0_7]|3-35[0_7]|3-58[0_7]|3-55[0_7]|3-61[0_7]|3-51[0_7]|3-63[0_7]	
3-39	392-398	s.a.s.	ORG[7]	_	_	
3-40	399-400	,	_	_	_	
3-41	401-407	avente	_	_	_	
3-42	408-412	sede	_	_	_	
3-43	413-414	a	_	_	_	
3-44	415-421	Genova	LOC	_	_	
3-45	422-424	in	_	_	_	
3-46	425-428	via	LOC[8]	_	_	
3-47	429-435	Arrigo	LOC[8]	_	_	
3-48	436-441	Boito	LOC[8]	_	_	
3-49	442-444	36	LOC[8]	_	_	
3-50	445-449	C.F.	_	_	_	
3-51	450-461	10112312312	CF	_	_	
3-52	462-469	Partita	_	_	_	
3-53	470-473	IVA	_	_	_	
3-54	474-475	:	_	_	_	
3-55	476-486	1022345780	NUMBER	_	_	
3-56	487-491	Tel.	_	_	_	
3-57	492-493	:	_	_	_	
3-58	494-504	010 346785	NUMBER	_	_	
3-59	505-508	Fax	_	_	_	
3-60	509-510	:	_	_	_	
3-61	511-521	010 346785	NUMBER	_	_	
3-62	522-528	e-mail	_	_	_	
3-63	529-547	info@genoanova.org	EMAIL	_	_	
3-64	548-549	)	_	_	_	
3-65	550-558	Titolare	_	_	_	
3-66	559-564	della	_	_	_	
3-67	565-576	concessione	_	_	_	
3-68	577-583	n. 133	_	_	_	
3-69	584-587	del	_	_	_	
3-70	588-598	28/11/2016	_	_	_	
3-71	599-609	rilasciata	_	_	_	
3-72	610-614	allo	_	_	_	
3-73	615-620	scopo	_	_	_	
3-74	621-623	di	_	_	_	
3-75	624-630	CHIEDE	_	_	_	
3-76	631-633	l’	_	_	_	
3-77	634-648	autorizzazione	_	_	_	
3-78	649-651	al	_	_	_	
3-79	652-663	subingresso	_	_	_	
3-80	664-669	nella	_	_	_	
3-81	670-678	predetta	_	_	_	
3-82	679-690	concessione	_	_	_	
3-83	691-692	,	_	_	_	
3-84	693-703	mantenendo	_	_	_	
3-85	704-713	invariato	_	_	_	
3-86	714-717	sia	_	_	_	
3-87	718-720	lo	_	_	_	
3-88	721-726	scopo	_	_	_	
3-89	727-730	che	_	_	_	
3-90	731-733	la	_	_	_	
3-91	734-742	finalità	_	_	_	
3-92	743-746	del	_	_	_	
3-93	747-753	titolo	_	_	_	
3-94	754-765	concessorio	_	_	_	
3-95	766-767	,	_	_	_	
3-96	768-770	da	_	_	_	
3-97	771-776	parte	_	_	_	
3-98	777-779	di	_	_	_	
3-99	780-781	:	_	_	_	
3-100	782-786	Sig.	_	_	_	
3-101	787-788	/	_	_	_	
3-102	789-793	Sig.	_	_	_	
3-103	794-796	ra	_	_	_	
3-104	797-805	Gianluca	PER[9]	personalRole|addressR|cf|addressR|birthDate|birthLoc	3-130[0_9]|3-117[10_9]|3-121[0_9]|3-115[0_9]|3-112[0_9]|3-110[0_9]	
3-105	806-813	Fabiano	PER[9]	_	_	
3-106	814-818	nato	_	_	_	
3-107	819-820	/	_	_	_	
3-108	821-822	a	_	_	_	
3-109	823-824	a	_	_	_	
3-110	825-831	Genova	LOC	_	_	
3-111	832-834	il	_	_	_	
3-112	835-845	19/06/1956	DATE	_	_	
3-113	846-855	residente	_	_	_	
3-114	856-857	a	_	_	_	
3-115	858-864	Genova	LOC	_	_	
3-116	865-867	in	_	_	_	
3-117	868-871	Via	LOC[10]	_	_	
3-118	872-879	Chiesa,	LOC[10]	_	_	
3-119	880-883	112	LOC[10]	_	_	
3-120	884-888	C.F.	_	_	_	
3-121	889-905	GNLFBN55H19D969C	CF	_	_	
3-122	906-907	(	_	_	_	
3-123	908-910	Se	_	_	_	
3-124	911-919	soggetto	_	_	_	
3-125	920-930	collettivo	_	_	_	
3-126	931-932	:	_	_	_	
3-127	933-938	nella	_	_	_	
3-128	939-946	qualità	_	_	_	
3-129	947-949	di	_	_	_	
3-130	950-958	titolare	ROLE	_	_	
3-131	959-964	della	_	_	_	
3-132	965-972	società	_	_	_	
3-133	973-982	Genoanova	ORG[11]	op|addressR|cf|email|companyRole|tel|tel|addressR|vat	3-104[9_11]|3-141[12_11]|3-146[0_11]|3-158[0_11]|3-130[0_11]|3-156[0_11]|3-153[0_11]|3-139[0_11]|3-150[0_11]	
3-134	983-989	s.a.s.	ORG[11]	_	_	
3-135	990-991	,	_	_	_	
3-136	992-998	avente	_	_	_	
3-137	999-1003	sede	_	_	_	
3-138	1004-1005	a	_	_	_	
3-139	1006-1012	Genova	LOC	_	_	
3-140	1013-1015	in	_	_	_	
3-141	1016-1019	via	LOC[12]	_	_	
3-142	1020-1026	Arrigo	LOC[12]	_	_	
3-143	1027-1033	Boito,	LOC[12]	_	_	
3-144	1034-1036	36	LOC[12]	_	_	
3-145	1037-1041	C.F.	_	_	_	
3-146	1042-1053	10112312312	CF	_	_	
3-147	1054-1061	Partita	_	_	_	
3-148	1062-1065	IVA	_	_	_	
3-149	1066-1067	:	_	_	_	
3-150	1068-1078	1022345780	NUMBER	_	_	
3-151	1079-1083	Tel.	_	_	_	
3-152	1084-1085	:	_	_	_	
3-153	1086-1096	010 346785	NUMBER	_	_	
3-154	1097-1100	Fax	_	_	_	
3-155	1101-1102	:	_	_	_	
3-156	1103-1113	010 346785	NUMBER	_	_	
3-157	1114-1120	e-mail	_	_	_	
3-158	1121-1139	info@genoanova.org	EMAIL	_	_	
3-159	1140-1141	)	_	_	_	
3-160	1142-1150	Dichiara	_	_	_	
3-161	1151-1153	di	_	_	_	
3-162	1154-1160	essere	_	_	_	
3-163	1161-1172	consapevole	_	_	_	
3-164	1173-1176	del	_	_	_	
3-165	1177-1182	fatto	_	_	_	
3-166	1183-1186	che	_	_	_	
3-167	1187-1189	le	_	_	_	
3-168	1190-1203	dichiarazioni	_	_	_	
3-169	1204-1211	mendaci	_	_	_	
3-170	1212-1213	,	_	_	_	
3-171	1214-1216	le	_	_	_	
3-172	1217-1224	falsità	_	_	_	
3-173	1225-1230	negli	_	_	_	
3-174	1231-1235	atti	_	_	_	
3-175	1236-1237	e	_	_	_	
3-176	1238-1240	l’	_	_	_	
3-177	1241-1244	uso	_	_	_	
3-178	1245-1247	di	_	_	_	
3-179	1248-1252	atti	_	_	_	
3-180	1253-1258	falsi	_	_	_	
3-181	1259-1263	sono	_	_	_	
3-182	1264-1270	puniti	_	_	_	
3-183	1271-1276	dalla	_	_	_	
3-184	1277-1282	legge	_	_	_	
3-185	1283-1284	.	_	_	_	
3-186	1285-1286	A	_	_	_	
3-187	1287-1291	tali	_	_	_	
3-188	1292-1299	effetti	_	_	_	
3-189	1300-1301	,	_	_	_	
3-190	1302-1304	l’	_	_	_	
3-191	1305-1315	esibizione	_	_	_	
3-192	1316-1326	contenente	_	_	_	
3-193	1327-1331	dati	_	_	_	
3-194	1332-1335	non	_	_	_	
3-195	1336-1339	più	_	_	_	
3-196	1340-1351	rispondenti	_	_	_	
3-197	1352-1353	a	_	_	_	
3-198	1354-1360	verità	_	_	_	
3-199	1361-1369	equivale	_	_	_	
3-200	1370-1372	ad	_	_	_	
3-201	1373-1376	uso	_	_	_	
3-202	1377-1379	di	_	_	_	
3-203	1380-1384	atto	_	_	_	
3-204	1385-1390	falso	_	_	_	
3-205	1391-1392	.	_	_	_	

#Text=Data 19/05/2021 Firma
4-1	1393-1397	Data	_	_	_	
4-2	1398-1408	19/05/2021	_	_	_	
4-3	1409-1414	Firma	_	_	_	
