#FORMAT=WebAnno TSV 3.3
#T_SP=custom.Span|label
#T_RL=custom.Relation|label|BT_custom.Span


#Text=Spett. le Comune di Rimini
1-1	0-6	Spett.	_	_	_	
1-2	7-9	le	_	_	_	
1-3	10-16	Comune	ENTE[1]	addressR	2-1[2_1]	
1-4	17-19	di	ENTE[1]	_	_	
1-5	20-26	Rimini	ENTE[1]	_	_	

#Text=Via Felice Giani 3
2-1	27-30	Via	LOC[2]	_	_	
2-2	31-37	Felice	LOC[2]	_	_	
2-3	38-43	Giani	LOC[2]	_	_	
2-4	44-45	3	LOC[2]	_	_	

#Text=OGGETTO : Richiesta di patrocinio , vantaggio economico o contributo per iniziativa in campo sociale , culturale , sportivo [ o turistico ]
3-1	46-53	OGGETTO	_	_	_	
3-2	54-55	:	_	_	_	
3-3	56-65	Richiesta	_	_	_	
3-4	66-68	di	_	_	_	
3-5	69-79	patrocinio	_	_	_	
3-6	80-81	,	_	_	_	
3-7	82-91	vantaggio	_	_	_	
3-8	92-101	economico	_	_	_	
3-9	102-103	o	_	_	_	
3-10	104-114	contributo	_	_	_	
3-11	115-118	per	_	_	_	
3-12	119-129	iniziativa	_	_	_	
3-13	130-132	in	_	_	_	
3-14	133-138	campo	_	_	_	
3-15	139-146	sociale	_	_	_	
3-16	147-148	,	_	_	_	
3-17	149-158	culturale	_	_	_	
3-18	159-160	,	_	_	_	
3-19	161-169	sportivo	_	_	_	
3-20	170-171	[	_	_	_	
3-21	172-173	o	_	_	_	
3-22	174-183	turistico	_	_	_	
3-23	184-185	]	_	_	_	

#Text=Il / La sottoscritto / a Eleonora Piergiovanni nato / a Rimini Provincia ( RN ) il 22/4/1986 residente a Rimini via Carlo Sarti 3 cap 47923 Comune Rimini Provincia ( RN ) ? per proprio conto ( contributo assistenziale ) ? in qualità di ( legale rappresentante , presidente , ecc. ) legale rappresentante di ( Associazione , ente , comitato , società ecc. ) società Rinaldini s.a.s. con sede a Rimini in via / piazza Via delle Officine 12 , tel. 0541 673222 , fax 0541 555554 , C.F. / P.I. 54635363644 , Sito Internet ( se presente ) Sito Internet dedicato all’ iniziativa ( se presente ) , L’ Associazione è iscritta all’ Albo di cui all’ art. 12 del “ Regolamento comunale per l' accesso alle prestazioni di tipo sociale , culturale , sportivo e turistico , per la partecipazione di cittadini singoli o associati alla gestione dei servizi comunali e per l' utilizzo di spazi , sale e impianti sportivi nella disponibilità dell' amministrazione ” ?
4-1	186-188	Il	_	_	_	
4-2	189-190	/	_	_	_	
4-3	191-193	La	_	_	_	
4-4	194-206	sottoscritto	_	_	_	
4-5	207-208	/	_	_	_	
4-6	209-210	a	_	_	_	
4-7	211-219	Eleonora	PER[3]	addressR|addressR|addressR|addressR|addressR|birthLoc|birthLoc|birthDate|personalRole	4-21[0_3]|4-27[0_3]|4-22[4_3]|4-29[0_3]|4-32[0_3]|4-12[0_3]|4-15[0_3]|4-18[0_3]|4-54[5_3]	
4-8	220-232	Piergiovanni	PER[3]	_	_	
4-9	233-237	nato	_	_	_	
4-10	238-239	/	_	_	_	
4-11	240-241	a	_	_	_	
4-12	242-248	Rimini	LOC	_	_	
4-13	249-258	Provincia	_	_	_	
4-14	259-260	(	_	_	_	
4-15	261-263	RN	LOC	_	_	
4-16	264-265	)	_	_	_	
4-17	266-268	il	_	_	_	
4-18	269-278	22/4/1986	DATE	_	_	
4-19	279-288	residente	_	_	_	
4-20	289-290	a	_	_	_	
4-21	291-297	Rimini	LOC	_	_	
4-22	298-301	via	LOC[4]	_	_	
4-23	302-307	Carlo	LOC[4]	_	_	
4-24	308-313	Sarti	LOC[4]	_	_	
4-25	314-315	3	LOC[4]	_	_	
4-26	316-319	cap	_	_	_	
4-27	320-325	47923	LOC	_	_	
4-28	326-332	Comune	_	_	_	
4-29	333-339	Rimini	LOC	_	_	
4-30	340-349	Provincia	_	_	_	
4-31	350-351	(	_	_	_	
4-32	352-354	RN	LOC	_	_	
4-33	355-356	)	_	_	_	
4-34	357-358	?	_	_	_	
4-35	359-362	per	_	_	_	
4-36	363-370	proprio	_	_	_	
4-37	371-376	conto	_	_	_	
4-38	377-378	(	_	_	_	
4-39	379-389	contributo	_	_	_	
4-40	390-403	assistenziale	_	_	_	
4-41	404-405	)	_	_	_	
4-42	406-407	?	_	_	_	
4-43	408-410	in	_	_	_	
4-44	411-418	qualità	_	_	_	
4-45	419-421	di	_	_	_	
4-46	422-423	(	_	_	_	
4-47	424-430	legale	_	_	_	
4-48	431-445	rappresentante	_	_	_	
4-49	446-447	,	_	_	_	
4-50	448-458	presidente	_	_	_	
4-51	459-460	,	_	_	_	
4-52	461-465	ecc.	_	_	_	
4-53	466-467	)	_	_	_	
4-54	468-474	legale	ROLE[5]	_	_	
4-55	475-489	rappresentante	ROLE[5]	_	_	
4-56	490-492	di	_	_	_	
4-57	493-494	(	_	_	_	
4-58	495-507	Associazione	_	_	_	
4-59	508-509	,	_	_	_	
4-60	510-514	ente	_	_	_	
4-61	515-516	,	_	_	_	
4-62	517-525	comitato	_	_	_	
4-63	526-527	,	_	_	_	
4-64	528-535	società	_	_	_	
4-65	536-540	ecc.	_	_	_	
4-66	541-542	)	_	_	_	
4-67	543-550	società	_	_	_	
4-68	551-560	Rinaldini	ORG[6]	op|addressR|vat|addressR|companyRole|tel|tel	4-7[3_6]|4-78[7_6]|4-92[0_6]|4-73[0_6]|4-54[5_6]|4-87[0_6]|4-84[0_6]	
4-69	561-567	s.a.s.	ORG[6]	_	_	
4-70	568-571	con	_	_	_	
4-71	572-576	sede	_	_	_	
4-72	577-578	a	_	_	_	
4-73	579-585	Rimini	LOC	_	_	
4-74	586-588	in	_	_	_	
4-75	589-592	via	_	_	_	
4-76	593-594	/	_	_	_	
4-77	595-601	piazza	_	_	_	
4-78	602-605	Via	LOC[7]	_	_	
4-79	606-611	delle	LOC[7]	_	_	
4-80	612-620	Officine	LOC[7]	_	_	
4-81	621-623	12	LOC[7]	_	_	
4-82	624-625	,	_	_	_	
4-83	626-630	tel.	_	_	_	
4-84	631-642	0541 673222	NUMBER	_	_	
4-85	643-644	,	_	_	_	
4-86	645-648	fax	_	_	_	
4-87	649-660	0541 555554	NUMBER	_	_	
4-88	661-662	,	_	_	_	
4-89	663-667	C.F.	_	_	_	
4-90	668-669	/	_	_	_	
4-91	670-674	P.I.	_	_	_	
4-92	675-686	54635363644	NUMBER	_	_	
4-93	687-688	,	_	_	_	
4-94	689-693	Sito	_	_	_	
4-95	694-702	Internet	_	_	_	
4-96	703-704	(	_	_	_	
4-97	705-707	se	_	_	_	
4-98	708-716	presente	_	_	_	
4-99	717-718	)	_	_	_	
4-100	719-723	Sito	_	_	_	
4-101	724-732	Internet	_	_	_	
4-102	733-741	dedicato	_	_	_	
4-103	742-746	all’	_	_	_	
4-104	747-757	iniziativa	_	_	_	
4-105	758-759	(	_	_	_	
4-106	760-762	se	_	_	_	
4-107	763-771	presente	_	_	_	
4-108	772-773	)	_	_	_	
4-109	774-775	,	_	_	_	
4-110	776-778	L’	_	_	_	
4-111	779-791	Associazione	_	_	_	
4-112	792-793	è	_	_	_	
4-113	794-802	iscritta	_	_	_	
4-114	803-807	all’	_	_	_	
4-115	808-812	Albo	_	_	_	
4-116	813-815	di	_	_	_	
4-117	816-819	cui	_	_	_	
4-118	820-824	all’	_	_	_	
4-119	825-829	art.	LEX[8]	_	_	
4-120	830-832	12	LEX[8]	_	_	
4-121	833-836	del	LEX[8]	_	_	
4-122	837-838	“	LEX[8]	_	_	
4-123	839-850	Regolamento	LEX[8]	_	_	
4-124	851-859	comunale	LEX[8]	_	_	
4-125	860-863	per	LEX[8]	_	_	
4-126	864-866	l'	LEX[8]	_	_	
4-127	867-874	accesso	LEX[8]	_	_	
4-128	875-879	alle	LEX[8]	_	_	
4-129	880-891	prestazioni	LEX[8]	_	_	
4-130	892-894	di	LEX[8]	_	_	
4-131	895-899	tipo	LEX[8]	_	_	
4-132	900-907	sociale	LEX[8]	_	_	
4-133	908-909	,	LEX[8]	_	_	
4-134	910-919	culturale	LEX[8]	_	_	
4-135	920-921	,	LEX[8]	_	_	
4-136	922-930	sportivo	LEX[8]	_	_	
4-137	931-932	e	LEX[8]	_	_	
4-138	933-942	turistico	LEX[8]	_	_	
4-139	943-944	,	LEX[8]	_	_	
4-140	945-948	per	LEX[8]	_	_	
4-141	949-951	la	LEX[8]	_	_	
4-142	952-966	partecipazione	LEX[8]	_	_	
4-143	967-969	di	LEX[8]	_	_	
4-144	970-979	cittadini	LEX[8]	_	_	
4-145	980-987	singoli	LEX[8]	_	_	
4-146	988-989	o	LEX[8]	_	_	
4-147	990-999	associati	LEX[8]	_	_	
4-148	1000-1004	alla	LEX[8]	_	_	
4-149	1005-1013	gestione	LEX[8]	_	_	
4-150	1014-1017	dei	LEX[8]	_	_	
4-151	1018-1025	servizi	LEX[8]	_	_	
4-152	1026-1034	comunali	LEX[8]	_	_	
4-153	1035-1036	e	LEX[8]	_	_	
4-154	1037-1040	per	LEX[8]	_	_	
4-155	1041-1043	l'	LEX[8]	_	_	
4-156	1044-1052	utilizzo	LEX[8]	_	_	
4-157	1053-1055	di	LEX[8]	_	_	
4-158	1056-1061	spazi	LEX[8]	_	_	
4-159	1062-1063	,	LEX[8]	_	_	
4-160	1064-1068	sale	LEX[8]	_	_	
4-161	1069-1070	e	LEX[8]	_	_	
4-162	1071-1079	impianti	LEX[8]	_	_	
4-163	1080-1088	sportivi	LEX[8]	_	_	
4-164	1089-1094	nella	LEX[8]	_	_	
4-165	1095-1108	disponibilità	LEX[8]	_	_	
4-166	1109-1114	dell'	LEX[8]	_	_	
4-167	1115-1130	amministrazione	LEX[8]	_	_	
4-168	1131-1132	”	LEX[8]	_	_	
4-169	1133-1134	?	_	_	_	
