#FORMAT=WebAnno TSV 3.3
#T_SP=custom.Span|label
#T_RL=custom.Relation|label|BT_custom.Span


#Text=DOMANDA DI ESENZIONE DAL PAGAMENTO DELLE SPESE SANITARIE E DICHIARAZIONE SOSTITUTIVA AI SENSI DELL’ ART. 47 DEL D.P.R. 28 DICEMBRE 2000 , NR. 445 E DELL’ ART. 3 DELLA L.R. 23 / 2015
1-1	0-7	DOMANDA	_	_	_	
1-2	8-10	DI	_	_	_	
1-3	11-20	ESENZIONE	_	_	_	
1-4	21-24	DAL	_	_	_	
1-5	25-34	PAGAMENTO	_	_	_	
1-6	35-40	DELLE	_	_	_	
1-7	41-46	SPESE	_	_	_	
1-8	47-56	SANITARIE	_	_	_	
1-9	57-58	E	_	_	_	
1-10	59-72	DICHIARAZIONE	_	_	_	
1-11	73-84	SOSTITUTIVA	_	_	_	
1-12	85-87	AI	_	_	_	
1-13	88-93	SENSI	_	_	_	
1-14	94-99	DELL’	_	_	_	
1-15	100-107	ART. 47	LEX[1]	_	_	
1-16	108-111	DEL	LEX[1]	_	_	
1-17	112-118	D.P.R.	LEX[1]	_	_	
1-18	119-121	28	LEX[1]	_	_	
1-19	122-130	DICEMBRE	LEX[1]	_	_	
1-20	131-135	2000	LEX[1]	_	_	
1-21	136-137	,	LEX[1]	_	_	
1-22	138-145	NR. 445	LEX[1]	_	_	
1-23	146-147	E	_	_	_	
1-24	148-153	DELL’	_	_	_	
1-25	154-160	ART. 3	LEX[2]	_	_	
1-26	161-166	DELLA	LEX[2]	_	_	
1-27	167-171	L.R.	LEX[2]	_	_	
1-28	172-174	23	LEX[2]	_	_	
1-29	175-176	/	LEX[2]	_	_	
1-30	177-181	2015	LEX[2]	_	_	

#Text=Il sottoscritto Marino Gigli nato a Trento il 22/07/1974 residente in Via Amerigo Vespucci n. 3 tel. 3334567984 Codice fiscale GGLMRN74L22L378E N. Tessera Sanitaria 80380800301234567890 CHIEDE Ai sensi della deliberazione del Consiglio comunale nr. 6 , l’ esenzione dal pagamento di tutte le quote di compartecipazione alla spesa sanitaria per se stesso e per i propri familiari a carico .
2-1	182-184	Il	_	_	_	
2-2	185-197	sottoscritto	_	_	_	
2-3	198-204	Marino	PER[3]	docType|addressR|tel|birthLoc|cf|birthDate	2-23[5_3]|2-12[4_3]|2-18[0_3]|2-7[0_3]|2-21[0_3]|2-9[0_3]	
2-4	205-210	Gigli	PER[3]	_	_	
2-5	211-215	nato	_	_	_	
2-6	216-217	a	_	_	_	
2-7	218-224	Trento	LOC	_	_	
2-8	225-227	il	_	_	_	
2-9	228-238	22/07/1974	DATE	_	_	
2-10	239-248	residente	_	_	_	
2-11	249-251	in	_	_	_	
2-12	252-255	Via	LOC[4]	_	_	
2-13	256-263	Amerigo	LOC[4]	_	_	
2-14	264-272	Vespucci	LOC[4]	_	_	
2-15	273-275	n.	LOC[4]	_	_	
2-16	276-277	3	LOC[4]	_	_	
2-17	278-282	tel.	_	_	_	
2-18	283-293	3334567984	NUMBER	_	_	
2-19	294-300	Codice	_	_	_	
2-20	301-308	fiscale	_	_	_	
2-21	309-325	GGLMRN74L22L378E	CF	_	_	
2-22	326-328	N.	_	_	_	
2-23	329-336	Tessera	DOCTYPE[5]	docID	2-25[0_5]	
2-24	337-346	Sanitaria	DOCTYPE[5]	_	_	
2-25	347-367	80380800301234567890	NUMBER	_	_	
2-26	368-374	CHIEDE	_	_	_	
2-27	375-377	Ai	_	_	_	
2-28	378-383	sensi	_	_	_	
2-29	384-389	della	_	_	_	
2-30	390-403	deliberazione	_	_	_	
2-31	404-407	del	_	_	_	
2-32	408-417	Consiglio	_	_	_	
2-33	418-426	comunale	_	_	_	
2-34	427-430	nr.	_	_	_	
2-35	431-432	6	_	_	_	
2-36	433-434	,	_	_	_	
2-37	435-437	l’	_	_	_	
2-38	438-447	esenzione	_	_	_	
2-39	448-451	dal	_	_	_	
2-40	452-461	pagamento	_	_	_	
2-41	462-464	di	_	_	_	
2-42	465-470	tutte	_	_	_	
2-43	471-473	le	_	_	_	
2-44	474-479	quote	_	_	_	
2-45	480-482	di	_	_	_	
2-46	483-500	compartecipazione	_	_	_	
2-47	501-505	alla	_	_	_	
2-48	506-511	spesa	_	_	_	
2-49	512-521	sanitaria	_	_	_	
2-50	522-525	per	_	_	_	
2-51	526-528	se	_	_	_	
2-52	529-535	stesso	_	_	_	
2-53	536-537	e	_	_	_	
2-54	538-541	per	_	_	_	
2-55	542-543	i	_	_	_	
2-56	544-550	propri	_	_	_	
2-57	551-560	familiari	_	_	_	
2-58	561-562	a	_	_	_	
2-59	563-569	carico	_	_	_	
2-60	570-571	.	_	_	_	
