#FORMAT=WebAnno TSV 3.3
#T_SP=custom.Span|label
#T_RL=custom.Relation|label|BT_custom.Span


#Text=Richiesta attivazione del servizio di assistenza educativa scolastica ( AES ) Cognome Romanelli nome Luana luogo e data di nascita Viterbo , 30/07/1985 cittadinanza italiana stato civile coniugata residenza via della Rondinella 7 C.F. RMNLNU85L70M082X recapiti telefonici 075 3245667 e-mail luana.romanelli@hotmail.com genitore dell’ alunno Denise Forti frequentante la classe II elementere della Scuola di questo Comune .
1-1	0-9	Richiesta	_	_	_	
1-2	10-21	attivazione	_	_	_	
1-3	22-25	del	_	_	_	
1-4	26-34	servizio	_	_	_	
1-5	35-37	di	_	_	_	
1-6	38-48	assistenza	_	_	_	
1-7	49-58	educativa	_	_	_	
1-8	59-69	scolastica	_	_	_	
1-9	70-71	(	_	_	_	
1-10	72-75	AES	_	_	_	
1-11	76-77	)	_	_	_	
1-12	78-85	Cognome	_	_	_	
1-13	86-95	Romanelli	PER	relative|birthDate|name|email|cf|birthLoc|tel|addressR	1-44[2_0]|1-23|1-15|1-40|1-35|1-21|1-38|1-30[1_0]	
1-14	96-100	nome	_	_	_	
1-15	101-106	Luana	PER	_	_	
1-16	107-112	luogo	_	_	_	
1-17	113-114	e	_	_	_	
1-18	115-119	data	_	_	_	
1-19	120-122	di	_	_	_	
1-20	123-130	nascita	_	_	_	
1-21	131-138	Viterbo	LOC	_	_	
1-22	139-140	,	_	_	_	
1-23	141-151	30/07/1985	DATE	_	_	
1-24	152-164	cittadinanza	_	_	_	
1-25	165-173	italiana	_	_	_	
1-26	174-179	stato	_	_	_	
1-27	180-186	civile	_	_	_	
1-28	187-196	coniugata	_	_	_	
1-29	197-206	residenza	_	_	_	
1-30	207-210	via	LOC[1]	_	_	
1-31	211-216	della	LOC[1]	_	_	
1-32	217-227	Rondinella	LOC[1]	_	_	
1-33	228-229	7	LOC[1]	_	_	
1-34	230-234	C.F.	_	_	_	
1-35	235-251	RMNLNU85L70M082X	CF	_	_	
1-36	252-260	recapiti	_	_	_	
1-37	261-271	telefonici	_	_	_	
1-38	272-283	075 3245667	NUMBER	_	_	
1-39	284-290	e-mail	_	_	_	
1-40	291-318	luana.romanelli@hotmail.com	EMAIL	_	_	
1-41	319-327	genitore	ROLE	_	_	
1-42	328-333	dell’	_	_	_	
1-43	334-340	alunno	_	_	_	
1-44	341-347	Denise	PER[2]	personalRole	1-41[0_2]	
1-45	348-353	Forti	PER[2]	_	_	
1-46	354-366	frequentante	_	_	_	
1-47	367-369	la	_	_	_	
1-48	370-376	classe	_	_	_	
1-49	377-379	II	_	_	_	
1-50	380-390	elementere	_	_	_	
1-51	391-396	della	_	_	_	
1-52	397-403	Scuola	_	_	_	
1-53	404-406	di	_	_	_	
1-54	407-413	questo	_	_	_	
1-55	414-420	Comune	_	_	_	
1-56	421-422	.	_	_	_	

#Text=Diagnosi clinica sintetica
2-1	423-431	Diagnosi	_	_	_	
2-2	432-439	clinica	_	_	_	
2-3	440-449	sintetica	_	_	_	

#Text=Eseguita da dr. Giovanni Fischi in data 19/05/2020 Terapie in essere glucometro per diabete tipo 2 Numero ore di sostegno 3 CHIEDE che il / la proprio / a figlio / a possa essere seguito da un educatore professionale
3-1	450-458	Eseguita	_	_	_	
3-2	459-461	da	_	_	_	
3-3	462-465	dr.	_	_	_	
3-4	466-474	Giovanni	PER[3]	_	_	
3-5	475-481	Fischi	PER[3]	_	_	
3-6	482-484	in	_	_	_	
3-7	485-489	data	_	_	_	
3-8	490-500	19/05/2020	_	_	_	
3-9	501-508	Terapie	_	_	_	
3-10	509-511	in	_	_	_	
3-11	512-518	essere	_	_	_	
3-12	519-529	glucometro	_	_	_	
3-13	530-533	per	_	_	_	
3-14	534-541	diabete	_	_	_	
3-15	542-546	tipo	_	_	_	
3-16	547-548	2	_	_	_	
3-17	549-555	Numero	_	_	_	
3-18	556-559	ore	_	_	_	
3-19	560-562	di	_	_	_	
3-20	563-571	sostegno	_	_	_	
3-21	572-573	3	_	_	_	
3-22	574-580	CHIEDE	_	_	_	
3-23	581-584	che	_	_	_	
3-24	585-587	il	_	_	_	
3-25	588-589	/	_	_	_	
3-26	590-592	la	_	_	_	
3-27	593-600	proprio	_	_	_	
3-28	601-602	/	_	_	_	
3-29	603-604	a	_	_	_	
3-30	605-611	figlio	_	_	_	
3-31	612-613	/	_	_	_	
3-32	614-615	a	_	_	_	
3-33	616-621	possa	_	_	_	
3-34	622-628	essere	_	_	_	
3-35	629-636	seguito	_	_	_	
3-36	637-639	da	_	_	_	
3-37	640-642	un	_	_	_	
3-38	643-652	educatore	_	_	_	
3-39	653-666	professionale	_	_	_	
