#FORMAT=WebAnno TSV 3.3
#T_SP=custom.Span|label
#T_RL=custom.Relation|label|BT_custom.Span


#Text=DOMANDA DI PARTECIPAZIONE ALLA PROCEDURA DI GARA
1-1	0-7	DOMANDA	_	_	_	
1-2	8-10	DI	_	_	_	
1-3	11-25	PARTECIPAZIONE	_	_	_	
1-4	26-30	ALLA	_	_	_	
1-5	31-40	PROCEDURA	_	_	_	
1-6	41-43	DI	_	_	_	
1-7	44-48	GARA	_	_	_	

#Text=Al Comune di Venezia
2-1	49-51	Al	_	_	_	
2-2	52-58	Comune	ENTE[1]	_	_	
2-3	59-61	di	ENTE[1]	_	_	
2-4	62-69	Venezia	ENTE[1]	_	_	

#Text=Ufficio DPO
3-1	70-77	Ufficio	_	_	_	
3-2	78-81	DPO	_	_	_	

#Text=OGGETTO : Domanda di partecipazione alla gara per l’ affidamento diretto del servizio di Responsabile per la protezione dei dati ( DPO ) periodo 2019 – 2020 ai sensi dell’ art. 36 , comma 2 , lett. a ) , del D. Lgs. n. 50 / 2016 - Codice CIG : 34233
4-1	82-89	OGGETTO	_	_	_	
4-2	90-91	:	_	_	_	
4-3	92-99	Domanda	_	_	_	
4-4	100-102	di	_	_	_	
4-5	103-117	partecipazione	_	_	_	
4-6	118-122	alla	_	_	_	
4-7	123-127	gara	_	_	_	
4-8	128-131	per	_	_	_	
4-9	132-134	l’	_	_	_	
4-10	135-146	affidamento	_	_	_	
4-11	147-154	diretto	_	_	_	
4-12	155-158	del	_	_	_	
4-13	159-167	servizio	_	_	_	
4-14	168-170	di	_	_	_	
4-15	171-183	Responsabile	_	_	_	
4-16	184-187	per	_	_	_	
4-17	188-190	la	_	_	_	
4-18	191-201	protezione	_	_	_	
4-19	202-205	dei	_	_	_	
4-20	206-210	dati	_	_	_	
4-21	211-212	(	_	_	_	
4-22	213-216	DPO	_	_	_	
4-23	217-218	)	_	_	_	
4-24	219-226	periodo	_	_	_	
4-25	227-231	2019	_	_	_	
4-26	232-233	–	_	_	_	
4-27	234-238	2020	_	_	_	
4-28	239-241	ai	_	_	_	
4-29	242-247	sensi	_	_	_	
4-30	248-253	dell’	_	_	_	
4-31	254-258	art.	LEX[2]	_	_	
4-32	259-261	36	LEX[2]	_	_	
4-33	262-263	,	LEX[2]	_	_	
4-34	264-269	comma	LEX[2]	_	_	
4-35	270-271	2	LEX[2]	_	_	
4-36	272-273	,	LEX[2]	_	_	
4-37	274-279	lett.	LEX[2]	_	_	
4-38	280-281	a	LEX[2]	_	_	
4-39	282-283	)	LEX[2]	_	_	
4-40	284-285	,	LEX[2]	_	_	
4-41	286-289	del	LEX[2]	_	_	
4-42	290-292	D.	LEX[2]	_	_	
4-43	293-297	Lgs.	LEX[2]	_	_	
4-44	298-300	n.	LEX[2]	_	_	
4-45	301-303	50	LEX[2]	_	_	
4-46	304-305	/	LEX[2]	_	_	
4-47	306-310	2016	LEX[2]	_	_	
4-48	311-312	-	_	_	_	
4-49	313-319	Codice	_	_	_	
4-50	320-323	CIG	_	_	_	
4-51	324-325	:	_	_	_	
4-52	326-331	34233	NUMBER	_	_	

#Text=Il sottoscritto Ennio Gervasoni nato il 21/12/1967 a Venezia residente nel Comune di Venezia ( VE ) Stato Italia Via / Piazza Piazza del Popolo n. 3 Codice Fiscale GRVNNE67T21L736H in qualità di amministratore delegato della Ditta Gervasoni scarpe s.n.c. avente sede legale nel Comune di Venezia ( VE ) Via / Piazza Calle Santa Rita n. 32 e-mail e.gervasoni@hotmail.com – PEC ennio.gervasoni@gervasonisnc.org telefono n. 041 222227 Partita IVA n. 75487568364
5-1	332-334	Il	_	_	_	
5-2	335-347	sottoscritto	_	_	_	
5-3	348-353	Ennio	PER[3]	addressR|addressR|birthDate|addressR|birthLoc|cf|email|email|personalRole|addressR	5-23[4_3]|5-14[0_3]|5-7[0_3]|5-16[0_3]|5-9[0_3]|5-30[0_3]|5-60[0_3]|5-63[0_3]|5-34[5_3]|5-19[0_3]	
5-4	354-363	Gervasoni	PER[3]	_	_	
5-5	364-368	nato	_	_	_	
5-6	369-371	il	_	_	_	
5-7	372-382	21/12/1967	DATE	_	_	
5-8	383-384	a	_	_	_	
5-9	385-392	Venezia	LOC	_	_	
5-10	393-402	residente	_	_	_	
5-11	403-406	nel	_	_	_	
5-12	407-413	Comune	_	_	_	
5-13	414-416	di	_	_	_	
5-14	417-424	Venezia	LOC	_	_	
5-15	425-426	(	_	_	_	
5-16	427-429	VE	LOC	_	_	
5-17	430-431	)	_	_	_	
5-18	432-437	Stato	_	_	_	
5-19	438-444	Italia	LOC	_	_	
5-20	445-448	Via	_	_	_	
5-21	449-450	/	_	_	_	
5-22	451-457	Piazza	_	_	_	
5-23	458-464	Piazza	LOC[4]	_	_	
5-24	465-468	del	LOC[4]	_	_	
5-25	469-475	Popolo	LOC[4]	_	_	
5-26	476-478	n.	LOC[4]	_	_	
5-27	479-480	3	LOC[4]	_	_	
5-28	481-487	Codice	_	_	_	
5-29	488-495	Fiscale	_	_	_	
5-30	496-512	GRVNNE67T21L736H	CF	_	_	
5-31	513-515	in	_	_	_	
5-32	516-523	qualità	_	_	_	
5-33	524-526	di	_	_	_	
5-34	527-541	amministratore	ROLE[5]	_	_	
5-35	542-550	delegato	ROLE[5]	_	_	
5-36	551-556	della	_	_	_	
5-37	557-562	Ditta	_	_	_	
5-38	563-572	Gervasoni	ORG[6]	cig|op|addressR|addressR|addressR|vat|tel|companyRole	4-52[0_6]|5-3[3_6]|5-53[8_6]|5-49[0_6]|5-45[7_6]|5-70[0_6]|5-66[0_6]|5-34[5_6]	
5-39	573-579	scarpe	ORG[6]	_	_	
5-40	580-586	s.n.c.	ORG[6]	_	_	
5-41	587-593	avente	_	_	_	
5-42	594-598	sede	_	_	_	
5-43	599-605	legale	_	_	_	
5-44	606-609	nel	_	_	_	
5-45	610-616	Comune	LOC[7]	_	_	
5-46	617-619	di	LOC[7]	_	_	
5-47	620-627	Venezia	LOC[7]	_	_	
5-48	628-629	(	_	_	_	
5-49	630-632	VE	LOC	_	_	
5-50	633-634	)	_	_	_	
5-51	635-638	Via	_	_	_	
5-52	639-640	/	_	_	_	
5-53	641-647	Piazza	LOC[8]	_	_	
5-54	648-653	Calle	LOC[8]	_	_	
5-55	654-659	Santa	LOC[8]	_	_	
5-56	660-664	Rita	LOC[8]	_	_	
5-57	665-667	n.	LOC[8]	_	_	
5-58	668-670	32	LOC[8]	_	_	
5-59	671-677	e-mail	_	_	_	
5-60	678-701	e.gervasoni@hotmail.com	EMAIL	_	_	
5-61	702-703	–	_	_	_	
5-62	704-707	PEC	_	_	_	
5-63	708-740	ennio.gervasoni@gervasonisnc.org	EMAIL	_	_	
5-64	741-749	telefono	_	_	_	
5-65	750-752	n.	_	_	_	
5-66	753-763	041 222227	NUMBER	_	_	
5-67	764-771	Partita	_	_	_	
5-68	772-775	IVA	_	_	_	
5-69	776-778	n.	_	_	_	
5-70	779-790	75487568364	NUMBER	_	_	

#Text=CHIEDE
6-1	791-797	CHIEDE	_	_	_	

#Text=di essere ammesso alla procedura di gara in oggetto in qualità di :
7-1	798-800	di	_	_	_	
7-2	801-807	essere	_	_	_	
7-3	808-815	ammesso	_	_	_	
7-4	816-820	alla	_	_	_	
7-5	821-830	procedura	_	_	_	
7-6	831-833	di	_	_	_	
7-7	834-838	gara	_	_	_	
7-8	839-841	in	_	_	_	
7-9	842-849	oggetto	_	_	_	
7-10	850-852	in	_	_	_	
7-11	853-860	qualità	_	_	_	
7-12	861-863	di	_	_	_	
7-13	864-865	:	_	_	_	
