#FORMAT=WebAnno TSV 3.3
#T_SP=custom.Span|label
#T_RL=custom.Relation|label|BT_custom.Span


#Text=DOMANDA DI RINNOVO DI AUTORIZZAZIONE AL FUNZIONAMENTO DI SERVIZIO SOCIO-EDUCATIVO PER LA PRIMA INFANZIA
1-1	0-7	DOMANDA	_	_	_	
1-2	8-10	DI	_	_	_	
1-3	11-18	RINNOVO	_	_	_	
1-4	19-21	DI	_	_	_	
1-5	22-36	AUTORIZZAZIONE	_	_	_	
1-6	37-39	AL	_	_	_	
1-7	40-53	FUNZIONAMENTO	_	_	_	
1-8	54-56	DI	_	_	_	
1-9	57-65	SERVIZIO	_	_	_	
1-10	66-81	SOCIO-EDUCATIVO	_	_	_	
1-11	82-85	PER	_	_	_	
1-12	86-88	LA	_	_	_	
1-13	89-94	PRIMA	_	_	_	
1-14	95-103	INFANZIA	_	_	_	

#Text=( N.B. : la domanda deve essere inoltrata almeno 90 giorni prima della scadenza dell’ autorizzazione al funzionamento )
2-1	104-105	(	_	_	_	
2-2	106-110	N.B.	_	_	_	
2-3	111-112	:	_	_	_	
2-4	113-115	la	_	_	_	
2-5	116-123	domanda	_	_	_	
2-6	124-128	deve	_	_	_	
2-7	129-135	essere	_	_	_	
2-8	136-145	inoltrata	_	_	_	
2-9	146-152	almeno	_	_	_	
2-10	153-155	90	_	_	_	
2-11	156-162	giorni	_	_	_	
2-12	163-168	prima	_	_	_	
2-13	169-174	della	_	_	_	
2-14	175-183	scadenza	_	_	_	
2-15	184-189	dell’	_	_	_	
2-16	190-204	autorizzazione	_	_	_	
2-17	205-207	al	_	_	_	
2-18	208-221	funzionamento	_	_	_	
2-19	222-223	)	_	_	_	

#Text=AREA SERVIZI ALLA PERSONA
3-1	224-228	AREA	_	_	_	
3-2	229-236	SERVIZI	_	_	_	
3-3	237-241	ALLA	_	_	_	
3-4	242-249	PERSONA	_	_	_	

#Text=Dott. ssa Donatella Rossi
4-1	250-255	Dott.	_	_	_	
4-2	256-259	ssa	_	_	_	
4-3	260-269	Donatella	PER[1]	_	_	
4-4	270-275	Rossi	PER[1]	_	_	

#Text=sede Parma
5-1	276-280	sede	_	_	_	
5-2	281-286	Parma	LOC	_	_	

#Text=Il / la sottoscritto / a Francesca Zito , nato / a a Parma Provincia PR il 15/03/1985 di nazionalità1 italiana residente a Parma Provincia PR ( 1in caso di cittadini non appartenenti all’ Unione Europea occorre allegare copia del permesso di soggiorno ) , in via / piazza piazza San Silvestro n. 67 C.A.P. 43124 , Codice Fiscale ZTIFNC85C55G337M , in qualità di □ titolare □ legale rappresentante della ditta / società denominata L’ Aquilone s.r.l. , con sede legale a Parma Provincia PR , via / piazza Corso Italia 34 C.A.P. 43123 , C.F. / P. IVA 77848936484 Telefono 0521 498573 Fax 0521 498745 E-mail zitof@gmail.com
6-1	287-289	Il	_	_	_	
6-2	290-291	/	_	_	_	
6-3	292-294	la	_	_	_	
6-4	295-307	sottoscritto	_	_	_	
6-5	308-309	/	_	_	_	
6-6	310-311	a	_	_	_	
6-7	312-321	Francesca	PER[2]	addressR|personalRole|addressR|birthLoc|addressR|cf|email|addressR|birthLoc|birthDate|personalRole	6-56[0_2]|6-68[4_2]|6-50[3_2]|6-16[0_2]|6-24[0_2]|6-60[0_2]|6-106[0_2]|6-26[0_2]|6-14[0_2]|6-18[0_2]|6-66[0_2]	
6-8	322-326	Zito	PER[2]	_	_	
6-9	327-328	,	_	_	_	
6-10	329-333	nato	_	_	_	
6-11	334-335	/	_	_	_	
6-12	336-337	a	_	_	_	
6-13	338-339	a	_	_	_	
6-14	340-345	Parma	LOC	_	_	
6-15	346-355	Provincia	_	_	_	
6-16	356-358	PR	LOC	_	_	
6-17	359-361	il	_	_	_	
6-18	362-372	15/03/1985	DATE	_	_	
6-19	373-375	di	_	_	_	
6-20	376-388	nazionalità1	_	_	_	
6-21	389-397	italiana	_	_	_	
6-22	398-407	residente	_	_	_	
6-23	408-409	a	_	_	_	
6-24	410-415	Parma	LOC	_	_	
6-25	416-425	Provincia	_	_	_	
6-26	426-428	PR	LOC	_	_	
6-27	429-430	(	_	_	_	
6-28	431-434	1in	_	_	_	
6-29	435-439	caso	_	_	_	
6-30	440-442	di	_	_	_	
6-31	443-452	cittadini	_	_	_	
6-32	453-456	non	_	_	_	
6-33	457-469	appartenenti	_	_	_	
6-34	470-474	all’	_	_	_	
6-35	475-481	Unione	_	_	_	
6-36	482-489	Europea	_	_	_	
6-37	490-497	occorre	_	_	_	
6-38	498-506	allegare	_	_	_	
6-39	507-512	copia	_	_	_	
6-40	513-516	del	_	_	_	
6-41	517-525	permesso	_	_	_	
6-42	526-528	di	_	_	_	
6-43	529-538	soggiorno	_	_	_	
6-44	539-540	)	_	_	_	
6-45	541-542	,	_	_	_	
6-46	543-545	in	_	_	_	
6-47	546-549	via	_	_	_	
6-48	550-551	/	_	_	_	
6-49	552-558	piazza	_	_	_	
6-50	559-565	piazza	LOC[3]	_	_	
6-51	566-569	San	LOC[3]	_	_	
6-52	570-579	Silvestro	LOC[3]	_	_	
6-53	580-582	n.	LOC[3]	_	_	
6-54	583-585	67	LOC[3]	_	_	
6-55	586-592	C.A.P.	_	_	_	
6-56	593-598	43124	LOC	_	_	
6-57	599-600	,	_	_	_	
6-58	601-607	Codice	_	_	_	
6-59	608-615	Fiscale	_	_	_	
6-60	616-632	ZTIFNC85C55G337M	CF	_	_	
6-61	633-634	,	_	_	_	
6-62	635-637	in	_	_	_	
6-63	638-645	qualità	_	_	_	
6-64	646-648	di	_	_	_	
6-65	649-650	□	_	_	_	
6-66	651-659	titolare	ROLE	_	_	
6-67	660-661	□	_	_	_	
6-68	662-668	legale	ROLE[4]	_	_	
6-69	669-683	rappresentante	ROLE[4]	_	_	
6-70	684-689	della	_	_	_	
6-71	690-695	ditta	_	_	_	
6-72	696-697	/	_	_	_	
6-73	698-705	società	_	_	_	
6-74	706-716	denominata	_	_	_	
6-75	717-719	L’	ORG[5]	op|companyRole|addressR|addressR|tel|companyRole|vat|tel|addressR|addressR	6-7[2_5]|6-68[4_5]|6-94[0_5]|6-89[6_5]|6-102[0_5]|6-66[0_5]|6-100[0_5]|6-104[0_5]|6-85[0_5]|6-83[0_5]	
6-76	720-728	Aquilone	ORG[5]	_	_	
6-77	729-735	s.r.l.	ORG[5]	_	_	
6-78	736-737	,	_	_	_	
6-79	738-741	con	_	_	_	
6-80	742-746	sede	_	_	_	
6-81	747-753	legale	_	_	_	
6-82	754-755	a	_	_	_	
6-83	756-761	Parma	LOC	_	_	
6-84	762-771	Provincia	_	_	_	
6-85	772-774	PR	LOC	_	_	
6-86	775-776	,	_	_	_	
6-87	777-780	via	_	_	_	
6-88	781-782	/	_	_	_	
6-89	783-789	piazza	LOC[6]	_	_	
6-90	790-795	Corso	LOC[6]	_	_	
6-91	796-802	Italia	LOC[6]	_	_	
6-92	803-805	34	LOC[6]	_	_	
6-93	806-812	C.A.P.	_	_	_	
6-94	813-818	43123	LOC	_	_	
6-95	819-820	,	_	_	_	
6-96	821-825	C.F.	_	_	_	
6-97	826-827	/	_	_	_	
6-98	828-830	P.	_	_	_	
6-99	831-834	IVA	_	_	_	
6-100	835-846	77848936484	NUMBER	_	_	
6-101	847-855	Telefono	_	_	_	
6-102	856-867	0521 498573	NUMBER	_	_	
6-103	868-871	Fax	_	_	_	
6-104	872-883	0521 498745	NUMBER	_	_	
6-105	884-890	E-mail	_	_	_	
6-106	891-906	zitof@gmail.com	EMAIL	_	_	

#Text=CHIEDE
7-1	907-913	CHIEDE	_	_	_	

#Text=il rinnovo dell' autorizzazione al funzionamento per il servizio socio-educativo denominato
8-1	914-916	il	_	_	_	
8-2	917-924	rinnovo	_	_	_	
8-3	925-930	dell'	_	_	_	
8-4	931-945	autorizzazione	_	_	_	
8-5	946-948	al	_	_	_	
8-6	949-962	funzionamento	_	_	_	
8-7	963-966	per	_	_	_	
8-8	967-969	il	_	_	_	
8-9	970-978	servizio	_	_	_	
8-10	979-994	socio-educativo	_	_	_	
8-11	995-1005	denominato	_	_	_	
