#FORMAT=WebAnno TSV 3.3
#T_SP=custom.Span|label
#T_RL=custom.Relation|label|BT_custom.Span


#Text=Modulo per ACCERTAMENTO DI MORTE
1-1	0-6	Modulo	_	_	_	
1-2	7-10	per	_	_	_	
1-3	11-23	ACCERTAMENTO	_	_	_	
1-4	24-26	DI	_	_	_	
1-5	27-32	MORTE	_	_	_	

#Text=Il sottoscritto Pardeep Punjabis nato il 29/09/1979 a Nuova Delhi residente a Roma in via Pordenone n° 665 recapito telefonico 9711652848 , in qualità di : Direttore Sanitario CERTIFICA 0 di aver accertato la morte del Sig. / Sig.ra Arbia Vincenzo nato / a il 03/03/1940 a San Marino residente a Ruoti in via Delle Marmore n. 33 e deceduto in Milano il 03/03/2021 0 che il trasporto può avvenire senza pregiudizio per la salute pubblica 0 che il cadavere è portatore di pace-maker
2-1	33-35	Il	_	_	_	
2-2	36-48	sottoscritto	_	_	_	
2-3	49-56	Pardeep	PER[1]	personalRole|addressR|tel|birthDate|birthLoc|addressR	2-27[4_1]|2-15[3_1]|2-21[0_1]|2-7[0_1]|2-9[2_1]|2-13[0_1]	
2-4	57-65	Punjabis	PER[1]	_	_	
2-5	66-70	nato	_	_	_	
2-6	71-73	il	_	_	_	
2-7	74-84	29/09/1979	DATE	_	_	
2-8	85-86	a	_	_	_	
2-9	87-92	Nuova	LOC[2]	_	_	
2-10	93-98	Delhi	LOC[2]	_	_	
2-11	99-108	residente	_	_	_	
2-12	109-110	a	_	_	_	
2-13	111-115	Roma	LOC	_	_	
2-14	116-118	in	_	_	_	
2-15	119-122	via	LOC[3]	_	_	
2-16	123-132	Pordenone	LOC[3]	_	_	
2-17	133-135	n°	LOC[3]	_	_	
2-18	136-139	665	LOC[3]	_	_	
2-19	140-148	recapito	_	_	_	
2-20	149-159	telefonico	_	_	_	
2-21	160-170	9711652848	NUMBER	_	_	
2-22	171-172	,	_	_	_	
2-23	173-175	in	_	_	_	
2-24	176-183	qualità	_	_	_	
2-25	184-186	di	_	_	_	
2-26	187-188	:	_	_	_	
2-27	189-198	Direttore	ROLE[4]	_	_	
2-28	199-208	Sanitario	ROLE[4]	_	_	
2-29	209-218	CERTIFICA	_	_	_	
2-30	219-220	0	_	_	_	
2-31	221-223	di	_	_	_	
2-32	224-228	aver	_	_	_	
2-33	229-238	accertato	_	_	_	
2-34	239-241	la	_	_	_	
2-35	242-247	morte	_	_	_	
2-36	248-251	del	_	_	_	
2-37	252-256	Sig.	_	_	_	
2-38	257-258	/	_	_	_	
2-39	259-265	Sig.ra	_	_	_	
2-40	266-271	Arbia	PER[5]	addressR|deathDate|birthDate|addressR|birthLoc|deathLoc	2-54[7_5]|2-64[0_5]|2-46[0_5]|2-52[0_5]|2-48[6_5]|2-62[0_5]	
2-41	272-280	Vincenzo	PER[5]	_	_	
2-42	281-285	nato	_	_	_	
2-43	286-287	/	_	_	_	
2-44	288-289	a	_	_	_	
2-45	290-292	il	_	_	_	
2-46	293-303	03/03/1940	DATE	_	_	
2-47	304-305	a	_	_	_	
2-48	306-309	San	LOC[6]	_	_	
2-49	310-316	Marino	LOC[6]	_	_	
2-50	317-326	residente	_	_	_	
2-51	327-328	a	_	_	_	
2-52	329-334	Ruoti	LOC	_	_	
2-53	335-337	in	_	_	_	
2-54	338-341	via	LOC[7]	_	_	
2-55	342-347	Delle	LOC[7]	_	_	
2-56	348-355	Marmore	LOC[7]	_	_	
2-57	356-358	n.	LOC[7]	_	_	
2-58	359-361	33	LOC[7]	_	_	
2-59	362-363	e	_	_	_	
2-60	364-372	deceduto	_	_	_	
2-61	373-375	in	_	_	_	
2-62	376-382	Milano	LOC	_	_	
2-63	383-385	il	_	_	_	
2-64	386-396	03/03/2021	DATE	_	_	
2-65	397-398	0	_	_	_	
2-66	399-402	che	_	_	_	
2-67	403-405	il	_	_	_	
2-68	406-415	trasporto	_	_	_	
2-69	416-419	può	_	_	_	
2-70	420-428	avvenire	_	_	_	
2-71	429-434	senza	_	_	_	
2-72	435-446	pregiudizio	_	_	_	
2-73	447-450	per	_	_	_	
2-74	451-453	la	_	_	_	
2-75	454-460	salute	_	_	_	
2-76	461-469	pubblica	_	_	_	
2-77	470-471	0	_	_	_	
2-78	472-475	che	_	_	_	
2-79	476-478	il	_	_	_	
2-80	479-487	cadavere	_	_	_	
2-81	488-489	è	_	_	_	
2-82	490-499	portatore	_	_	_	
2-83	500-502	di	_	_	_	
2-84	503-513	pace-maker	_	_	_	
