#FORMAT=WebAnno TSV 3.3
#T_SP=custom.Span|label
#T_RL=custom.Relation|label|BT_custom.Span


#Text=Modulo per alunni del TEMPO PIENO
1-1	0-6	Modulo	_	_	_	
1-2	7-10	per	_	_	_	
1-3	11-17	alunni	_	_	_	
1-4	18-21	del	_	_	_	
1-5	22-27	TEMPO	_	_	_	
1-6	28-33	PIENO	_	_	_	

#Text=Anno scolastico
2-1	34-38	Anno	_	_	_	
2-2	39-49	scolastico	_	_	_	

#Text=All’ Ist. Compr. “ San Giuseppe ”
3-1	50-54	All’	_	_	_	
3-2	55-59	Ist.	ENTE[1]	_	_	
3-3	60-66	Compr.	ENTE[1]	_	_	
3-4	67-68	“	ENTE[1]	_	_	
3-5	69-72	San	ENTE[1]	_	_	
3-6	73-81	Giuseppe	ENTE[1]	_	_	
3-7	82-83	”	ENTE[1]	_	_	

#Text=p.c. Al Comune di Bologna
4-1	84-88	p.c.	_	_	_	
4-2	89-91	Al	_	_	_	
4-3	92-98	Comune	ENTE[2]	_	_	
4-4	99-101	di	ENTE[2]	_	_	
4-5	102-109	Bologna	ENTE[2]	_	_	

#Text=RICHIESTA SERVIZIO MENSA SCOLASTICA
5-1	110-119	RICHIESTA	_	_	_	
5-2	120-128	SERVIZIO	_	_	_	
5-3	129-134	MENSA	_	_	_	
5-4	135-145	SCOLASTICA	_	_	_	

#Text=( da restituire alla segreteria della Scuola entro il 31/09/2016 )
6-1	146-147	(	_	_	_	
6-2	148-150	da	_	_	_	
6-3	151-161	restituire	_	_	_	
6-4	162-166	alla	_	_	_	
6-5	167-177	segreteria	_	_	_	
6-6	178-183	della	_	_	_	
6-7	184-190	Scuola	_	_	_	
6-8	191-196	entro	_	_	_	
6-9	197-199	il	_	_	_	
6-10	200-210	31/09/2016	_	_	_	
6-11	211-212	)	_	_	_	

#Text=Il / la sottoscritto / a Teresa Massaccesi nato a Bologna il 14/04/1992 , residente in Bologna , alla via Piero Calamandrei 90 telef. N : 051 935647 , CHIEDE che il / la proprio / a figlio / a Felicita Scanzi frequentante il II anno della Scuola Secondaria di Primo Grado possa usufruire del servizio mensa scolastica
7-1	213-215	Il	_	_	_	
7-2	216-217	/	_	_	_	
7-3	218-220	la	_	_	_	
7-4	221-233	sottoscritto	_	_	_	
7-5	234-235	/	_	_	_	
7-6	236-237	a	_	_	_	
7-7	238-244	Teresa	PER[3]	addressR|relative|birthLoc|addressR|tel|birthDate	7-20[4_3]|7-40[5_3]|7-11[0_3]|7-17[0_3]|7-27[0_3]|7-13[0_3]	
7-8	245-255	Massaccesi	PER[3]	_	_	
7-9	256-260	nato	_	_	_	
7-10	261-262	a	_	_	_	
7-11	263-270	Bologna	LOC	_	_	
7-12	271-273	il	_	_	_	
7-13	274-284	14/04/1992	DATE	_	_	
7-14	285-286	,	_	_	_	
7-15	287-296	residente	_	_	_	
7-16	297-299	in	_	_	_	
7-17	300-307	Bologna	LOC	_	_	
7-18	308-309	,	_	_	_	
7-19	310-314	alla	_	_	_	
7-20	315-318	via	LOC[4]	_	_	
7-21	319-324	Piero	LOC[4]	_	_	
7-22	325-336	Calamandrei	LOC[4]	_	_	
7-23	337-339	90	LOC[4]	_	_	
7-24	340-346	telef.	_	_	_	
7-25	347-348	N	_	_	_	
7-26	349-350	:	_	_	_	
7-27	351-361	051 935647	NUMBER	_	_	
7-28	362-363	,	_	_	_	
7-29	364-370	CHIEDE	_	_	_	
7-30	371-374	che	_	_	_	
7-31	375-377	il	_	_	_	
7-32	378-379	/	_	_	_	
7-33	380-382	la	_	_	_	
7-34	383-390	proprio	_	_	_	
7-35	391-392	/	_	_	_	
7-36	393-394	a	_	_	_	
7-37	395-401	figlio	ROLE	_	_	
7-38	402-403	/	_	_	_	
7-39	404-405	a	_	_	_	
7-40	406-414	Felicita	PER[5]	personalRole	7-37[0_5]	
7-41	415-421	Scanzi	PER[5]	_	_	
7-42	422-434	frequentante	_	_	_	
7-43	435-437	il	_	_	_	
7-44	438-440	II	_	_	_	
7-45	441-445	anno	_	_	_	
7-46	446-451	della	_	_	_	
7-47	452-458	Scuola	_	_	_	
7-48	459-469	Secondaria	_	_	_	
7-49	470-472	di	_	_	_	
7-50	473-478	Primo	_	_	_	
7-51	479-484	Grado	_	_	_	
7-52	485-490	possa	_	_	_	
7-53	491-500	usufruire	_	_	_	
7-54	501-504	del	_	_	_	
7-55	505-513	servizio	_	_	_	
7-56	514-519	mensa	_	_	_	
7-57	520-530	scolastica	_	_	_	

#Text=DICHIARA Sotto la propria responsabilità , di avere un ISEE ( riferito ai redditi ) pari a € 21893 di cui allega copia . SI IMPEGNA al pagamento dei buoni pasto secondo la fascia di appartenenza
8-1	531-539	DICHIARA	_	_	_	
8-2	540-545	Sotto	_	_	_	
8-3	546-548	la	_	_	_	
8-4	549-556	propria	_	_	_	
8-5	557-571	responsabilità	_	_	_	
8-6	572-573	,	_	_	_	
8-7	574-576	di	_	_	_	
8-8	577-582	avere	_	_	_	
8-9	583-585	un	_	_	_	
8-10	586-590	ISEE	_	_	_	
8-11	591-592	(	_	_	_	
8-12	593-601	riferito	_	_	_	
8-13	602-604	ai	_	_	_	
8-14	605-612	redditi	_	_	_	
8-15	613-614	)	_	_	_	
8-16	615-619	pari	_	_	_	
8-17	620-621	a	_	_	_	
8-18	622-623	€	_	_	_	
8-19	624-629	21893	_	_	_	
8-20	630-632	di	_	_	_	
8-21	633-636	cui	_	_	_	
8-22	637-643	allega	_	_	_	
8-23	644-649	copia	_	_	_	
8-24	650-651	.	_	_	_	
8-25	652-654	SI	_	_	_	
8-26	655-662	IMPEGNA	_	_	_	
8-27	663-665	al	_	_	_	
8-28	666-675	pagamento	_	_	_	
8-29	676-679	dei	_	_	_	
8-30	680-685	buoni	_	_	_	
8-31	686-691	pasto	_	_	_	
8-32	692-699	secondo	_	_	_	
8-33	700-702	la	_	_	_	
8-34	703-709	fascia	_	_	_	
8-35	710-712	di	_	_	_	
8-36	713-725	appartenenza	_	_	_	
