#FORMAT=WebAnno TSV 3.3
#T_SP=custom.Span|label
#T_RL=custom.Relation|label|BT_custom.Span


#Text=Comune di Palermo
1-1	0-6	Comune	ENTE[1]	_	_	
1-2	7-9	di	ENTE[1]	_	_	
1-3	10-17	Palermo	ENTE[1]	_	_	

#Text=Provincia di Palermo
2-1	18-27	Provincia	ENTE[2]	_	_	
2-2	28-30	di	ENTE[2]	_	_	
2-3	31-38	Palermo	ENTE[2]	_	_	

#Text=ISTANZA AL SINDACO
3-1	39-46	ISTANZA	_	_	_	
3-2	47-49	AL	_	_	_	
3-3	50-57	SINDACO	_	_	_	

#Text=Data , 23/03/2018
4-1	58-62	Data	_	_	_	
4-2	63-64	,	_	_	_	
4-3	65-75	23/03/2018	_	_	_	

#Text=Al Sindaco del Comune di Palermo
5-1	76-78	Al	_	_	_	
5-2	79-86	Sindaco	_	_	_	
5-3	87-90	del	_	_	_	
5-4	91-97	Comune	ENTE[3]	addressR|addressR	6-2[0_3]|6-5[0_3]	
5-5	98-100	di	ENTE[3]	_	_	
5-6	101-108	Palermo	ENTE[3]	_	_	

#Text=CAP 73100 , ( PA )
6-1	109-112	CAP	_	_	_	
6-2	113-118	73100	LOC	_	_	
6-3	119-120	,	_	_	_	
6-4	121-122	(	_	_	_	
6-5	123-125	PA	LOC	_	_	
6-6	126-127	)	_	_	_	

#Text=c.a. Ufficio Istanze
7-1	128-132	c.a.	_	_	_	
7-2	133-140	Ufficio	_	_	_	
7-3	141-148	Istanze	_	_	_	

#Text=Io sottoscritto / a ( cognome e nome ) Delladio Massimo nato / a a Palermo , provincia di Palermo , il 30/09/1984 e residente a Palermo prov. PA in via / piazza Municipio n. 33 , in qualità di ( specificare la carica rivestita ) delegato Codice Fiscale 1931590762 / P. IVA 1931590762 della ditta Milazzo srl Contattabile telefonicamente al seguente numero 9711652848
8-1	149-151	Io	_	_	_	
8-2	152-164	sottoscritto	_	_	_	
8-3	165-166	/	_	_	_	
8-4	167-168	a	_	_	_	
8-5	169-170	(	_	_	_	
8-6	171-178	cognome	_	_	_	
8-7	179-180	e	_	_	_	
8-8	181-185	nome	_	_	_	
8-9	186-187	)	_	_	_	
8-10	188-196	Delladio	PER[4]	addressR|birthLoc|birthLoc|addressR|birthDate|addressR|personalRole|tel	8-33[6_4]|8-16[0_4]|8-18[5_4]|8-29[0_4]|8-23[0_4]|8-27[0_4]|8-47[0_4]|8-64[0_4]	
8-11	197-204	Massimo	PER[4]	_	_	
8-12	205-209	nato	_	_	_	
8-13	210-211	/	_	_	_	
8-14	212-213	a	_	_	_	
8-15	214-215	a	_	_	_	
8-16	216-223	Palermo	LOC	_	_	
8-17	224-225	,	_	_	_	
8-18	226-235	provincia	LOC[5]	_	_	
8-19	236-238	di	LOC[5]	_	_	
8-20	239-246	Palermo	LOC[5]	_	_	
8-21	247-248	,	_	_	_	
8-22	249-251	il	_	_	_	
8-23	252-262	30/09/1984	DATE	_	_	
8-24	263-264	e	_	_	_	
8-25	265-274	residente	_	_	_	
8-26	275-276	a	_	_	_	
8-27	277-284	Palermo	LOC	_	_	
8-28	285-290	prov.	_	_	_	
8-29	291-293	PA	LOC	_	_	
8-30	294-296	in	_	_	_	
8-31	297-300	via	_	_	_	
8-32	301-302	/	_	_	_	
8-33	303-309	piazza	LOC[6]	_	_	
8-34	310-319	Municipio	LOC[6]	_	_	
8-35	320-322	n.	LOC[6]	_	_	
8-36	323-325	33	LOC[6]	_	_	
8-37	326-327	,	_	_	_	
8-38	328-330	in	_	_	_	
8-39	331-338	qualità	_	_	_	
8-40	339-341	di	_	_	_	
8-41	342-343	(	_	_	_	
8-42	344-355	specificare	_	_	_	
8-43	356-358	la	_	_	_	
8-44	359-365	carica	_	_	_	
8-45	366-375	rivestita	_	_	_	
8-46	376-377	)	_	_	_	
8-47	378-386	delegato	ROLE	_	_	
8-48	387-393	Codice	_	_	_	
8-49	394-401	Fiscale	_	_	_	
8-50	402-412	1931590762	CF	_	_	
8-51	413-414	/	_	_	_	
8-52	415-417	P.	_	_	_	
8-53	418-421	IVA	_	_	_	
8-54	422-432	1931590762	NUMBER	_	_	
8-55	433-438	della	_	_	_	
8-56	439-444	ditta	_	_	_	
8-57	445-452	Milazzo	ORG[7]	op|companyRole|cf|vat	8-10[4_7]|8-47[0_7]|8-50[0_7]|8-54[0_7]	
8-58	453-456	srl	ORG[7]	_	_	
8-59	457-469	Contattabile	_	_	_	
8-60	470-485	telefonicamente	_	_	_	
8-61	486-488	al	_	_	_	
8-62	489-497	seguente	_	_	_	
8-63	498-504	numero	_	_	_	
8-64	505-515	9711652848	NUMBER	_	_	

#Text=CHIEDE
9-1	516-522	CHIEDE	_	_	_	
