#FORMAT=WebAnno TSV 3.3
#T_SP=custom.Span|label
#T_RL=custom.Relation|label|BT_custom.Span


#Text=MALTRATTAMENTO DEGLI ANIMALI ( MODULO DI DENUNCIA )
1-1	0-14	MALTRATTAMENTO	_	_	_	
1-2	15-20	DEGLI	_	_	_	
1-3	21-28	ANIMALI	_	_	_	
1-4	29-30	(	_	_	_	
1-5	31-37	MODULO	_	_	_	
1-6	38-40	DI	_	_	_	
1-7	41-49	DENUNCIA	_	_	_	
1-8	50-51	)	_	_	_	

#Text=All’ Ill. mo Signor Sindaco del Comune di Vibo Valentia
2-1	52-56	All’	_	_	_	
2-2	57-61	Ill.	_	_	_	
2-3	62-64	mo	_	_	_	
2-4	65-71	Signor	_	_	_	
2-5	72-79	Sindaco	_	_	_	
2-6	80-83	del	_	_	_	
2-7	84-90	Comune	ENTE[1]	_	_	
2-8	91-93	di	ENTE[1]	_	_	
2-9	94-98	Vibo	ENTE[1]	_	_	
2-10	99-107	Valentia	ENTE[1]	_	_	

#Text=La / Il sottoscritta / o Livia Saragò nata / o a Reggio Calabria il 03/02/1985 Residente in Vibo Valentia Via Guido Cavalcanti 15 tel 0963 7239814 Con la presente formale denuncia desidera portare a conoscenza i fatti che qui di seguito si illustrano :
3-1	108-110	La	_	_	_	
3-2	111-112	/	_	_	_	
3-3	113-115	Il	_	_	_	
3-4	116-128	sottoscritta	_	_	_	
3-5	129-130	/	_	_	_	
3-6	131-132	o	_	_	_	
3-7	133-138	Livia	PER[2]	addressR|addressR|tel|birthDate|birthLoc	3-19[4_2]|3-22[5_2]|3-26[0_2]|3-16[0_2]|3-13[3_2]	
3-8	139-145	Saragò	PER[2]	_	_	
3-9	146-150	nata	_	_	_	
3-10	151-152	/	_	_	_	
3-11	153-154	o	_	_	_	
3-12	155-156	a	_	_	_	
3-13	157-163	Reggio	LOC[3]	_	_	
3-14	164-172	Calabria	LOC[3]	_	_	
3-15	173-175	il	_	_	_	
3-16	176-186	03/02/1985	DATE	_	_	
3-17	187-196	Residente	_	_	_	
3-18	197-199	in	_	_	_	
3-19	200-204	Vibo	LOC[4]	_	_	
3-20	205-213	Valentia	LOC[4]	_	_	
3-21	214-217	Via	_	_	_	
3-22	218-223	Guido	LOC[5]	_	_	
3-23	224-234	Cavalcanti	LOC[5]	_	_	
3-24	235-237	15	LOC[5]	_	_	
3-25	238-241	tel	_	_	_	
3-26	242-254	0963 7239814	NUMBER	_	_	
3-27	255-258	Con	_	_	_	
3-28	259-261	la	_	_	_	
3-29	262-270	presente	_	_	_	
3-30	271-278	formale	_	_	_	
3-31	279-287	denuncia	_	_	_	
3-32	288-296	desidera	_	_	_	
3-33	297-304	portare	_	_	_	
3-34	305-306	a	_	_	_	
3-35	307-317	conoscenza	_	_	_	
3-36	318-319	i	_	_	_	
3-37	320-325	fatti	_	_	_	
3-38	326-329	che	_	_	_	
3-39	330-333	qui	_	_	_	
3-40	334-336	di	_	_	_	
3-41	337-344	seguito	_	_	_	
3-42	345-347	si	_	_	_	
3-43	348-358	illustrano	_	_	_	
3-44	359-360	:	_	_	_	

#Text=Il giorno 06/08/2020 alle ore 22.15 in località Vibo Valentia Accadeva che un cane veniva ripetutamente percosso con un bastone da un gruppo di ragazzini ai fatti sopra illustrati hanno assistito i signori Livia Saragò , Franco Saragò e Lucia Apicella 08/08/2020 , Vibo Valentia Firma
4-1	361-363	Il	_	_	_	
4-2	364-370	giorno	_	_	_	
4-3	371-381	06/08/2020	_	_	_	
4-4	382-386	alle	_	_	_	
4-5	387-390	ore	_	_	_	
4-6	391-396	22.15	_	_	_	
4-7	397-399	in	_	_	_	
4-8	400-408	località	_	_	_	
4-9	409-413	Vibo	LOC[6]	_	_	
4-10	414-422	Valentia	LOC[6]	_	_	
4-11	423-431	Accadeva	_	_	_	
4-12	432-435	che	_	_	_	
4-13	436-438	un	_	_	_	
4-14	439-443	cane	_	_	_	
4-15	444-450	veniva	_	_	_	
4-16	451-464	ripetutamente	_	_	_	
4-17	465-473	percosso	_	_	_	
4-18	474-477	con	_	_	_	
4-19	478-480	un	_	_	_	
4-20	481-488	bastone	_	_	_	
4-21	489-491	da	_	_	_	
4-22	492-494	un	_	_	_	
4-23	495-501	gruppo	_	_	_	
4-24	502-504	di	_	_	_	
4-25	505-514	ragazzini	_	_	_	
4-26	515-517	ai	_	_	_	
4-27	518-523	fatti	_	_	_	
4-28	524-529	sopra	_	_	_	
4-29	530-540	illustrati	_	_	_	
4-30	541-546	hanno	_	_	_	
4-31	547-556	assistito	_	_	_	
4-32	557-558	i	_	_	_	
4-33	559-566	signori	_	_	_	
4-34	567-572	Livia	PER[7]	_	_	
4-35	573-579	Saragò	PER[7]	_	_	
4-36	580-581	,	_	_	_	
4-37	582-588	Franco	PER[8]	_	_	
4-38	589-595	Saragò	PER[8]	_	_	
4-39	596-597	e	_	_	_	
4-40	598-603	Lucia	PER[9]	_	_	
4-41	604-612	Apicella	PER[9]	_	_	
4-42	613-623	08/08/2020	_	_	_	
4-43	624-625	,	_	_	_	
4-44	626-630	Vibo	LOC[10]	_	_	
4-45	631-639	Valentia	LOC[10]	_	_	
4-46	640-645	Firma	_	_	_	
