#FORMAT=WebAnno TSV 3.3
#T_SP=custom.Span|label
#T_RL=custom.Relation|label|BT_custom.Span


#Text=Rilevato che tale situazione comporta grave pericolo per la pubblica incolumità in considerazione anche dell’ attività commerciale esercitata nello stesso lotto e la conseguente affluenza di pubblico nella medesima Riconosciuta la necessità e l’ urgenza di provvedere , ORDINA Alla società Lipari s.p.a. sita in Prato di provvedere :
1-1	0-8	Rilevato	_	_	_	
1-2	9-12	che	_	_	_	
1-3	13-17	tale	_	_	_	
1-4	18-28	situazione	_	_	_	
1-5	29-37	comporta	_	_	_	
1-6	38-43	grave	_	_	_	
1-7	44-52	pericolo	_	_	_	
1-8	53-56	per	_	_	_	
1-9	57-59	la	_	_	_	
1-10	60-68	pubblica	_	_	_	
1-11	69-79	incolumità	_	_	_	
1-12	80-82	in	_	_	_	
1-13	83-97	considerazione	_	_	_	
1-14	98-103	anche	_	_	_	
1-15	104-109	dell’	_	_	_	
1-16	110-118	attività	_	_	_	
1-17	119-130	commerciale	_	_	_	
1-18	131-141	esercitata	_	_	_	
1-19	142-147	nello	_	_	_	
1-20	148-154	stesso	_	_	_	
1-21	155-160	lotto	_	_	_	
1-22	161-162	e	_	_	_	
1-23	163-165	la	_	_	_	
1-24	166-177	conseguente	_	_	_	
1-25	178-187	affluenza	_	_	_	
1-26	188-190	di	_	_	_	
1-27	191-199	pubblico	_	_	_	
1-28	200-205	nella	_	_	_	
1-29	206-214	medesima	_	_	_	
1-30	215-227	Riconosciuta	_	_	_	
1-31	228-230	la	_	_	_	
1-32	231-240	necessità	_	_	_	
1-33	241-242	e	_	_	_	
1-34	243-245	l’	_	_	_	
1-35	246-253	urgenza	_	_	_	
1-36	254-256	di	_	_	_	
1-37	257-267	provvedere	_	_	_	
1-38	268-269	,	_	_	_	
1-39	270-276	ORDINA	_	_	_	
1-40	277-281	Alla	_	_	_	
1-41	282-289	società	_	_	_	
1-42	290-296	Lipari	ORG[1]	address	1-46[0_1]	
1-43	297-303	s.p.a.	ORG[1]	_	_	
1-44	304-308	sita	_	_	_	
1-45	309-311	in	_	_	_	
1-46	312-317	Prato	LOC	_	_	
1-47	318-320	di	_	_	_	
1-48	321-331	provvedere	_	_	_	
1-49	332-333	:	_	_	_	

#Text=• all’ immediata inibizione dell’ accesso al pubblico sul predetto sito al fine di eliminare i pericoli relativi all’ incolumità pubblica ;
2-1	334-335	•	_	_	_	
2-2	336-340	all’	_	_	_	
2-3	341-350	immediata	_	_	_	
2-4	351-361	inibizione	_	_	_	
2-5	362-367	dell’	_	_	_	
2-6	368-375	accesso	_	_	_	
2-7	376-378	al	_	_	_	
2-8	379-387	pubblico	_	_	_	
2-9	388-391	sul	_	_	_	
2-10	392-400	predetto	_	_	_	
2-11	401-405	sito	_	_	_	
2-12	406-408	al	_	_	_	
2-13	409-413	fine	_	_	_	
2-14	414-416	di	_	_	_	
2-15	417-426	eliminare	_	_	_	
2-16	427-428	i	_	_	_	
2-17	429-437	pericoli	_	_	_	
2-18	438-446	relativi	_	_	_	
2-19	447-451	all’	_	_	_	
2-20	452-462	incolumità	_	_	_	
2-21	463-471	pubblica	_	_	_	
2-22	472-473	;	_	_	_	

#Text=• alla sospensione di conferimenti ulteriori sul sito citato ;
3-1	474-475	•	_	_	_	
3-2	476-480	alla	_	_	_	
3-3	481-492	sospensione	_	_	_	
3-4	493-495	di	_	_	_	
3-5	496-508	conferimenti	_	_	_	
3-6	509-518	ulteriori	_	_	_	
3-7	519-522	sul	_	_	_	
3-8	523-527	sito	_	_	_	
3-9	528-534	citato	_	_	_	
3-10	535-536	;	_	_	_	

#Text=fino alla completa ottemperanza delle prescrizioni impartite dal Comando Provinciale dei Vigili del Fuoco .
4-1	537-541	fino	_	_	_	
4-2	542-546	alla	_	_	_	
4-3	547-555	completa	_	_	_	
4-4	556-568	ottemperanza	_	_	_	
4-5	569-574	delle	_	_	_	
4-6	575-587	prescrizioni	_	_	_	
4-7	588-597	impartite	_	_	_	
4-8	598-601	dal	_	_	_	
4-9	602-609	Comando	ENTE[2]	_	_	
4-10	610-621	Provinciale	ENTE[2]	_	_	
4-11	622-625	dei	ENTE[2]	_	_	
4-12	626-632	Vigili	ENTE[2]	_	_	
4-13	633-636	del	ENTE[2]	_	_	
4-14	637-642	Fuoco	ENTE[2]	_	_	
4-15	643-644	.	_	_	_	

#Text=Responsabile del procedimento è Cristina Maggioni in qualità di dipendente comunale al quale si potrà rivolgere per comunicare e ottenere ogni utile informazione .
5-1	645-657	Responsabile	_	_	_	
5-2	658-661	del	_	_	_	
5-3	662-674	procedimento	_	_	_	
5-4	675-676	è	_	_	_	
5-5	677-685	Cristina	PER[3]	_	_	
5-6	686-694	Maggioni	PER[3]	_	_	
5-7	695-697	in	_	_	_	
5-8	698-705	qualità	_	_	_	
5-9	706-708	di	_	_	_	
5-10	709-719	dipendente	_	_	_	
5-11	720-728	comunale	_	_	_	
5-12	729-731	al	_	_	_	
5-13	732-737	quale	_	_	_	
5-14	738-740	si	_	_	_	
5-15	741-746	potrà	_	_	_	
5-16	747-756	rivolgere	_	_	_	
5-17	757-760	per	_	_	_	
5-18	761-771	comunicare	_	_	_	
5-19	772-773	e	_	_	_	
5-20	774-782	ottenere	_	_	_	
5-21	783-787	ogni	_	_	_	
5-22	788-793	utile	_	_	_	
5-23	794-806	informazione	_	_	_	
5-24	807-808	.	_	_	_	
