#FORMAT=WebAnno TSV 3.3
#T_SP=custom.Span|label
#T_RL=custom.Relation|label|BT_custom.Span


#Text=Modello per la segnalazione / reclamo in materia di cyberbullismo ( ai sensi dell’ art. 2 , comma 2 , legge 29 maggio 2017 , n. 71 , Disposizioni a tutela dei minori per la prevenzione ed il contrasto del fenomeno del cyberbullismo )
1-1	0-7	Modello	_	_	_	
1-2	8-11	per	_	_	_	
1-3	12-14	la	_	_	_	
1-4	15-27	segnalazione	_	_	_	
1-5	28-29	/	_	_	_	
1-6	30-37	reclamo	_	_	_	
1-7	38-40	in	_	_	_	
1-8	41-48	materia	_	_	_	
1-9	49-51	di	_	_	_	
1-10	52-65	cyberbullismo	_	_	_	
1-11	66-67	(	_	_	_	
1-12	68-70	ai	_	_	_	
1-13	71-76	sensi	_	_	_	
1-14	77-82	dell’	_	_	_	
1-15	83-87	art.	LEX[1]	_	_	
1-16	88-89	2	LEX[1]	_	_	
1-17	90-91	,	LEX[1]	_	_	
1-18	92-97	comma	LEX[1]	_	_	
1-19	98-99	2	LEX[1]	_	_	
1-20	100-101	,	LEX[1]	_	_	
1-21	102-107	legge	LEX[1]	_	_	
1-22	108-110	29	LEX[1]	_	_	
1-23	111-117	maggio	LEX[1]	_	_	
1-24	118-122	2017	LEX[1]	_	_	
1-25	123-124	,	LEX[1]	_	_	
1-26	125-130	n. 71	LEX[1]	_	_	
1-27	131-132	,	_	_	_	
1-28	133-145	Disposizioni	_	_	_	
1-29	146-147	a	_	_	_	
1-30	148-154	tutela	_	_	_	
1-31	155-158	dei	_	_	_	
1-32	159-165	minori	_	_	_	
1-33	166-169	per	_	_	_	
1-34	170-172	la	_	_	_	
1-35	173-184	prevenzione	_	_	_	
1-36	185-187	ed	_	_	_	
1-37	188-190	il	_	_	_	
1-38	191-200	contrasto	_	_	_	
1-39	201-204	del	_	_	_	
1-40	205-213	fenomeno	_	_	_	
1-41	214-217	del	_	_	_	
1-42	218-231	cyberbullismo	_	_	_	
1-43	232-233	)	_	_	_	

#Text=Al Garante per la protezione dei dati personali Inviare all’ indirizzo e-mail : cyberbullismo@gpdp.it
2-1	234-236	Al	_	_	_	
2-2	237-244	Garante	_	_	_	
2-3	245-248	per	_	_	_	
2-4	249-251	la	_	_	_	
2-5	252-262	protezione	_	_	_	
2-6	263-266	dei	_	_	_	
2-7	267-271	dati	_	_	_	
2-8	272-281	personali	_	_	_	
2-9	282-289	Inviare	_	_	_	
2-10	290-294	all’	_	_	_	
2-11	295-304	indirizzo	_	_	_	
2-12	305-311	e-mail	_	_	_	
2-13	312-313	:	_	_	_	
2-14	314-335	cyberbullismo@gpdp.it	EMAIL	_	_	

#Text=Il / La sottoscritto / a Giorgio Vanni , nato / a a Gerenzano , prov. VA , il 13/07/1987 , residente a Varese , via Nuova 12 , tel. 0331 522239 , e-mail vannig@gmail.com PEC vannig@pec.it [ inserire recapiti ai quale si può essere contattati e selezionare , di seguito , l’ opzione pertinente ] , minore ultraquattordicenne , ovvero in qualità di esercente la potestà genitoriale sul minore Margherita Vanni , nata a Varese il 13/08/2013
3-1	336-338	Il	_	_	_	
3-2	339-340	/	_	_	_	
3-3	341-343	La	_	_	_	
3-4	344-356	sottoscritto	_	_	_	
3-5	357-358	/	_	_	_	
3-6	359-360	a	_	_	_	
3-7	361-368	Giorgio	PER[2]	addressR|birthDate|birthLoc|birthLoc|email|email|addressR|personalRole|tel|relative	3-26[3_2]|3-20[0_2]|3-14[0_2]|3-17[0_2]|3-36[0_2]|3-34[0_2]|3-24[0_2]|3-64[4_2]|3-31[0_2]|3-70[5_2]	
3-8	369-374	Vanni	PER[2]	_	_	
3-9	375-376	,	_	_	_	
3-10	377-381	nato	_	_	_	
3-11	382-383	/	_	_	_	
3-12	384-385	a	_	_	_	
3-13	386-387	a	_	_	_	
3-14	388-397	Gerenzano	LOC	_	_	
3-15	398-399	,	_	_	_	
3-16	400-405	prov.	_	_	_	
3-17	406-408	VA	LOC	_	_	
3-18	409-410	,	_	_	_	
3-19	411-413	il	_	_	_	
3-20	414-424	13/07/1987	DATE	_	_	
3-21	425-426	,	_	_	_	
3-22	427-436	residente	_	_	_	
3-23	437-438	a	_	_	_	
3-24	439-445	Varese	LOC	_	_	
3-25	446-447	,	_	_	_	
3-26	448-451	via	LOC[3]	_	_	
3-27	452-457	Nuova	LOC[3]	_	_	
3-28	458-460	12	LOC[3]	_	_	
3-29	461-462	,	_	_	_	
3-30	463-467	tel.	_	_	_	
3-31	468-479	0331 522239	NUMBER	_	_	
3-32	480-481	,	_	_	_	
3-33	482-488	e-mail	_	_	_	
3-34	489-505	vannig@gmail.com	EMAIL	_	_	
3-35	506-509	PEC	_	_	_	
3-36	510-523	vannig@pec.it	EMAIL	_	_	
3-37	524-525	[	_	_	_	
3-38	526-534	inserire	_	_	_	
3-39	535-543	recapiti	_	_	_	
3-40	544-546	ai	_	_	_	
3-41	547-552	quale	_	_	_	
3-42	553-555	si	_	_	_	
3-43	556-559	può	_	_	_	
3-44	560-566	essere	_	_	_	
3-45	567-577	contattati	_	_	_	
3-46	578-579	e	_	_	_	
3-47	580-591	selezionare	_	_	_	
3-48	592-593	,	_	_	_	
3-49	594-596	di	_	_	_	
3-50	597-604	seguito	_	_	_	
3-51	605-606	,	_	_	_	
3-52	607-609	l’	_	_	_	
3-53	610-617	opzione	_	_	_	
3-54	618-628	pertinente	_	_	_	
3-55	629-630	]	_	_	_	
3-56	631-632	,	_	_	_	
3-57	633-639	minore	_	_	_	
3-58	640-659	ultraquattordicenne	_	_	_	
3-59	660-661	,	_	_	_	
3-60	662-668	ovvero	_	_	_	
3-61	669-671	in	_	_	_	
3-62	672-679	qualità	_	_	_	
3-63	680-682	di	_	_	_	
3-64	683-692	esercente	ROLE[4]	_	_	
3-65	693-695	la	ROLE[4]	_	_	
3-66	696-703	potestà	ROLE[4]	_	_	
3-67	704-715	genitoriale	ROLE[4]	_	_	
3-68	716-719	sul	_	_	_	
3-69	720-726	minore	_	_	_	
3-70	727-737	Margherita	PER[5]	birthDate|birthLoc	3-77[0_5]|3-75[0_5]	
3-71	738-743	Vanni	PER[5]	_	_	
3-72	744-745	,	_	_	_	
3-73	746-750	nata	_	_	_	
3-74	751-752	a	_	_	_	
3-75	753-759	Varese	LOC	_	_	
3-76	760-762	il	_	_	_	
3-77	763-773	13/08/2013	DATE	_	_	

#Text=SEGNALA 1 .
4-1	774-781	SEGNALA	_	_	_	
4-2	782-783	1	_	_	_	
4-3	784-785	.	_	_	_	

#Text=di essere stato / a vittima ovvero che il minore sul quale esercita la potestà genitoriale è stato vittima di cyberbullismo [ eliminare la locuzione che non interessa ] .
5-1	786-788	di	_	_	_	
5-2	789-795	essere	_	_	_	
5-3	796-801	stato	_	_	_	
5-4	802-803	/	_	_	_	
5-5	804-805	a	_	_	_	
5-6	806-813	vittima	_	_	_	
5-7	814-820	ovvero	_	_	_	
5-8	821-824	che	_	_	_	
5-9	825-827	il	_	_	_	
5-10	828-834	minore	_	_	_	
5-11	835-838	sul	_	_	_	
5-12	839-844	quale	_	_	_	
5-13	845-853	esercita	_	_	_	
5-14	854-856	la	_	_	_	
5-15	857-864	potestà	_	_	_	
5-16	865-876	genitoriale	_	_	_	
5-17	877-878	è	_	_	_	
5-18	879-884	stato	_	_	_	
5-19	885-892	vittima	_	_	_	
5-20	893-895	di	_	_	_	
5-21	896-909	cyberbullismo	_	_	_	
5-22	910-911	[	_	_	_	
5-23	912-921	eliminare	_	_	_	
5-24	922-924	la	_	_	_	
5-25	925-934	locuzione	_	_	_	
5-26	935-938	che	_	_	_	
5-27	939-942	non	_	_	_	
5-28	943-952	interessa	_	_	_	
5-29	953-954	]	_	_	_	
5-30	955-956	.	_	_	_	

#Text=In particolare , i comportamenti posti in essere , realizzati per via telematica e di seguito sinteticamente descritti , consistono in [ selezionare la / e fattispecie rilevanti ] aggressione molestia furto d’ identità alterazione , acquisizione illecita , manipolazione , trattamento illecito di dati ovvero diffusione di contenuti on line aventi ad oggetto il minore ovvero uno o più componenti della famiglia del minore [ rimuovere l’ informazione non rilevante ] allo scopo intenzionale e predominante di isolare il minore o un gruppo di minori ponendo in atto un serio abuso , un attacco dannoso , o la loro messa in ridicolo .
6-1	957-959	In	_	_	_	
6-2	960-971	particolare	_	_	_	
6-3	972-973	,	_	_	_	
6-4	974-975	i	_	_	_	
6-5	976-989	comportamenti	_	_	_	
6-6	990-995	posti	_	_	_	
6-7	996-998	in	_	_	_	
6-8	999-1005	essere	_	_	_	
6-9	1006-1007	,	_	_	_	
6-10	1008-1018	realizzati	_	_	_	
6-11	1019-1022	per	_	_	_	
6-12	1023-1026	via	_	_	_	
6-13	1027-1037	telematica	_	_	_	
6-14	1038-1039	e	_	_	_	
6-15	1040-1042	di	_	_	_	
6-16	1043-1050	seguito	_	_	_	
6-17	1051-1065	sinteticamente	_	_	_	
6-18	1066-1075	descritti	_	_	_	
6-19	1076-1077	,	_	_	_	
6-20	1078-1088	consistono	_	_	_	
6-21	1089-1091	in	_	_	_	
6-22	1092-1093	[	_	_	_	
6-23	1094-1105	selezionare	_	_	_	
6-24	1106-1108	la	_	_	_	
6-25	1109-1110	/	_	_	_	
6-26	1111-1112	e	_	_	_	
6-27	1113-1124	fattispecie	_	_	_	
6-28	1125-1134	rilevanti	_	_	_	
6-29	1135-1136	]	_	_	_	
6-30	1137-1148	aggressione	_	_	_	
6-31	1149-1157	molestia	_	_	_	
6-32	1158-1163	furto	_	_	_	
6-33	1164-1166	d’	_	_	_	
6-34	1167-1175	identità	_	_	_	
6-35	1176-1187	alterazione	_	_	_	
6-36	1188-1189	,	_	_	_	
6-37	1190-1202	acquisizione	_	_	_	
6-38	1203-1211	illecita	_	_	_	
6-39	1212-1213	,	_	_	_	
6-40	1214-1227	manipolazione	_	_	_	
6-41	1228-1229	,	_	_	_	
6-42	1230-1241	trattamento	_	_	_	
6-43	1242-1250	illecito	_	_	_	
6-44	1251-1253	di	_	_	_	
6-45	1254-1258	dati	_	_	_	
6-46	1259-1265	ovvero	_	_	_	
6-47	1266-1276	diffusione	_	_	_	
6-48	1277-1279	di	_	_	_	
6-49	1280-1289	contenuti	_	_	_	
6-50	1290-1292	on	_	_	_	
6-51	1293-1297	line	_	_	_	
6-52	1298-1304	aventi	_	_	_	
6-53	1305-1307	ad	_	_	_	
6-54	1308-1315	oggetto	_	_	_	
6-55	1316-1318	il	_	_	_	
6-56	1319-1325	minore	_	_	_	
6-57	1326-1332	ovvero	_	_	_	
6-58	1333-1336	uno	_	_	_	
6-59	1337-1338	o	_	_	_	
6-60	1339-1342	più	_	_	_	
6-61	1343-1353	componenti	_	_	_	
6-62	1354-1359	della	_	_	_	
6-63	1360-1368	famiglia	_	_	_	
6-64	1369-1372	del	_	_	_	
6-65	1373-1379	minore	_	_	_	
6-66	1380-1381	[	_	_	_	
6-67	1382-1391	rimuovere	_	_	_	
6-68	1392-1394	l’	_	_	_	
6-69	1395-1407	informazione	_	_	_	
6-70	1408-1411	non	_	_	_	
6-71	1412-1421	rilevante	_	_	_	
6-72	1422-1423	]	_	_	_	
6-73	1424-1428	allo	_	_	_	
6-74	1429-1434	scopo	_	_	_	
6-75	1435-1447	intenzionale	_	_	_	
6-76	1448-1449	e	_	_	_	
6-77	1450-1462	predominante	_	_	_	
6-78	1463-1465	di	_	_	_	
6-79	1466-1473	isolare	_	_	_	
6-80	1474-1476	il	_	_	_	
6-81	1477-1483	minore	_	_	_	
6-82	1484-1485	o	_	_	_	
6-83	1486-1488	un	_	_	_	
6-84	1489-1495	gruppo	_	_	_	
6-85	1496-1498	di	_	_	_	
6-86	1499-1505	minori	_	_	_	
6-87	1506-1513	ponendo	_	_	_	
6-88	1514-1516	in	_	_	_	
6-89	1517-1521	atto	_	_	_	
6-90	1522-1524	un	_	_	_	
6-91	1525-1530	serio	_	_	_	
6-92	1531-1536	abuso	_	_	_	
6-93	1537-1538	,	_	_	_	
6-94	1539-1541	un	_	_	_	
6-95	1542-1549	attacco	_	_	_	
6-96	1550-1557	dannoso	_	_	_	
6-97	1558-1559	,	_	_	_	
6-98	1560-1561	o	_	_	_	
6-99	1562-1564	la	_	_	_	
6-100	1565-1569	loro	_	_	_	
6-101	1570-1575	messa	_	_	_	
6-102	1576-1578	in	_	_	_	
6-103	1579-1587	ridicolo	_	_	_	
6-104	1588-1589	.	_	_	_	

#Text=2 .
7-1	1590-1591	2	_	_	_	
7-2	1592-1593	.	_	_	_	

#Text=che la diffusione di contenuti lesivi dell’ interessato / a è avvenuta [ selezionare la casella pertinente ] :
8-1	1594-1597	che	_	_	_	
8-2	1598-1600	la	_	_	_	
8-3	1601-1611	diffusione	_	_	_	
8-4	1612-1614	di	_	_	_	
8-5	1615-1624	contenuti	_	_	_	
8-6	1625-1631	lesivi	_	_	_	
8-7	1632-1637	dell’	_	_	_	
8-8	1638-1649	interessato	_	_	_	
8-9	1650-1651	/	_	_	_	
8-10	1652-1653	a	_	_	_	
8-11	1654-1655	è	_	_	_	
8-12	1656-1664	avvenuta	_	_	_	
8-13	1665-1666	[	_	_	_	
8-14	1667-1678	selezionare	_	_	_	
8-15	1679-1681	la	_	_	_	
8-16	1682-1689	casella	_	_	_	
8-17	1690-1700	pertinente	_	_	_	
8-18	1701-1702	]	_	_	_	
8-19	1703-1704	:	_	_	_	

#Text=social media [ Facebook ]
9-1	1705-1711	social	_	_	_	
9-2	1712-1717	media	_	_	_	
9-3	1718-1719	[	_	_	_	
9-4	1720-1728	Facebook	_	_	_	
9-5	1729-1730	]	_	_	_	
