#FORMAT=WebAnno TSV 3.3
#T_SP=custom.Span|label
#T_RL=custom.Relation|label|BT_custom.Span


#Text=Dichiarazione anagrafica per la costituzione della convivenza di fatto tra due persone maggiorenni unite stabilmente da legami affettivi di coppia e di reciproca assistenza morale e materiale ( ai sensi dell’ art. 1 commi 36 e seguenti della legge 20 maggio 2016 , n. 76 ) All’ ufficiale d’ anagrafe del comune di Ancona
1-1	0-13	Dichiarazione	_	_	_	
1-2	14-24	anagrafica	_	_	_	
1-3	25-28	per	_	_	_	
1-4	29-31	la	_	_	_	
1-5	32-44	costituzione	_	_	_	
1-6	45-50	della	_	_	_	
1-7	51-61	convivenza	_	_	_	
1-8	62-64	di	_	_	_	
1-9	65-70	fatto	_	_	_	
1-10	71-74	tra	_	_	_	
1-11	75-78	due	_	_	_	
1-12	79-86	persone	_	_	_	
1-13	87-98	maggiorenni	_	_	_	
1-14	99-104	unite	_	_	_	
1-15	105-116	stabilmente	_	_	_	
1-16	117-119	da	_	_	_	
1-17	120-126	legami	_	_	_	
1-18	127-136	affettivi	_	_	_	
1-19	137-139	di	_	_	_	
1-20	140-146	coppia	_	_	_	
1-21	147-148	e	_	_	_	
1-22	149-151	di	_	_	_	
1-23	152-161	reciproca	_	_	_	
1-24	162-172	assistenza	_	_	_	
1-25	173-179	morale	_	_	_	
1-26	180-181	e	_	_	_	
1-27	182-191	materiale	_	_	_	
1-28	192-193	(	_	_	_	
1-29	194-196	ai	_	_	_	
1-30	197-202	sensi	_	_	_	
1-31	203-208	dell’	_	_	_	
1-32	209-213	art.	LEX[1]	_	_	
1-33	214-215	1	LEX[1]	_	_	
1-34	216-221	commi	LEX[1]	_	_	
1-35	222-224	36	LEX[1]	_	_	
1-36	225-226	e	LEX[1]	_	_	
1-37	227-235	seguenti	LEX[1]	_	_	
1-38	236-241	della	LEX[1]	_	_	
1-39	242-247	legge	LEX[1]	_	_	
1-40	248-250	20	LEX[1]	_	_	
1-41	251-257	maggio	LEX[1]	_	_	
1-42	258-262	2016	LEX[1]	_	_	
1-43	263-264	,	LEX[1]	_	_	
1-44	265-270	n. 76	LEX[1]	_	_	
1-45	271-272	)	_	_	_	
1-46	273-277	All’	_	_	_	
1-47	278-287	ufficiale	_	_	_	
1-48	288-290	d’	_	_	_	
1-49	291-299	anagrafe	_	_	_	
1-50	300-303	del	_	_	_	
1-51	304-310	comune	ENTE[2]	_	_	
1-52	311-313	di	ENTE[2]	_	_	
1-53	314-320	Ancona	ENTE[2]	_	_	

#Text=I SOTTOSCRITTI Cognome Beltrami Nome Paolo Data di nascita 8/31/92 Sesso Maschio Luogo e Stato di nascita Ancona , Italia Cittadinanza italiana Codice Fiscale BLTPLA92M31A271W Cognome Viliani Nome Laura Data di nascita 7/14/95 Sesso Femmina Luogo e Stato di nascita Ancona , Italia Cittadinanza italiana Codice Fiscale VLNLRA95L54A271M Consapevoli delle responsabilità penali per le dichiarazioni mendaci ai sensi degli art. 75 e 76 del D.P.R. n. 445/2000 Ai fini della costituzione di una convivenza di fatto ai sensi dell’ art. 1 commi 36 e seguenti della legge 20 maggio 2016 , n. 76 DICHIARANO - di essere residenti e coabitanti in questo comune alla seguente : Via / piazza Piazza A. Maggini , n. civ. 7 - di essere uniti stabilmente da un legame affettivo di coppia e di reciproca assistenza morale e materiale ; - di non essere vincolati tra loro da rapporti di parentela , affinità o adozione e da matrimonio o da unione civile tra di loro o con altre persone . Dichiarano di essere informati , tramite apposita informativa resa disponibile dall’ ente a cui è indirizzato il presente documento , ai sensi e per gli effetti degli articoli 13 e seg. del Regolamento Generale sulla Protezione dei Dati ( RGPD-UE 2016/679 ) , che i dati personali raccolti saranno trattati , anche con strumenti informatici , esclusivamente nell’ ambito del procedimento per il quale la presente istanza / dichiarazione viene resa . Firma dei dichiaranti Le comunicazioni inerenti la presente dichiarazione potranno essere inviate al seguente recapito : Telefono 071 236754 E-mail p.beltrami@gmail.com
2-1	321-322	I	_	_	_	
2-2	323-335	SOTTOSCRITTI	_	_	_	
2-3	336-343	Cognome	_	_	_	
2-4	344-352	Beltrami	PER	cf|tel|birthLoc|email|relative|name|birthDate|birthLoc|addressR	2-25|2-254|2-18|2-256|2-27|2-6|2-10|2-20|2-109[5_0]	
2-5	353-357	Nome	_	_	_	
2-6	358-363	Paolo	PER	_	_	
2-7	364-368	Data	_	_	_	
2-8	369-371	di	_	_	_	
2-9	372-379	nascita	_	_	_	
2-10	380-387	8/31/92	DATE	_	_	
2-11	388-393	Sesso	_	_	_	
2-12	394-401	Maschio	_	_	_	
2-13	402-407	Luogo	_	_	_	
2-14	408-409	e	_	_	_	
2-15	410-415	Stato	_	_	_	
2-16	416-418	di	_	_	_	
2-17	419-426	nascita	_	_	_	
2-18	427-433	Ancona	LOC	_	_	
2-19	434-435	,	_	_	_	
2-20	436-442	Italia	LOC	_	_	
2-21	443-455	Cittadinanza	_	_	_	
2-22	456-464	italiana	_	_	_	
2-23	465-471	Codice	_	_	_	
2-24	472-479	Fiscale	_	_	_	
2-25	480-496	BLTPLA92M31A271W	CF	_	_	
2-26	497-504	Cognome	_	_	_	
2-27	505-512	Viliani	PER	birthDate|cf|birthLoc|name|birthLoc|tel|addressR	2-33|2-48|2-41|2-29|2-43|2-254|2-109[5_0]	
2-28	513-517	Nome	_	_	_	
2-29	518-523	Laura	PER	_	_	
2-30	524-528	Data	_	_	_	
2-31	529-531	di	_	_	_	
2-32	532-539	nascita	_	_	_	
2-33	540-547	7/14/95	DATE	_	_	
2-34	548-553	Sesso	_	_	_	
2-35	554-561	Femmina	_	_	_	
2-36	562-567	Luogo	_	_	_	
2-37	568-569	e	_	_	_	
2-38	570-575	Stato	_	_	_	
2-39	576-578	di	_	_	_	
2-40	579-586	nascita	_	_	_	
2-41	587-593	Ancona	LOC	_	_	
2-42	594-595	,	_	_	_	
2-43	596-602	Italia	LOC	_	_	
2-44	603-615	Cittadinanza	_	_	_	
2-45	616-624	italiana	_	_	_	
2-46	625-631	Codice	_	_	_	
2-47	632-639	Fiscale	_	_	_	
2-48	640-656	VLNLRA95L54A271M	CF	_	_	
2-49	657-668	Consapevoli	_	_	_	
2-50	669-674	delle	_	_	_	
2-51	675-689	responsabilità	_	_	_	
2-52	690-696	penali	_	_	_	
2-53	697-700	per	_	_	_	
2-54	701-703	le	_	_	_	
2-55	704-717	dichiarazioni	_	_	_	
2-56	718-725	mendaci	_	_	_	
2-57	726-728	ai	_	_	_	
2-58	729-734	sensi	_	_	_	
2-59	735-740	degli	_	_	_	
2-60	741-745	art.	LEX[3]	_	_	
2-61	746-748	75	LEX[3]	_	_	
2-62	749-750	e	LEX[3]	_	_	
2-63	751-753	76	LEX[3]	_	_	
2-64	754-757	del	LEX[3]	_	_	
2-65	758-764	D.P.R.	LEX[3]	_	_	
2-66	765-767	n.	LEX[3]	_	_	
2-67	768-776	445/2000	LEX[3]	_	_	
2-68	777-779	Ai	_	_	_	
2-69	780-784	fini	_	_	_	
2-70	785-790	della	_	_	_	
2-71	791-803	costituzione	_	_	_	
2-72	804-806	di	_	_	_	
2-73	807-810	una	_	_	_	
2-74	811-821	convivenza	_	_	_	
2-75	822-824	di	_	_	_	
2-76	825-830	fatto	_	_	_	
2-77	831-833	ai	_	_	_	
2-78	834-839	sensi	_	_	_	
2-79	840-845	dell’	_	_	_	
2-80	846-850	art.	LEX[4]	_	_	
2-81	851-852	1	LEX[4]	_	_	
2-82	853-858	commi	LEX[4]	_	_	
2-83	859-861	36	LEX[4]	_	_	
2-84	862-863	e	LEX[4]	_	_	
2-85	864-872	seguenti	LEX[4]	_	_	
2-86	873-878	della	LEX[4]	_	_	
2-87	879-884	legge	LEX[4]	_	_	
2-88	885-887	20	LEX[4]	_	_	
2-89	888-894	maggio	LEX[4]	_	_	
2-90	895-899	2016	LEX[4]	_	_	
2-91	900-901	,	LEX[4]	_	_	
2-92	902-907	n. 76	LEX[4]	_	_	
2-93	908-918	DICHIARANO	_	_	_	
2-94	919-920	-	_	_	_	
2-95	921-923	di	_	_	_	
2-96	924-930	essere	_	_	_	
2-97	931-940	residenti	_	_	_	
2-98	941-942	e	_	_	_	
2-99	943-953	coabitanti	_	_	_	
2-100	954-956	in	_	_	_	
2-101	957-963	questo	_	_	_	
2-102	964-970	comune	_	_	_	
2-103	971-975	alla	_	_	_	
2-104	976-984	seguente	_	_	_	
2-105	985-986	:	_	_	_	
2-106	987-990	Via	_	_	_	
2-107	991-992	/	_	_	_	
2-108	993-999	piazza	_	_	_	
2-109	1000-1006	Piazza	LOC[5]	_	_	
2-110	1007-1009	A.	LOC[5]	_	_	
2-111	1010-1017	Maggini	LOC[5]	_	_	
2-112	1018-1019	,	LOC[5]	_	_	
2-113	1020-1022	n.	LOC[5]	_	_	
2-114	1023-1027	civ.	LOC[5]	_	_	
2-115	1028-1029	7	LOC[5]	_	_	
2-116	1030-1031	-	_	_	_	
2-117	1032-1034	di	_	_	_	
2-118	1035-1041	essere	_	_	_	
2-119	1042-1047	uniti	_	_	_	
2-120	1048-1059	stabilmente	_	_	_	
2-121	1060-1062	da	_	_	_	
2-122	1063-1065	un	_	_	_	
2-123	1066-1072	legame	_	_	_	
2-124	1073-1082	affettivo	_	_	_	
2-125	1083-1085	di	_	_	_	
2-126	1086-1092	coppia	_	_	_	
2-127	1093-1094	e	_	_	_	
2-128	1095-1097	di	_	_	_	
2-129	1098-1107	reciproca	_	_	_	
2-130	1108-1118	assistenza	_	_	_	
2-131	1119-1125	morale	_	_	_	
2-132	1126-1127	e	_	_	_	
2-133	1128-1137	materiale	_	_	_	
2-134	1138-1139	;	_	_	_	
2-135	1140-1141	-	_	_	_	
2-136	1142-1144	di	_	_	_	
2-137	1145-1148	non	_	_	_	
2-138	1149-1155	essere	_	_	_	
2-139	1156-1165	vincolati	_	_	_	
2-140	1166-1169	tra	_	_	_	
2-141	1170-1174	loro	_	_	_	
2-142	1175-1177	da	_	_	_	
2-143	1178-1186	rapporti	_	_	_	
2-144	1187-1189	di	_	_	_	
2-145	1190-1199	parentela	_	_	_	
2-146	1200-1201	,	_	_	_	
2-147	1202-1210	affinità	_	_	_	
2-148	1211-1212	o	_	_	_	
2-149	1213-1221	adozione	_	_	_	
2-150	1222-1223	e	_	_	_	
2-151	1224-1226	da	_	_	_	
2-152	1227-1237	matrimonio	_	_	_	
2-153	1238-1239	o	_	_	_	
2-154	1240-1242	da	_	_	_	
2-155	1243-1249	unione	_	_	_	
2-156	1250-1256	civile	_	_	_	
2-157	1257-1260	tra	_	_	_	
2-158	1261-1263	di	_	_	_	
2-159	1264-1268	loro	_	_	_	
2-160	1269-1270	o	_	_	_	
2-161	1271-1274	con	_	_	_	
2-162	1275-1280	altre	_	_	_	
2-163	1281-1288	persone	_	_	_	
2-164	1289-1290	.	_	_	_	
2-165	1291-1301	Dichiarano	_	_	_	
2-166	1302-1304	di	_	_	_	
2-167	1305-1311	essere	_	_	_	
2-168	1312-1321	informati	_	_	_	
2-169	1322-1323	,	_	_	_	
2-170	1324-1331	tramite	_	_	_	
2-171	1332-1340	apposita	_	_	_	
2-172	1341-1352	informativa	_	_	_	
2-173	1353-1357	resa	_	_	_	
2-174	1358-1369	disponibile	_	_	_	
2-175	1370-1375	dall’	_	_	_	
2-176	1376-1380	ente	_	_	_	
2-177	1381-1382	a	_	_	_	
2-178	1383-1386	cui	_	_	_	
2-179	1387-1388	è	_	_	_	
2-180	1389-1400	indirizzato	_	_	_	
2-181	1401-1403	il	_	_	_	
2-182	1404-1412	presente	_	_	_	
2-183	1413-1422	documento	_	_	_	
2-184	1423-1424	,	_	_	_	
2-185	1425-1427	ai	_	_	_	
2-186	1428-1433	sensi	_	_	_	
2-187	1434-1435	e	_	_	_	
2-188	1436-1439	per	_	_	_	
2-189	1440-1443	gli	_	_	_	
2-190	1444-1451	effetti	_	_	_	
2-191	1452-1457	degli	_	_	_	
2-192	1458-1466	articoli	LEX[6]	_	_	
2-193	1467-1469	13	LEX[6]	_	_	
2-194	1470-1471	e	LEX[6]	_	_	
2-195	1472-1476	seg.	LEX[6]	_	_	
2-196	1477-1480	del	LEX[6]	_	_	
2-197	1481-1492	Regolamento	LEX[6]	_	_	
2-198	1493-1501	Generale	LEX[6]	_	_	
2-199	1502-1507	sulla	LEX[6]	_	_	
2-200	1508-1518	Protezione	LEX[6]	_	_	
2-201	1519-1522	dei	LEX[6]	_	_	
2-202	1523-1527	Dati	LEX[6]	_	_	
2-203	1528-1529	(	LEX[6]	_	_	
2-204	1530-1537	RGPD-UE	LEX[6]	_	_	
2-205	1538-1546	2016/679	LEX[6]	_	_	
2-206	1547-1548	)	LEX[6]	_	_	
2-207	1549-1550	,	_	_	_	
2-208	1551-1554	che	_	_	_	
2-209	1555-1556	i	_	_	_	
2-210	1557-1561	dati	_	_	_	
2-211	1562-1571	personali	_	_	_	
2-212	1572-1580	raccolti	_	_	_	
2-213	1581-1588	saranno	_	_	_	
2-214	1589-1597	trattati	_	_	_	
2-215	1598-1599	,	_	_	_	
2-216	1600-1605	anche	_	_	_	
2-217	1606-1609	con	_	_	_	
2-218	1610-1619	strumenti	_	_	_	
2-219	1620-1631	informatici	_	_	_	
2-220	1632-1633	,	_	_	_	
2-221	1634-1648	esclusivamente	_	_	_	
2-222	1649-1654	nell’	_	_	_	
2-223	1655-1661	ambito	_	_	_	
2-224	1662-1665	del	_	_	_	
2-225	1666-1678	procedimento	_	_	_	
2-226	1679-1682	per	_	_	_	
2-227	1683-1685	il	_	_	_	
2-228	1686-1691	quale	_	_	_	
2-229	1692-1694	la	_	_	_	
2-230	1695-1703	presente	_	_	_	
2-231	1704-1711	istanza	_	_	_	
2-232	1712-1713	/	_	_	_	
2-233	1714-1727	dichiarazione	_	_	_	
2-234	1728-1733	viene	_	_	_	
2-235	1734-1738	resa	_	_	_	
2-236	1739-1740	.	_	_	_	
2-237	1741-1746	Firma	_	_	_	
2-238	1747-1750	dei	_	_	_	
2-239	1751-1762	dichiaranti	_	_	_	
2-240	1763-1765	Le	_	_	_	
2-241	1766-1779	comunicazioni	_	_	_	
2-242	1780-1788	inerenti	_	_	_	
2-243	1789-1791	la	_	_	_	
2-244	1792-1800	presente	_	_	_	
2-245	1801-1814	dichiarazione	_	_	_	
2-246	1815-1823	potranno	_	_	_	
2-247	1824-1830	essere	_	_	_	
2-248	1831-1838	inviate	_	_	_	
2-249	1839-1841	al	_	_	_	
2-250	1842-1850	seguente	_	_	_	
2-251	1851-1859	recapito	_	_	_	
2-252	1860-1861	:	_	_	_	
2-253	1862-1870	Telefono	_	_	_	
2-254	1871-1881	071 236754	NUMBER	_	_	
2-255	1882-1888	E-mail	_	_	_	
2-256	1889-1909	p.beltrami@gmail.com	EMAIL	_	_	
