#FORMAT=WebAnno TSV 3.3
#T_SP=custom.Span|label
#T_RL=custom.Relation|label|BT_custom.Span


#Text=PREVENTIVO ECONOMICO Al Comune di Como Ufficio Appalti
1-1	0-10	PREVENTIVO	_	_	_	
1-2	11-20	ECONOMICO	_	_	_	
1-3	21-23	Al	_	_	_	
1-4	24-30	Comune	ENTE[1]	_	_	
1-5	31-33	di	ENTE[1]	_	_	
1-6	34-38	Como	ENTE[1]	_	_	
1-7	39-46	Ufficio	_	_	_	
1-8	47-54	Appalti	_	_	_	

#Text=OGGETTO : Preventivo per l’ Appalto mediante procedura della fornitura di beni immobiliari ( oppure ) dell’ esecuzione del servizio di immobili ai sensi dell’ art. 12 , del D. Lgs. n. 50/2016 , con importo complessivo pari a € 250.00.00 ( IVA esclusa ) .
2-1	55-62	OGGETTO	_	_	_	
2-2	63-64	:	_	_	_	
2-3	65-75	Preventivo	_	_	_	
2-4	76-79	per	_	_	_	
2-5	80-82	l’	_	_	_	
2-6	83-90	Appalto	_	_	_	
2-7	91-99	mediante	_	_	_	
2-8	100-109	procedura	_	_	_	
2-9	110-115	della	_	_	_	
2-10	116-125	fornitura	_	_	_	
2-11	126-128	di	_	_	_	
2-12	129-133	beni	_	_	_	
2-13	134-145	immobiliari	_	_	_	
2-14	146-147	(	_	_	_	
2-15	148-154	oppure	_	_	_	
2-16	155-156	)	_	_	_	
2-17	157-162	dell’	_	_	_	
2-18	163-173	esecuzione	_	_	_	
2-19	174-177	del	_	_	_	
2-20	178-186	servizio	_	_	_	
2-21	187-189	di	_	_	_	
2-22	190-198	immobili	_	_	_	
2-23	199-201	ai	_	_	_	
2-24	202-207	sensi	_	_	_	
2-25	208-213	dell’	_	_	_	
2-26	214-218	art.	LEX[2]	_	_	
2-27	219-221	12	LEX[2]	_	_	
2-28	222-223	,	LEX[2]	_	_	
2-29	224-227	del	LEX[2]	_	_	
2-30	228-235	D. Lgs.	LEX[2]	_	_	
2-31	236-238	n.	LEX[2]	_	_	
2-32	239-246	50/2016	LEX[2]	_	_	
2-33	247-248	,	_	_	_	
2-34	249-252	con	_	_	_	
2-35	253-260	importo	_	_	_	
2-36	261-272	complessivo	_	_	_	
2-37	273-277	pari	_	_	_	
2-38	278-279	a	_	_	_	
2-39	280-281	€	_	_	_	
2-40	282-291	250.00.00	_	_	_	
2-41	292-293	(	_	_	_	
2-42	294-297	IVA	_	_	_	
2-43	298-305	esclusa	_	_	_	
2-44	306-307	)	_	_	_	
2-45	308-309	.	_	_	_	

#Text=( eventuali ) Codice CIG : SDOLTY97435 CUP : 3214954DFTRZGJ
3-1	310-311	(	_	_	_	
3-2	312-321	eventuali	_	_	_	
3-3	322-323	)	_	_	_	
3-4	324-330	Codice	_	_	_	
3-5	331-334	CIG	_	_	_	
3-6	335-336	:	_	_	_	
3-7	337-348	SDOLTY97435	NUMBER	_	_	
3-8	349-352	CUP	_	_	_	
3-9	353-354	:	_	_	_	
3-10	355-369	3214954DFTRZGJ	NUMBER	_	_	

#Text=Il sottoscritto Franco Lazzeri nato il 11/06/54 a Como residente nel Comune di Como ( CO ) Stato Italia , Viale Francesco Crispi n. 20 in qualità di amministratore delegato della Ditta Crispi a.r.l. avente sede legale in Como nel Comune di Como ( CO ) Viale Francesco Crispi n. 13 e-mail info@crispiarl.org – PEC : crispiarl@pec.it telefono n. 031 346789 Codice Fiscale 1544248889 Partita IVA n. 3982546784 per l’ esecuzione della prestazione in appalto presenta il seguente preventivo :
4-1	370-372	Il	_	_	_	
4-2	373-385	sottoscritto	_	_	_	
4-3	386-392	Franco	PER[3]	personalRole|addressR|birthLoc|addressR|addressR|birthDate|addressR	4-28[6_3]|4-21[5_3]|4-9[0_3]|4-16[0_3]|4-12[4_3]|4-7[0_3]|4-19[0_3]	
4-4	393-400	Lazzeri	PER[3]	_	_	
4-5	401-405	nato	_	_	_	
4-6	406-408	il	_	_	_	
4-7	409-417	11/06/54	DATE	_	_	
4-8	418-419	a	_	_	_	
4-9	420-424	Como	LOC	_	_	
4-10	425-434	residente	_	_	_	
4-11	435-438	nel	_	_	_	
4-12	439-445	Comune	LOC[4]	_	_	
4-13	446-448	di	LOC[4]	_	_	
4-14	449-453	Como	LOC[4]	_	_	
4-15	454-455	(	_	_	_	
4-16	456-458	CO	LOC	_	_	
4-17	459-460	)	_	_	_	
4-18	461-466	Stato	_	_	_	
4-19	467-473	Italia	LOC	_	_	
4-20	474-475	,	_	_	_	
4-21	476-481	Viale	LOC[5]	_	_	
4-22	482-491	Francesco	LOC[5]	_	_	
4-23	492-498	Crispi	LOC[5]	_	_	
4-24	499-504	n. 20	LOC[5]	_	_	
4-25	505-507	in	_	_	_	
4-26	508-515	qualità	_	_	_	
4-27	516-518	di	_	_	_	
4-28	519-533	amministratore	ROLE[6]	_	_	
4-29	534-542	delegato	ROLE[6]	_	_	
4-30	543-548	della	_	_	_	
4-31	549-554	Ditta	_	_	_	
4-32	555-561	Crispi	ORG[7]	op|addressR|vat|addressR|addressR|email|companyRole|address|cf|email|tel	4-3[3_7]|4-46[9_7]|4-65[0_7]|4-40[8_7]|4-38[0_7]|4-51[0_7]|4-28[6_7]|4-44[0_7]|4-61[0_7]|4-55[0_7]|4-58[0_7]	
4-33	562-568	a.r.l.	ORG[7]	_	_	
4-34	569-575	avente	_	_	_	
4-35	576-580	sede	_	_	_	
4-36	581-587	legale	_	_	_	
4-37	588-590	in	_	_	_	
4-38	591-595	Como	LOC	_	_	
4-39	596-599	nel	_	_	_	
4-40	600-606	Comune	LOC[8]	_	_	
4-41	607-609	di	LOC[8]	_	_	
4-42	610-614	Como	LOC[8]	_	_	
4-43	615-616	(	_	_	_	
4-44	617-619	CO	LOC	_	_	
4-45	620-621	)	_	_	_	
4-46	622-627	Viale	LOC[9]	_	_	
4-47	628-637	Francesco	LOC[9]	_	_	
4-48	638-644	Crispi	LOC[9]	_	_	
4-49	645-650	n. 13	LOC[9]	_	_	
4-50	651-657	e-mail	_	_	_	
4-51	658-676	info@crispiarl.org	EMAIL	_	_	
4-52	677-678	–	_	_	_	
4-53	679-682	PEC	_	_	_	
4-54	683-684	:	_	_	_	
4-55	685-701	crispiarl@pec.it	EMAIL	_	_	
4-56	702-710	telefono	_	_	_	
4-57	711-713	n.	_	_	_	
4-58	714-724	031 346789	NUMBER	_	_	
4-59	725-731	Codice	_	_	_	
4-60	732-739	Fiscale	_	_	_	
4-61	740-750	1544248889	CF	_	_	
4-62	751-758	Partita	_	_	_	
4-63	759-762	IVA	_	_	_	
4-64	763-765	n.	_	_	_	
4-65	766-776	3982546784	NUMBER	_	_	
4-66	777-780	per	_	_	_	
4-67	781-783	l’	_	_	_	
4-68	784-794	esecuzione	_	_	_	
4-69	795-800	della	_	_	_	
4-70	801-812	prestazione	_	_	_	
4-71	813-815	in	_	_	_	
4-72	816-823	appalto	_	_	_	
4-73	824-832	presenta	_	_	_	
4-74	833-835	il	_	_	_	
4-75	836-844	seguente	_	_	_	
4-76	845-855	preventivo	_	_	_	
4-77	856-857	:	_	_	_	

#Text=importo pari a € 23000 ( euro ventitremila ) ( oppure ) ribasso unico percentuale nella misura del 25 % ( venticinque virgola zero per cento ) , da applicare all’ importo dell’ appalto posto a base di affidamento ( IVA e oneri di sicurezza da interferenze esclusi ) .
5-1	858-865	importo	_	_	_	
5-2	866-870	pari	_	_	_	
5-3	871-872	a	_	_	_	
5-4	873-874	€	_	_	_	
5-5	875-880	23000	_	_	_	
5-6	881-882	(	_	_	_	
5-7	883-887	euro	_	_	_	
5-8	888-900	ventitremila	_	_	_	
5-9	901-902	)	_	_	_	
5-10	903-904	(	_	_	_	
5-11	905-911	oppure	_	_	_	
5-12	912-913	)	_	_	_	
5-13	914-921	ribasso	_	_	_	
5-14	922-927	unico	_	_	_	
5-15	928-939	percentuale	_	_	_	
5-16	940-945	nella	_	_	_	
5-17	946-952	misura	_	_	_	
5-18	953-956	del	_	_	_	
5-19	957-959	25	_	_	_	
5-20	960-961	%	_	_	_	
5-21	962-963	(	_	_	_	
5-22	964-975	venticinque	_	_	_	
5-23	976-983	virgola	_	_	_	
5-24	984-988	zero	_	_	_	
5-25	989-992	per	_	_	_	
5-26	993-998	cento	_	_	_	
5-27	999-1000	)	_	_	_	
5-28	1001-1002	,	_	_	_	
5-29	1003-1005	da	_	_	_	
5-30	1006-1015	applicare	_	_	_	
5-31	1016-1020	all’	_	_	_	
5-32	1021-1028	importo	_	_	_	
5-33	1029-1034	dell’	_	_	_	
5-34	1035-1042	appalto	_	_	_	
5-35	1043-1048	posto	_	_	_	
5-36	1049-1050	a	_	_	_	
5-37	1051-1055	base	_	_	_	
5-38	1056-1058	di	_	_	_	
5-39	1059-1070	affidamento	_	_	_	
5-40	1071-1072	(	_	_	_	
5-41	1073-1076	IVA	_	_	_	
5-42	1077-1078	e	_	_	_	
5-43	1079-1084	oneri	_	_	_	
5-44	1085-1087	di	_	_	_	
5-45	1088-1097	sicurezza	_	_	_	
5-46	1098-1100	da	_	_	_	
5-47	1101-1113	interferenze	_	_	_	
5-48	1114-1121	esclusi	_	_	_	
5-49	1122-1123	)	_	_	_	
5-50	1124-1125	.	_	_	_	

#Text=In particolare , il suindicato prezzo offerto non comprende l’ importo di € 3500 ( euro tremilacinquecento ) relativo agli oneri di sicurezza da interferenze di cui all’ Allegato XV , punto 4 , sottopunto 4.01.04 , del D. Lgs. n. 81/2008 ( il quale non è soggetto a ribasso ) .
6-1	1126-1128	In	_	_	_	
6-2	1129-1140	particolare	_	_	_	
6-3	1141-1142	,	_	_	_	
6-4	1143-1145	il	_	_	_	
6-5	1146-1156	suindicato	_	_	_	
6-6	1157-1163	prezzo	_	_	_	
6-7	1164-1171	offerto	_	_	_	
6-8	1172-1175	non	_	_	_	
6-9	1176-1185	comprende	_	_	_	
6-10	1186-1188	l’	_	_	_	
6-11	1189-1196	importo	_	_	_	
6-12	1197-1199	di	_	_	_	
6-13	1200-1201	€	_	_	_	
6-14	1202-1206	3500	_	_	_	
6-15	1207-1208	(	_	_	_	
6-16	1209-1213	euro	_	_	_	
6-17	1214-1232	tremilacinquecento	_	_	_	
6-18	1233-1234	)	_	_	_	
6-19	1235-1243	relativo	_	_	_	
6-20	1244-1248	agli	_	_	_	
6-21	1249-1254	oneri	_	_	_	
6-22	1255-1257	di	_	_	_	
6-23	1258-1267	sicurezza	_	_	_	
6-24	1268-1270	da	_	_	_	
6-25	1271-1283	interferenze	_	_	_	
6-26	1284-1286	di	_	_	_	
6-27	1287-1290	cui	_	_	_	
6-28	1291-1295	all’	_	_	_	
6-29	1296-1304	Allegato	_	_	_	
6-30	1305-1307	XV	_	_	_	
6-31	1308-1309	,	_	_	_	
6-32	1310-1315	punto	_	_	_	
6-33	1316-1317	4	_	_	_	
6-34	1318-1319	,	_	_	_	
6-35	1320-1330	sottopunto	_	_	_	
6-36	1331-1338	4.01.04	_	_	_	
6-37	1339-1340	,	_	_	_	
6-38	1341-1344	del	_	_	_	
6-39	1345-1352	D. Lgs.	LEX[10]	_	_	
6-40	1353-1355	n.	LEX[10]	_	_	
6-41	1356-1363	81/2008	LEX[10]	_	_	
6-42	1364-1365	(	_	_	_	
6-43	1366-1368	il	_	_	_	
6-44	1369-1374	quale	_	_	_	
6-45	1375-1378	non	_	_	_	
6-46	1379-1380	è	_	_	_	
6-47	1381-1389	soggetto	_	_	_	
6-48	1390-1391	a	_	_	_	
6-49	1392-1399	ribasso	_	_	_	
6-50	1400-1401	)	_	_	_	
6-51	1402-1403	.	_	_	_	
