#FORMAT=WebAnno TSV 3.3
#T_SP=custom.Span|label
#T_RL=custom.Relation|label|BT_custom.Span


#Text=Comune di Bergamo Provincia di Bergamo Marca da bollo [16]
1-1	0-6	Comune	ENTE[1]	_	_	
1-2	7-9	di	ENTE[1]	_	_	
1-3	10-17	Bergamo	ENTE[1]	_	_	
1-4	18-27	Provincia	ENTE[2]	_	_	
1-5	28-30	di	ENTE[2]	_	_	
1-6	31-38	Bergamo	ENTE[2]	_	_	
1-7	39-44	Marca	_	_	_	
1-8	45-47	da	_	_	_	
1-9	48-53	bollo	_	_	_	
1-10	54-58	[16]	_	_	_	

#Text=Richiesta rilascio autorizzazione per lo svolgimento di manifestazioni temporanee - spettacoli – trattenimenti - oltre le 200 persone –
2-1	59-68	Richiesta	_	_	_	
2-2	69-77	rilascio	_	_	_	
2-3	78-92	autorizzazione	_	_	_	
2-4	93-96	per	_	_	_	
2-5	97-99	lo	_	_	_	
2-6	100-111	svolgimento	_	_	_	
2-7	112-114	di	_	_	_	
2-8	115-129	manifestazioni	_	_	_	
2-9	130-140	temporanee	_	_	_	
2-10	141-142	-	_	_	_	
2-11	143-153	spettacoli	_	_	_	
2-12	154-155	–	_	_	_	
2-13	156-169	trattenimenti	_	_	_	
2-14	170-171	-	_	_	_	
2-15	172-177	oltre	_	_	_	
2-16	178-180	le	_	_	_	
2-17	181-184	200	_	_	_	
2-18	185-192	persone	_	_	_	
2-19	193-194	–	_	_	_	

#Text=Il / la Sottoscritto / a Federico Monti , cittadinanza italiana nato a Bergamo , il 13/04/73 C.F. MNTFRC73D13A794A , residente a Bergamo In via Faentina 23 Domiciliato presso Bergamo comune Bergamo Via faentina n. 23 Cap 24121 Tel. 035 763222 mail fmonti@gmail.com Legale Rappresentante Denominazione Impresa Monti & co s.p.a. Comune Bergamo Prov BG Cap 24121 Via Gaetano Salvemini N° 112 Codice Fiscale 9873462111 P. IVA 23874333312 Telefono 035 520000 Cellulare +39 349 6509888 E-mail info@montispa.org ( Visti gli artt. 68 , 69 E 80 del T.U.L.P.S. n. 773/31 ) CHIEDE l' autorizzazione allo svolgimento della manifestazione temporanea denominata :
3-1	195-197	Il	_	_	_	
3-2	198-199	/	_	_	_	
3-3	200-202	la	_	_	_	
3-4	203-215	Sottoscritto	_	_	_	
3-5	216-217	/	_	_	_	
3-6	218-219	a	_	_	_	
3-7	220-228	Federico	PER[3]	addressR|addressR|addressR|addressR|tel|birthLoc|personalRole|cf|email|birthDate|addressR|addressR	3-32[0_3]|3-37[0_3]|3-25[4_3]|3-33[5_3]|3-39[0_3]|3-14[0_3]|3-42[6_3]|3-19[0_3]|3-41[0_3]|3-17[0_3]|3-30[0_3]|3-23[0_3]	
3-8	229-234	Monti	PER[3]	_	_	
3-9	235-236	,	_	_	_	
3-10	237-249	cittadinanza	_	_	_	
3-11	250-258	italiana	_	_	_	
3-12	259-263	nato	_	_	_	
3-13	264-265	a	_	_	_	
3-14	266-273	Bergamo	LOC	_	_	
3-15	274-275	,	_	_	_	
3-16	276-278	il	_	_	_	
3-17	279-287	13/04/73	DATE	_	_	
3-18	288-292	C.F.	_	_	_	
3-19	293-309	MNTFRC73D13A794A	CF	_	_	
3-20	310-311	,	_	_	_	
3-21	312-321	residente	_	_	_	
3-22	322-323	a	_	_	_	
3-23	324-331	Bergamo	LOC	_	_	
3-24	332-334	In	_	_	_	
3-25	335-338	via	LOC[4]	_	_	
3-26	339-347	Faentina	LOC[4]	_	_	
3-27	348-350	23	LOC[4]	_	_	
3-28	351-362	Domiciliato	_	_	_	
3-29	363-369	presso	_	_	_	
3-30	370-377	Bergamo	LOC	_	_	
3-31	378-384	comune	_	_	_	
3-32	385-392	Bergamo	LOC	_	_	
3-33	393-396	Via	LOC[5]	_	_	
3-34	397-405	faentina	LOC[5]	_	_	
3-35	406-411	n. 23	LOC[5]	_	_	
3-36	412-415	Cap	_	_	_	
3-37	416-421	24121	LOC	_	_	
3-38	422-426	Tel.	_	_	_	
3-39	427-437	035 763222	NUMBER	_	_	
3-40	438-442	mail	_	_	_	
3-41	443-459	fmonti@gmail.com	EMAIL	_	_	
3-42	460-466	Legale	ROLE[6]	_	_	
3-43	467-481	Rappresentante	ROLE[6]	_	_	
3-44	482-495	Denominazione	_	_	_	
3-45	496-503	Impresa	_	_	_	
3-46	504-509	Monti	ORG[7]	op|addressR|addressR|email|companyRole|tel|addressR|cf|addressR|tel|vat	3-7[3_7]|3-55[0_7]|3-56[8_7]|3-70[0_7]|3-42[6_7]|3-66[0_7]|3-53[0_7]|3-62[0_7]|3-51[0_7]|3-68[0_7]|3-64[0_7]	
3-47	510-511	&	ORG[7]	_	_	
3-48	512-514	co	ORG[7]	_	_	
3-49	515-521	s.p.a.	ORG[7]	_	_	
3-50	522-528	Comune	_	_	_	
3-51	529-536	Bergamo	LOC	_	_	
3-52	537-541	Prov	_	_	_	
3-53	542-544	BG	LOC	_	_	
3-54	545-548	Cap	_	_	_	
3-55	549-554	24121	LOC	_	_	
3-56	555-558	Via	LOC[8]	_	_	
3-57	559-566	Gaetano	LOC[8]	_	_	
3-58	567-576	Salvemini	LOC[8]	_	_	
3-59	577-583	N° 112	LOC[8]	_	_	
3-60	584-590	Codice	_	_	_	
3-61	591-598	Fiscale	_	_	_	
3-62	599-609	9873462111	CF	_	_	
3-63	610-616	P. IVA	_	_	_	
3-64	617-628	23874333312	NUMBER	_	_	
3-65	629-637	Telefono	_	_	_	
3-66	638-648	035 520000	NUMBER	_	_	
3-67	649-658	Cellulare	_	_	_	
3-68	659-674	+39 349 6509888	NUMBER	_	_	
3-69	675-681	E-mail	_	_	_	
3-70	682-699	info@montispa.org	EMAIL	_	_	
3-71	700-701	(	_	_	_	
3-72	702-707	Visti	_	_	_	
3-73	708-711	gli	_	_	_	
3-74	712-717	artt.	LEX[9]	_	_	
3-75	718-720	68	LEX[9]	_	_	
3-76	721-722	,	LEX[9]	_	_	
3-77	723-725	69	LEX[9]	_	_	
3-78	726-727	E	LEX[9]	_	_	
3-79	728-730	80	LEX[9]	_	_	
3-80	731-734	del	LEX[9]	_	_	
3-81	735-745	T.U.L.P.S.	LEX[9]	_	_	
3-82	746-748	n.	LEX[9]	_	_	
3-83	749-755	773/31	LEX[9]	_	_	
3-84	756-757	)	_	_	_	
3-85	758-764	CHIEDE	_	_	_	
3-86	765-767	l'	_	_	_	
3-87	768-782	autorizzazione	_	_	_	
3-88	783-787	allo	_	_	_	
3-89	788-799	svolgimento	_	_	_	
3-90	800-805	della	_	_	_	
3-91	806-820	manifestazione	_	_	_	
3-92	821-831	temporanea	_	_	_	
3-93	832-842	denominata	_	_	_	
3-94	843-844	:	_	_	_	

#Text=Corrilacittà A tal fine dichiara di aver compilato le seguenti sezioni del presente modulo : ?
4-1	845-857	Corrilacittà	_	_	_	
4-2	858-859	A	_	_	_	
4-3	860-863	tal	_	_	_	
4-4	864-868	fine	_	_	_	
4-5	869-877	dichiara	_	_	_	
4-6	878-880	di	_	_	_	
4-7	881-885	aver	_	_	_	
4-8	886-895	compilato	_	_	_	
4-9	896-898	le	_	_	_	
4-10	899-907	seguenti	_	_	_	
4-11	908-915	sezioni	_	_	_	
4-12	916-919	del	_	_	_	
4-13	920-928	presente	_	_	_	
4-14	929-935	modulo	_	_	_	
4-15	936-937	:	_	_	_	
4-16	938-939	?	_	_	_	

#Text=1 occupazione area pubblica ?
5-1	940-941	1	_	_	_	
5-2	942-953	occupazione	_	_	_	
5-3	954-958	area	_	_	_	
5-4	959-967	pubblica	_	_	_	
5-5	968-969	?	_	_	_	

#Text=2 occupazione area privata ?
6-1	970-971	2	_	_	_	
6-2	972-983	occupazione	_	_	_	
6-3	984-988	area	_	_	_	
6-4	989-996	privata	_	_	_	
6-5	997-998	?	_	_	_	

#Text=3 somm. alimenti e bevande ?
7-1	999-1000	3	_	_	_	
7-2	1001-1006	somm.	_	_	_	
7-3	1007-1015	alimenti	_	_	_	
7-4	1016-1017	e	_	_	_	
7-5	1018-1025	bevande	_	_	_	
7-6	1026-1027	?	_	_	_	

#Text=4 attività di vendita ?
8-1	1028-1029	4	_	_	_	
8-2	1030-1038	attività	_	_	_	
8-3	1039-1041	di	_	_	_	
8-4	1042-1049	vendita	_	_	_	
8-5	1050-1051	?	_	_	_	

#Text=5 emissioni musicali ?
9-1	1052-1053	5	_	_	_	
9-2	1054-1063	emissioni	_	_	_	
9-3	1064-1072	musicali	_	_	_	
9-4	1073-1074	?	_	_	_	

#Text=6 presenza di animali Si intende , inoltre , chiedere , all’ interno della relazione descrittiva : ?
10-1	1075-1076	6	_	_	_	
10-2	1077-1085	presenza	_	_	_	
10-3	1086-1088	di	_	_	_	
10-4	1089-1096	animali	_	_	_	
10-5	1097-1099	Si	_	_	_	
10-6	1100-1107	intende	_	_	_	
10-7	1108-1109	,	_	_	_	
10-8	1110-1117	inoltre	_	_	_	
10-9	1118-1119	,	_	_	_	
10-10	1120-1128	chiedere	_	_	_	
10-11	1129-1130	,	_	_	_	
10-12	1131-1135	all’	_	_	_	
10-13	1136-1143	interno	_	_	_	
10-14	1144-1149	della	_	_	_	
10-15	1150-1159	relazione	_	_	_	
10-16	1160-1171	descrittiva	_	_	_	
10-17	1172-1173	:	_	_	_	
10-18	1174-1175	?	_	_	_	

#Text=chiusura strade / pedonalizzazione ?
11-1	1176-1184	chiusura	_	_	_	
11-2	1185-1191	strade	_	_	_	
11-3	1192-1193	/	_	_	_	
11-4	1194-1210	pedonalizzazione	_	_	_	
11-5	1211-1212	?	_	_	_	

#Text=patrocinio ?
12-1	1213-1223	patrocinio	_	_	_	
12-2	1224-1225	?	_	_	_	

#Text=coorganizzazione
13-1	1226-1242	coorganizzazione	_	_	_	
