#FORMAT=WebAnno TSV 3.3
#T_SP=custom.Span|label
#T_RL=custom.Relation|label|BT_custom.Span


#Text=All’ Ufficio Tributi della Lombardia
1-1	0-4	All’	_	_	_	
1-2	5-12	Ufficio	_	_	_	
1-3	13-20	Tributi	_	_	_	
1-4	21-26	della	_	_	_	
1-5	27-36	Lombardia	LOC	_	_	

#Text=Comune di Cremona
2-1	37-43	Comune	ENTE[1]	_	_	
2-2	44-46	di	ENTE[1]	_	_	
2-3	47-54	Cremona	ENTE[1]	_	_	

#Text=OGGETTO : Imposta unica comunale – componente TARI ( tassa sui rifiuti ) .
3-1	55-62	OGGETTO	_	_	_	
3-2	63-64	:	_	_	_	
3-3	65-72	Imposta	_	_	_	
3-4	73-78	unica	_	_	_	
3-5	79-87	comunale	_	_	_	
3-6	88-89	–	_	_	_	
3-7	90-100	componente	_	_	_	
3-8	101-105	TARI	_	_	_	
3-9	106-107	(	_	_	_	
3-10	108-113	tassa	_	_	_	
3-11	114-117	sui	_	_	_	
3-12	118-125	rifiuti	_	_	_	
3-13	126-127	)	_	_	_	
3-14	128-129	.	_	_	_	

#Text=Richiesta di agevolazioni e riduzioni .
4-1	130-139	Richiesta	_	_	_	
4-2	140-142	di	_	_	_	
4-3	143-155	agevolazioni	_	_	_	
4-4	156-157	e	_	_	_	
4-5	158-167	riduzioni	_	_	_	
4-6	168-169	.	_	_	_	

#Text=Il / La sottoscritto / a Elena Badiani nato / a a Cremona , prov. CR ; il 13/08/1964 residente a Cremona via Romana n. 56 Codice fiscale BDNLNE64M53D150M se trattasi di contribuente diverso da persona fisica : in qualità di amministratore delegato della Turbolence s.a.s. con sede legale in Cremona , Via della Limonaia n. 163 , Partita IVA 45738254726 CHIEDE
5-1	170-172	Il	_	_	_	
5-2	173-174	/	_	_	_	
5-3	175-177	La	_	_	_	
5-4	178-190	sottoscritto	_	_	_	
5-5	191-192	/	_	_	_	
5-6	193-194	a	_	_	_	
5-7	195-200	Elena	PER[2]	addressR|addressR|personalRole|birthLoc|birthLoc|cf|birthDate	5-22[0_2]|5-23[3_2]|5-42[4_2]|5-16[0_2]|5-13[0_2]|5-29[0_2]|5-19[0_2]	
5-8	201-208	Badiani	PER[2]	_	_	
5-9	209-213	nato	_	_	_	
5-10	214-215	/	_	_	_	
5-11	216-217	a	_	_	_	
5-12	218-219	a	_	_	_	
5-13	220-227	Cremona	LOC	_	_	
5-14	228-229	,	_	_	_	
5-15	230-235	prov.	_	_	_	
5-16	236-238	CR	LOC	_	_	
5-17	239-240	;	_	_	_	
5-18	241-243	il	_	_	_	
5-19	244-254	13/08/1964	DATE	_	_	
5-20	255-264	residente	_	_	_	
5-21	265-266	a	_	_	_	
5-22	267-274	Cremona	LOC	_	_	
5-23	275-278	via	LOC[3]	_	_	
5-24	279-285	Romana	LOC[3]	_	_	
5-25	286-288	n.	LOC[3]	_	_	
5-26	289-291	56	LOC[3]	_	_	
5-27	292-298	Codice	_	_	_	
5-28	299-306	fiscale	_	_	_	
5-29	307-323	BDNLNE64M53D150M	CF	_	_	
5-30	324-326	se	_	_	_	
5-31	327-335	trattasi	_	_	_	
5-32	336-338	di	_	_	_	
5-33	339-351	contribuente	_	_	_	
5-34	352-359	diverso	_	_	_	
5-35	360-362	da	_	_	_	
5-36	363-370	persona	_	_	_	
5-37	371-377	fisica	_	_	_	
5-38	378-379	:	_	_	_	
5-39	380-382	in	_	_	_	
5-40	383-390	qualità	_	_	_	
5-41	391-393	di	_	_	_	
5-42	394-408	amministratore	ROLE[4]	_	_	
5-43	409-417	delegato	ROLE[4]	_	_	
5-44	418-423	della	_	_	_	
5-45	424-434	Turbolence	ORG[5]	op|addressR|companyRole|addressR|vat	5-7[2_5]|5-53[6_5]|5-42[4_5]|5-51[0_5]|5-61[0_5]	
5-46	435-441	s.a.s.	ORG[5]	_	_	
5-47	442-445	con	_	_	_	
5-48	446-450	sede	_	_	_	
5-49	451-457	legale	_	_	_	
5-50	458-460	in	_	_	_	
5-51	461-468	Cremona	LOC	_	_	
5-52	469-470	,	_	_	_	
5-53	471-474	Via	LOC[6]	_	_	
5-54	475-480	della	LOC[6]	_	_	
5-55	481-489	Limonaia	LOC[6]	_	_	
5-56	490-492	n.	LOC[6]	_	_	
5-57	493-496	163	LOC[6]	_	_	
5-58	497-498	,	_	_	_	
5-59	499-506	Partita	_	_	_	
5-60	507-510	IVA	_	_	_	
5-61	511-522	45738254726	NUMBER	_	_	
5-62	523-529	CHIEDE	_	_	_	
