#FORMAT=WebAnno TSV 3.3
#T_SP=custom.Span|label
#T_RL=custom.Relation|label|BT_custom.Span


#Text=Al Comune di Foggia
1-1	0-2	Al	_	_	_	
1-2	3-9	Comune	ENTE[1]	_	_	
1-3	10-12	di	ENTE[1]	_	_	
1-4	13-19	Foggia	ENTE[1]	_	_	

#Text=Richiesta attivazione del servizio di assistenza educativa scolastica ( AES )
2-1	20-29	Richiesta	_	_	_	
2-2	30-41	attivazione	_	_	_	
2-3	42-45	del	_	_	_	
2-4	46-54	servizio	_	_	_	
2-5	55-57	di	_	_	_	
2-6	58-68	assistenza	_	_	_	
2-7	69-78	educativa	_	_	_	
2-8	79-89	scolastica	_	_	_	
2-9	90-91	(	_	_	_	
2-10	92-95	AES	_	_	_	
2-11	96-97	)	_	_	_	

#Text=Cognome Paoletti nome Elsa luogo e data di nascita Foggia , 06/11/73 cittadinanza italiana stato civile coniugata residenza via Vincenzo Gioberti 34 C.F. PLTLSE73S46D643F recapiti telefonici 0881 611129 e-mail e.paoletti@hotmail.com genitore dell’ alunno Camilla Landini frequentante la classe III della Scuola elementare Leonardo da Vinci di questo Comune . Diagnosi clinica sintetica Eseguita da in data 25707/2019 Terapie in essere Numero ore di sostegno CHIEDE che il / la proprio / a figlio / a possa essere seguito da un educatore professionale di cui :
3-1	98-105	Cognome	_	_	_	
3-2	106-114	Paoletti	PER	birthDate|birthLoc|relative|name|personalRole|email|tel|cf|addressR	3-12|3-10|3-33[3_0]|3-4|3-30|3-29|3-27|3-24|3-19[2_0]	
3-3	115-119	nome	_	_	_	
3-4	120-124	Elsa	PER	_	_	
3-5	125-130	luogo	_	_	_	
3-6	131-132	e	_	_	_	
3-7	133-137	data	_	_	_	
3-8	138-140	di	_	_	_	
3-9	141-148	nascita	_	_	_	
3-10	149-155	Foggia	LOC	_	_	
3-11	156-157	,	_	_	_	
3-12	158-166	06/11/73	DATE	_	_	
3-13	167-179	cittadinanza	_	_	_	
3-14	180-188	italiana	_	_	_	
3-15	189-194	stato	_	_	_	
3-16	195-201	civile	_	_	_	
3-17	202-211	coniugata	_	_	_	
3-18	212-221	residenza	_	_	_	
3-19	222-225	via	LOC[2]	_	_	
3-20	226-234	Vincenzo	LOC[2]	_	_	
3-21	235-243	Gioberti	LOC[2]	_	_	
3-22	244-246	34	LOC[2]	_	_	
3-23	247-251	C.F.	_	_	_	
3-24	252-268	PLTLSE73S46D643F	CF	_	_	
3-25	269-277	recapiti	_	_	_	
3-26	278-288	telefonici	_	_	_	
3-27	289-300	0881 611129	NUMBER	_	_	
3-28	301-307	e-mail	_	_	_	
3-29	308-330	e.paoletti@hotmail.com	EMAIL	_	_	
3-30	331-339	genitore	ROLE	_	_	
3-31	340-345	dell’	_	_	_	
3-32	346-352	alunno	_	_	_	
3-33	353-360	Camilla	PER[3]	personalRole	3-72[0_3]	
3-34	361-368	Landini	PER[3]	_	_	
3-35	369-381	frequentante	_	_	_	
3-36	382-384	la	_	_	_	
3-37	385-391	classe	_	_	_	
3-38	392-395	III	_	_	_	
3-39	396-401	della	_	_	_	
3-40	402-408	Scuola	ENTE[4]	_	_	
3-41	409-419	elementare	ENTE[4]	_	_	
3-42	420-428	Leonardo	ENTE[4]	_	_	
3-43	429-431	da	ENTE[4]	_	_	
3-44	432-437	Vinci	ENTE[4]	_	_	
3-45	438-440	di	_	_	_	
3-46	441-447	questo	_	_	_	
3-47	448-454	Comune	_	_	_	
3-48	455-456	.	_	_	_	
3-49	457-465	Diagnosi	_	_	_	
3-50	466-473	clinica	_	_	_	
3-51	474-483	sintetica	_	_	_	
3-52	484-492	Eseguita	_	_	_	
3-53	493-495	da	_	_	_	
3-54	496-498	in	_	_	_	
3-55	499-503	data	_	_	_	
3-56	504-514	25707/2019	_	_	_	
3-57	515-522	Terapie	_	_	_	
3-58	523-525	in	_	_	_	
3-59	526-532	essere	_	_	_	
3-60	533-539	Numero	_	_	_	
3-61	540-543	ore	_	_	_	
3-62	544-546	di	_	_	_	
3-63	547-555	sostegno	_	_	_	
3-64	556-562	CHIEDE	_	_	_	
3-65	563-566	che	_	_	_	
3-66	567-569	il	_	_	_	
3-67	570-571	/	_	_	_	
3-68	572-574	la	_	_	_	
3-69	575-582	proprio	_	_	_	
3-70	583-584	/	_	_	_	
3-71	585-586	a	_	_	_	
3-72	587-593	figlio	ROLE	_	_	
3-73	594-595	/	_	_	_	
3-74	596-597	a	_	_	_	
3-75	598-603	possa	_	_	_	
3-76	604-610	essere	_	_	_	
3-77	611-618	seguito	_	_	_	
3-78	619-621	da	_	_	_	
3-79	622-624	un	_	_	_	
3-80	625-634	educatore	_	_	_	
3-81	635-648	professionale	_	_	_	
3-82	649-651	di	_	_	_	
3-83	652-655	cui	_	_	_	
3-84	656-657	:	_	_	_	

#Text=• n.3 ore con utenza n. 2 ore di programmazione ( almeno 1 ora al mese ) • per il periodo dal al per un totale di n. ore 5 settimanale da settembre a dicembre e n. ore 4 settimanale da gennaio a giugno .
4-1	658-659	•	_	_	_	
4-2	660-663	n.3	_	_	_	
4-3	664-667	ore	_	_	_	
4-4	668-671	con	_	_	_	
4-5	672-678	utenza	_	_	_	
4-6	679-683	n. 2	_	_	_	
4-7	684-687	ore	_	_	_	
4-8	688-690	di	_	_	_	
4-9	691-705	programmazione	_	_	_	
4-10	706-707	(	_	_	_	
4-11	708-714	almeno	_	_	_	
4-12	715-716	1	_	_	_	
4-13	717-720	ora	_	_	_	
4-14	721-723	al	_	_	_	
4-15	724-728	mese	_	_	_	
4-16	729-730	)	_	_	_	
4-17	731-732	•	_	_	_	
4-18	733-736	per	_	_	_	
4-19	737-739	il	_	_	_	
4-20	740-747	periodo	_	_	_	
4-21	748-751	dal	_	_	_	
4-22	752-754	al	_	_	_	
4-23	755-758	per	_	_	_	
4-24	759-761	un	_	_	_	
4-25	762-768	totale	_	_	_	
4-26	769-771	di	_	_	_	
4-27	772-774	n.	_	_	_	
4-28	775-778	ore	_	_	_	
4-29	779-780	5	_	_	_	
4-30	781-792	settimanale	_	_	_	
4-31	793-795	da	_	_	_	
4-32	796-805	settembre	_	_	_	
4-33	806-807	a	_	_	_	
4-34	808-816	dicembre	_	_	_	
4-35	817-818	e	_	_	_	
4-36	819-821	n.	_	_	_	
4-37	822-825	ore	_	_	_	
4-38	826-827	4	_	_	_	
4-39	828-839	settimanale	_	_	_	
4-40	840-842	da	_	_	_	
4-41	843-850	gennaio	_	_	_	
4-42	851-852	a	_	_	_	
4-43	853-859	giugno	_	_	_	
4-44	860-861	.	_	_	_	

#Text=Eventuali caratteristiche dell’ educatore Luogo e data , Foggia , 05/05/2005 Firma ( * ) ( * ) In caso di genitori separati la richiesta deve essere firmata da entrambi i genitori .
5-1	862-871	Eventuali	_	_	_	
5-2	872-887	caratteristiche	_	_	_	
5-3	888-893	dell’	_	_	_	
5-4	894-903	educatore	_	_	_	
5-5	904-909	Luogo	_	_	_	
5-6	910-911	e	_	_	_	
5-7	912-916	data	_	_	_	
5-8	917-918	,	_	_	_	
5-9	919-925	Foggia	LOC	_	_	
5-10	926-927	,	_	_	_	
5-11	928-938	05/05/2005	_	_	_	
5-12	939-944	Firma	_	_	_	
5-13	945-946	(	_	_	_	
5-14	947-948	*	_	_	_	
5-15	949-950	)	_	_	_	
5-16	951-952	(	_	_	_	
5-17	953-954	*	_	_	_	
5-18	955-956	)	_	_	_	
5-19	957-959	In	_	_	_	
5-20	960-964	caso	_	_	_	
5-21	965-967	di	_	_	_	
5-22	968-976	genitori	_	_	_	
5-23	977-985	separati	_	_	_	
5-24	986-988	la	_	_	_	
5-25	989-998	richiesta	_	_	_	
5-26	999-1003	deve	_	_	_	
5-27	1004-1010	essere	_	_	_	
5-28	1011-1018	firmata	_	_	_	
5-29	1019-1021	da	_	_	_	
5-30	1022-1030	entrambi	_	_	_	
5-31	1031-1032	i	_	_	_	
5-32	1033-1041	genitori	_	_	_	
5-33	1042-1043	.	_	_	_	
