#FORMAT=WebAnno TSV 3.3
#T_SP=custom.Span|label


#Text=Comune di Lerici Provincia di La Spezia
1-1	0-6	Comune	ENTE[1]	
1-2	7-9	di	ENTE[1]	
1-3	10-16	Lerici	ENTE[1]	
1-4	17-26	Provincia	ENTE[2]	
1-5	27-29	di	ENTE[2]	
1-6	30-32	La	ENTE[2]	
1-7	33-39	Spezia	ENTE[2]	

#Text=UFFICIO TRIBUTI N. 223 Data 17/03/2017 ( del registro cronologico )
2-1	40-55	UFFICIO TRIBUTI	_	
2-2	56-62	N. 223	_	
2-3	63-67	Data	_	
2-4	68-78	17/03/2017	_	
2-5	79-80	(	_	
2-6	81-84	del	_	
2-7	85-93	registro	_	
2-8	94-105	cronologico	_	
2-9	106-107	)	_	

#Text=Alla Spett. Ditta Galileo s.r.l.
3-1	108-112	Alla	_	
3-2	113-119	Spett.	_	
3-3	120-125	Ditta	_	
3-4	126-133	Galileo	ORG[3]	
3-5	134-140	s.r.l.	ORG[3]	

#Text=OGGETTO :
4-1	141-148	OGGETTO	_	
4-2	149-150	:	_	

#Text=Pubblicazione affissioni .
5-1	151-164	Pubblicazione	_	
5-2	165-175	affissioni	_	
5-3	176-177	.	_	

#Text=- Comunicazione di ritardo dovuto a causa di forza maggiore .
6-1	178-179	-	_	
6-2	180-193	Comunicazione	_	
6-3	194-196	di	_	
6-4	197-204	ritardo	_	
6-5	205-211	dovuto	_	
6-6	212-213	a	_	
6-7	214-219	causa	_	
6-8	220-222	di	_	
6-9	223-228	forza	_	
6-10	229-237	maggiore	_	
6-11	238-239	.	_	

#Text=In relazione alla richiesta di affissione di manifesti concernenti risultante dal bollettino di versamento n. 12 in data 15/05/2017 di € 2500 , spiace dovere comunicare che , per la seguente causa di forza maggiore ( Art. 22 , comma 4 , D. Lgs. n. 507/1993 ) :
7-1	240-242	In	_	
7-2	243-252	relazione	_	
7-3	253-257	alla	_	
7-4	258-267	richiesta	_	
7-5	268-270	di	_	
7-6	271-281	affissione	_	
7-7	282-284	di	_	
7-8	285-294	manifesti	_	
7-9	295-306	concernenti	_	
7-10	307-317	risultante	_	
7-11	318-321	dal	_	
7-12	322-332	bollettino	_	
7-13	333-335	di	_	
7-14	336-346	versamento	_	
7-15	347-352	n. 12	_	
7-16	353-355	in	_	
7-17	356-360	data	_	
7-18	361-371	15/05/2017	_	
7-19	372-374	di	_	
7-20	375-376	€	_	
7-21	377-381	2500	_	
7-22	382-383	,	_	
7-23	384-390	spiace	_	
7-24	391-397	dovere	_	
7-25	398-408	comunicare	_	
7-26	409-412	che	_	
7-27	413-414	,	_	
7-28	415-418	per	_	
7-29	419-421	la	_	
7-30	422-430	seguente	_	
7-31	431-436	causa	_	
7-32	437-439	di	_	
7-33	440-445	forza	_	
7-34	446-454	maggiore	_	
7-35	455-456	(	_	
7-36	457-461	Art.	LEX[4]	
7-37	462-464	22	LEX[4]	
7-38	465-466	,	LEX[4]	
7-39	467-472	comma	LEX[4]	
7-40	473-474	4	LEX[4]	
7-41	475-476	,	LEX[4]	
7-42	477-484	D. Lgs.	LEX[4]	
7-43	485-487	n.	LEX[4]	
7-44	488-496	507/1993	LEX[4]	
7-45	497-498	)	_	
7-46	499-500	:	_	

#Text=avverse condizioni atmosferiche ;
8-1	501-508	avverse	_	
8-2	509-519	condizioni	_	
8-3	520-532	atmosferiche	_	
8-4	533-534	;	_	

#Text=l' affissione medesima potrà avere luogo solo il giorno 17/05/2017 .
9-1	535-537	l'	_	
9-2	538-548	affissione	_	
9-3	549-557	medesima	_	
9-4	558-563	potrà	_	
9-5	564-569	avere	_	
9-6	570-575	luogo	_	
9-7	576-580	solo	_	
9-8	581-583	il	_	
9-9	584-590	giorno	_	
9-10	591-601	17/05/2017	_	
9-11	602-603	.	_	

#Text=Per il disposto dell' art. 22 , comma 6 , del D. Lgs. 15 novembre 1993 , n. 507 , codesta ditta ha facoltà di annullare la commissione prima che venga eseguita con diritto al rimborso delle somme versate entro 90 giorni .
10-1	604-607	Per	_	
10-2	608-610	il	_	
10-3	611-619	disposto	_	
10-4	620-625	dell'	_	
10-5	626-630	art.	LEX[5]	
10-6	631-633	22	LEX[5]	
10-7	634-635	,	LEX[5]	
10-8	636-641	comma	LEX[5]	
10-9	642-643	6	LEX[5]	
10-10	644-645	,	LEX[5]	
10-11	646-649	del	LEX[5]	
10-12	650-657	D. Lgs.	LEX[5]	
10-13	658-660	15	LEX[5]	
10-14	661-669	novembre	LEX[5]	
10-15	670-674	1993	LEX[5]	
10-16	675-676	,	LEX[5]	
10-17	677-683	n. 507	LEX[5]	
10-18	684-685	,	_	
10-19	686-693	codesta	_	
10-20	694-699	ditta	_	
10-21	700-702	ha	_	
10-22	703-710	facoltà	_	
10-23	711-713	di	_	
10-24	714-723	annullare	_	
10-25	724-726	la	_	
10-26	727-738	commissione	_	
10-27	739-744	prima	_	
10-28	745-748	che	_	
10-29	749-754	venga	_	
10-30	755-763	eseguita	_	
10-31	764-767	con	_	
10-32	768-775	diritto	_	
10-33	776-778	al	_	
10-34	779-787	rimborso	_	
10-35	788-793	delle	_	
10-36	794-799	somme	_	
10-37	800-807	versate	_	
10-38	808-813	entro	_	
10-39	814-816	90	_	
10-40	817-823	giorni	_	
10-41	824-825	.	_	

#Text=Il responsabile del servizio
11-1	826-828	Il	_	
11-2	829-841	responsabile	_	
11-3	842-845	del	_	
11-4	846-854	servizio	_	
