#FORMAT=WebAnno TSV 3.3
#T_SP=custom.Span|label
#T_RL=custom.Relation|label|BT_custom.Span


#Text=Allo sportello unico per l’ edilizia del Comune di Pesaro-Urbino
1-1	0-4	Allo	_	_	_	
1-2	5-14	sportello	_	_	_	
1-3	15-20	unico	_	_	_	
1-4	21-24	per	_	_	_	
1-5	25-27	l’	_	_	_	
1-6	28-36	edilizia	_	_	_	
1-7	37-40	del	_	_	_	
1-8	41-47	Comune	ENTE[1]	_	_	
1-9	48-50	di	ENTE[1]	_	_	
1-10	51-64	Pesaro-Urbino	ENTE[1]	_	_	

#Text=OGGETTO : Richiesta di trasferimento della titolarità del Permesso di costruire ( voltura ) .
2-1	65-72	OGGETTO	_	_	_	
2-2	73-74	:	_	_	_	
2-3	75-84	Richiesta	_	_	_	
2-4	85-87	di	_	_	_	
2-5	88-101	trasferimento	_	_	_	
2-6	102-107	della	_	_	_	
2-7	108-118	titolarità	_	_	_	
2-8	119-122	del	_	_	_	
2-9	123-131	Permesso	_	_	_	
2-10	132-134	di	_	_	_	
2-11	135-144	costruire	_	_	_	
2-12	145-146	(	_	_	_	
2-13	147-154	voltura	_	_	_	
2-14	155-156	)	_	_	_	
2-15	157-158	.	_	_	_	

#Text=Il / La sottoscritto / a Gianluca Freschi nato / a a Pesaro il 12/12/1990 residente in Pesaro via Virgilio n. 76 C.F. FRSGLC90T12G479I tel. 0721 657787 g.freschi@hotmail.com PREMESSO che in data 28/03/2019 veniva rilasciato alla persona sotto indicata il Permesso di costruire per l’ intervento edile relativo ad un immobile di cui allo schema che segue :
3-1	159-161	Il	_	_	_	
3-2	162-163	/	_	_	_	
3-3	164-166	La	_	_	_	
3-4	167-179	sottoscritto	_	_	_	
3-5	180-181	/	_	_	_	
3-6	182-183	a	_	_	_	
3-7	184-192	Gianluca	PER[2]	addressR|addressR|email|birthDate|tel|cf|birthLoc	3-18[0_2]|3-19[3_2]|3-27[0_2]|3-15[0_2]|3-26[0_2]|3-24[0_2]|3-13[0_2]	
3-8	193-200	Freschi	PER[2]	_	_	
3-9	201-205	nato	_	_	_	
3-10	206-207	/	_	_	_	
3-11	208-209	a	_	_	_	
3-12	210-211	a	_	_	_	
3-13	212-218	Pesaro	LOC	_	_	
3-14	219-221	il	_	_	_	
3-15	222-232	12/12/1990	DATE	_	_	
3-16	233-242	residente	_	_	_	
3-17	243-245	in	_	_	_	
3-18	246-252	Pesaro	LOC	_	_	
3-19	253-256	via	LOC[3]	_	_	
3-20	257-265	Virgilio	LOC[3]	_	_	
3-21	266-268	n.	LOC[3]	_	_	
3-22	269-271	76	LOC[3]	_	_	
3-23	272-276	C.F.	_	_	_	
3-24	277-293	FRSGLC90T12G479I	CF	_	_	
3-25	294-298	tel.	_	_	_	
3-26	299-310	0721 657787	NUMBER	_	_	
3-27	311-332	g.freschi@hotmail.com	EMAIL	_	_	
3-28	333-341	PREMESSO	_	_	_	
3-29	342-345	che	_	_	_	
3-30	346-348	in	_	_	_	
3-31	349-353	data	_	_	_	
3-32	354-364	28/03/2019	_	_	_	
3-33	365-371	veniva	_	_	_	
3-34	372-382	rilasciato	_	_	_	
3-35	383-387	alla	_	_	_	
3-36	388-395	persona	_	_	_	
3-37	396-401	sotto	_	_	_	
3-38	402-410	indicata	_	_	_	
3-39	411-413	il	_	_	_	
3-40	414-422	Permesso	_	_	_	
3-41	423-425	di	_	_	_	
3-42	426-435	costruire	_	_	_	
3-43	436-439	per	_	_	_	
3-44	440-442	l’	_	_	_	
3-45	443-453	intervento	_	_	_	
3-46	454-459	edile	_	_	_	
3-47	460-468	relativo	_	_	_	
3-48	469-471	ad	_	_	_	
3-49	472-474	un	_	_	_	
3-50	475-483	immobile	_	_	_	
3-51	484-486	di	_	_	_	
3-52	487-490	cui	_	_	_	
3-53	491-495	allo	_	_	_	
3-54	496-502	schema	_	_	_	
3-55	503-506	che	_	_	_	
3-56	507-512	segue	_	_	_	
3-57	513-514	:	_	_	_	
