#FORMAT=WebAnno TSV 3.3
#T_SP=custom.Span|label
#T_RL=custom.Relation|label|BT_custom.Span


#Text=Al sig. Sindaco Comune di Milano
1-1	0-2	Al	_	_	_	
1-2	3-7	sig.	_	_	_	
1-3	8-15	Sindaco	_	_	_	
1-4	16-22	Comune	ENTE[1]	_	_	
1-5	23-25	di	ENTE[1]	_	_	
1-6	26-32	Milano	ENTE[1]	_	_	

#Text=RICHIESTA DI AUTORIZZAZIONE SANITARIA PER IMPIANTI PRIVATI IN CUI SI DETENGONO CANI O GATTI A SCOPO DI ALLEVAMENTO , RICOVERO , PENSIONE , COMMERCIO O ADDESTRAMENTO ( Deliberazione Presidente Giunta Regionale 11/11/1993 , n. 4359 )
2-1	33-42	RICHIESTA	_	_	_	
2-2	43-45	DI	_	_	_	
2-3	46-60	AUTORIZZAZIONE	_	_	_	
2-4	61-70	SANITARIA	_	_	_	
2-5	71-74	PER	_	_	_	
2-6	75-83	IMPIANTI	_	_	_	
2-7	84-91	PRIVATI	_	_	_	
2-8	92-94	IN	_	_	_	
2-9	95-98	CUI	_	_	_	
2-10	99-101	SI	_	_	_	
2-11	102-111	DETENGONO	_	_	_	
2-12	112-116	CANI	_	_	_	
2-13	117-118	O	_	_	_	
2-14	119-124	GATTI	_	_	_	
2-15	125-126	A	_	_	_	
2-16	127-132	SCOPO	_	_	_	
2-17	133-135	DI	_	_	_	
2-18	136-147	ALLEVAMENTO	_	_	_	
2-19	148-149	,	_	_	_	
2-20	150-158	RICOVERO	_	_	_	
2-21	159-160	,	_	_	_	
2-22	161-169	PENSIONE	_	_	_	
2-23	170-171	,	_	_	_	
2-24	172-181	COMMERCIO	_	_	_	
2-25	182-183	O	_	_	_	
2-26	184-197	ADDESTRAMENTO	_	_	_	
2-27	198-199	(	_	_	_	
2-28	200-213	Deliberazione	LEX[2]	_	_	
2-29	214-224	Presidente	LEX[2]	_	_	
2-30	225-231	Giunta	LEX[2]	_	_	
2-31	232-241	Regionale	LEX[2]	_	_	
2-32	242-252	11/11/1993	LEX[2]	_	_	
2-33	253-254	,	LEX[2]	_	_	
2-34	255-257	n.	LEX[2]	_	_	
2-35	258-262	4359	LEX[2]	_	_	
2-36	263-264	)	_	_	_	

#Text=Il sottoscritto Mauro Sibilli nato a Milano il 31/07/1965 residente in Milano Via Ulrico Hoepli n. civico 74 Codice fiscale MRASLL65L31F205P Tel. n. 02 906712 in qualità di direttore generale della società La Zampa s.p.a. ubicata in Milano via Indro Montanelli 84/B Partita I.V.A. 573901134 C.C.I.A.A. di Milano CHIEDE Ai sensi e per gli effetti della deliberazione Presidente Giunta Regionale 11/11/1993 n. 4359 il rilascio dell’ autorizzazione sanitaria per l’ attività di :  ricovero  pensione  commercio  addestramento delle seguenti specie : cane , gatto A tal fine dichiara che : 1 ) I suddetti locali sono disponibili a titolo di :  PROPRIETA’
3-1	265-267	Il	_	_	_	
3-2	268-280	sottoscritto	_	_	_	
3-3	281-286	Mauro	PER[3]	addressR|personalRole|addressR|birthDate|tel|birthLoc|cf	3-12[0_3]|3-28[5_3]|3-13[4_3]|3-9[0_3]|3-24[0_3]|3-7[0_3]|3-21[0_3]	
3-4	287-294	Sibilli	PER[3]	_	_	
3-5	295-299	nato	_	_	_	
3-6	300-301	a	_	_	_	
3-7	302-308	Milano	LOC	_	_	
3-8	309-311	il	_	_	_	
3-9	312-322	31/07/1965	DATE	_	_	
3-10	323-332	residente	_	_	_	
3-11	333-335	in	_	_	_	
3-12	336-342	Milano	LOC	_	_	
3-13	343-346	Via	LOC[4]	_	_	
3-14	347-353	Ulrico	LOC[4]	_	_	
3-15	354-360	Hoepli	LOC[4]	_	_	
3-16	361-363	n.	LOC[4]	_	_	
3-17	364-370	civico	LOC[4]	_	_	
3-18	371-373	74	LOC[4]	_	_	
3-19	374-380	Codice	_	_	_	
3-20	381-388	fiscale	_	_	_	
3-21	389-405	MRASLL65L31F205P	CF	_	_	
3-22	406-410	Tel.	_	_	_	
3-23	411-413	n.	_	_	_	
3-24	414-423	02 906712	NUMBER	_	_	
3-25	424-426	in	_	_	_	
3-26	427-434	qualità	_	_	_	
3-27	435-437	di	_	_	_	
3-28	438-447	direttore	ROLE[5]	_	_	
3-29	448-456	generale	ROLE[5]	_	_	
3-30	457-462	della	_	_	_	
3-31	463-470	società	_	_	_	
3-32	471-473	La	ORG[6]	addressR|op|addressR|companyRole|vat	3-37[0_6]|3-3[3_6]|3-38[7_6]|3-28[5_6]|3-44[0_6]	
3-33	474-479	Zampa	ORG[6]	_	_	
3-34	480-486	s.p.a.	ORG[6]	_	_	
3-35	487-494	ubicata	_	_	_	
3-36	495-497	in	_	_	_	
3-37	498-504	Milano	LOC	_	_	
3-38	505-508	via	LOC[7]	_	_	
3-39	509-514	Indro	LOC[7]	_	_	
3-40	515-525	Montanelli	LOC[7]	_	_	
3-41	526-530	84/B	LOC[7]	_	_	
3-42	531-538	Partita	_	_	_	
3-43	539-545	I.V.A.	_	_	_	
3-44	546-555	573901134	NUMBER	_	_	
3-45	556-566	C.C.I.A.A.	ENTE[8]	_	_	
3-46	567-569	di	ENTE[8]	_	_	
3-47	570-576	Milano	ENTE[8]	_	_	
3-48	577-583	CHIEDE	_	_	_	
3-49	584-586	Ai	_	_	_	
3-50	587-592	sensi	_	_	_	
3-51	593-594	e	_	_	_	
3-52	595-598	per	_	_	_	
3-53	599-602	gli	_	_	_	
3-54	603-610	effetti	_	_	_	
3-55	611-616	della	_	_	_	
3-56	617-630	deliberazione	LEX[9]	_	_	
3-57	631-641	Presidente	LEX[9]	_	_	
3-58	642-648	Giunta	LEX[9]	_	_	
3-59	649-658	Regionale	LEX[9]	_	_	
3-60	659-669	11/11/1993	LEX[9]	_	_	
3-61	670-672	n.	LEX[9]	_	_	
3-62	673-677	4359	LEX[9]	_	_	
3-63	678-680	il	_	_	_	
3-64	681-689	rilascio	_	_	_	
3-65	690-695	dell’	_	_	_	
3-66	696-710	autorizzazione	_	_	_	
3-67	711-720	sanitaria	_	_	_	
3-68	721-724	per	_	_	_	
3-69	725-727	l’	_	_	_	
3-70	728-736	attività	_	_	_	
3-71	737-739	di	_	_	_	
3-72	740-741	:	_	_	_	
3-73	742-743		_	_	_	
3-74	744-752	ricovero	_	_	_	
3-75	753-754		_	_	_	
3-76	755-763	pensione	_	_	_	
3-77	764-765		_	_	_	
3-78	766-775	commercio	_	_	_	
3-79	776-777		_	_	_	
3-80	778-791	addestramento	_	_	_	
3-81	792-797	delle	_	_	_	
3-82	798-806	seguenti	_	_	_	
3-83	807-813	specie	_	_	_	
3-84	814-815	:	_	_	_	
3-85	816-820	cane	_	_	_	
3-86	821-822	,	_	_	_	
3-87	823-828	gatto	_	_	_	
3-88	829-830	A	_	_	_	
3-89	831-834	tal	_	_	_	
3-90	835-839	fine	_	_	_	
3-91	840-848	dichiara	_	_	_	
3-92	849-852	che	_	_	_	
3-93	853-854	:	_	_	_	
3-94	855-856	1	_	_	_	
3-95	857-858	)	_	_	_	
3-96	859-860	I	_	_	_	
3-97	861-869	suddetti	_	_	_	
3-98	870-876	locali	_	_	_	
3-99	877-881	sono	_	_	_	
3-100	882-893	disponibili	_	_	_	
3-101	894-895	a	_	_	_	
3-102	896-902	titolo	_	_	_	
3-103	903-905	di	_	_	_	
3-104	906-907	:	_	_	_	
3-105	908-909		_	_	_	
3-106	910-920	PROPRIETA’	_	_	_	
