#FORMAT=WebAnno TSV 3.3
#T_SP=custom.Span|label
#T_RL=custom.Relation|label|BT_custom.Span


#Text=DOMANDA DI AUTORIZZAZIONE AL FUNZIONAMENTO PER SEZIONE PRIMAVERA AL SINDACO DEL COMUNE DI LUCCA
1-1	0-7	DOMANDA	_	_	_	
1-2	8-10	DI	_	_	_	
1-3	11-25	AUTORIZZAZIONE	_	_	_	
1-4	26-28	AL	_	_	_	
1-5	29-42	FUNZIONAMENTO	_	_	_	
1-6	43-46	PER	_	_	_	
1-7	47-54	SEZIONE	_	_	_	
1-8	55-64	PRIMAVERA	_	_	_	
1-9	65-67	AL	_	_	_	
1-10	68-75	SINDACO	_	_	_	
1-11	76-79	DEL	_	_	_	
1-12	80-86	COMUNE	ENTE[1]	_	_	
1-13	87-89	DI	ENTE[1]	_	_	
1-14	90-95	LUCCA	ENTE[1]	_	_	

#Text=Area Servizi alla Persona
2-1	96-100	Area	_	_	_	
2-2	101-108	Servizi	_	_	_	
2-3	109-113	alla	_	_	_	
2-4	114-121	Persona	_	_	_	

#Text=Il / la sottoscritto / a Martina Grossi nato / a a Massa Carrara Provincia MS il 13.07.1962 di nazionalità italiana residente a Massa Carrara Provincia MS ( in caso di cittadini non appartenenti all’ Unione Europea occorre allegare copia del permesso di soggiorno ) in via / piazza Sottomonte n. 15 C.A.P. 54100 Codice Fiscale GRSMTN92L53F023H in qualità di legale rappresentante della ditta / società denominata Grossi Marmi s.r.l. con sede legale a Forte dei Marmi Provincia LUCCA via / piazza via Michelangelo Buonarroti 22 C.A.P. 55042 C.F. / P. IVA 99900990 Telefono 0584 046013 Fax E-mail grossimarmi@pec.it ai sensi del Regolamento regionale 127/6 in materia di servizi socio-educativi per la prima infanzia , dell’ accordo sancito dalla Conferenza unificata il 03/08/2011 riguardante l’ avvio di una sperimentazione per servizi da destinare a bambini da 24 a 36 mesi e del Piano triennale del sistema integrato dei servizi socio educativi per la prima infanzia approvato dal Consiglio Regionale il 23/08/2019
3-1	122-124	Il	_	_	_	
3-2	125-126	/	_	_	_	
3-3	127-129	la	_	_	_	
3-4	130-142	sottoscritto	_	_	_	
3-5	143-144	/	_	_	_	
3-6	145-146	a	_	_	_	
3-7	147-154	Martina	PER[2]	addressR|addressR|birthLoc|addressR|cf|personalRole|addressR|birthLoc|birthDate	3-53[0_2]|3-49[5_2]|3-13[3_2]|3-24[4_2]|3-56[0_2]|3-60[6_2]|3-27[0_2]|3-16[0_2]|3-18[0_2]	
3-8	155-161	Grossi	PER[2]	_	_	
3-9	162-166	nato	_	_	_	
3-10	167-168	/	_	_	_	
3-11	169-170	a	_	_	_	
3-12	171-172	a	_	_	_	
3-13	173-178	Massa	LOC[3]	_	_	
3-14	179-186	Carrara	LOC[3]	_	_	
3-15	187-196	Provincia	_	_	_	
3-16	197-199	MS	LOC	_	_	
3-17	200-202	il	_	_	_	
3-18	203-213	13.07.1962	DATE	_	_	
3-19	214-216	di	_	_	_	
3-20	217-228	nazionalità	_	_	_	
3-21	229-237	italiana	_	_	_	
3-22	238-247	residente	_	_	_	
3-23	248-249	a	_	_	_	
3-24	250-255	Massa	LOC[4]	_	_	
3-25	256-263	Carrara	LOC[4]	_	_	
3-26	264-273	Provincia	_	_	_	
3-27	274-276	MS	LOC	_	_	
3-28	277-278	(	_	_	_	
3-29	279-281	in	_	_	_	
3-30	282-286	caso	_	_	_	
3-31	287-289	di	_	_	_	
3-32	290-299	cittadini	_	_	_	
3-33	300-303	non	_	_	_	
3-34	304-316	appartenenti	_	_	_	
3-35	317-321	all’	_	_	_	
3-36	322-328	Unione	_	_	_	
3-37	329-336	Europea	_	_	_	
3-38	337-344	occorre	_	_	_	
3-39	345-353	allegare	_	_	_	
3-40	354-359	copia	_	_	_	
3-41	360-363	del	_	_	_	
3-42	364-372	permesso	_	_	_	
3-43	373-375	di	_	_	_	
3-44	376-385	soggiorno	_	_	_	
3-45	386-387	)	_	_	_	
3-46	388-390	in	_	_	_	
3-47	391-394	via	_	_	_	
3-48	395-396	/	_	_	_	
3-49	397-403	piazza	LOC[5]	_	_	
3-50	404-414	Sottomonte	LOC[5]	_	_	
3-51	415-420	n. 15	LOC[5]	_	_	
3-52	421-427	C.A.P.	_	_	_	
3-53	428-433	54100	LOC	_	_	
3-54	434-440	Codice	_	_	_	
3-55	441-448	Fiscale	_	_	_	
3-56	449-465	GRSMTN92L53F023H	CF	_	_	
3-57	466-468	in	_	_	_	
3-58	469-476	qualità	_	_	_	
3-59	477-479	di	_	_	_	
3-60	480-486	legale	ROLE[6]	_	_	
3-61	487-501	rappresentante	ROLE[6]	_	_	
3-62	502-507	della	_	_	_	
3-63	508-513	ditta	_	_	_	
3-64	514-515	/	_	_	_	
3-65	516-523	società	_	_	_	
3-66	524-534	denominata	_	_	_	
3-67	535-541	Grossi	ORG[7]	op|addressR|addressR|vat|addressR|email|companyRole|tel|addressR	3-7[2_7]|3-87[0_7]|3-82[9_7]|3-91[0_7]|3-78[0_7]|3-96[0_7]|3-60[6_7]|3-93[0_7]|3-74[8_7]	
3-68	542-547	Marmi	ORG[7]	_	_	
3-69	548-554	s.r.l.	ORG[7]	_	_	
3-70	555-558	con	_	_	_	
3-71	559-563	sede	_	_	_	
3-72	564-570	legale	_	_	_	
3-73	571-572	a	_	_	_	
3-74	573-578	Forte	LOC[8]	_	_	
3-75	579-582	dei	LOC[8]	_	_	
3-76	583-588	Marmi	LOC[8]	_	_	
3-77	589-598	Provincia	_	_	_	
3-78	599-604	LUCCA	LOC	_	_	
3-79	605-608	via	_	_	_	
3-80	609-610	/	_	_	_	
3-81	611-617	piazza	_	_	_	
3-82	618-621	via	LOC[9]	_	_	
3-83	622-634	Michelangelo	LOC[9]	_	_	
3-84	635-645	Buonarroti	LOC[9]	_	_	
3-85	646-648	22	LOC[9]	_	_	
3-86	649-655	C.A.P.	_	_	_	
3-87	656-661	55042	LOC	_	_	
3-88	662-666	C.F.	_	_	_	
3-89	667-668	/	_	_	_	
3-90	669-675	P. IVA	_	_	_	
3-91	676-684	99900990	NUMBER	_	_	
3-92	685-693	Telefono	_	_	_	
3-93	694-705	0584 046013	NUMBER	_	_	
3-94	706-709	Fax	_	_	_	
3-95	710-716	E-mail	_	_	_	
3-96	717-735	grossimarmi@pec.it	EMAIL	_	_	
3-97	736-738	ai	_	_	_	
3-98	739-744	sensi	_	_	_	
3-99	745-748	del	_	_	_	
3-100	749-760	Regolamento	LEX[10]	_	_	
3-101	761-770	regionale	LEX[10]	_	_	
3-102	771-776	127/6	LEX[10]	_	_	
3-103	777-779	in	LEX[10]	_	_	
3-104	780-787	materia	LEX[10]	_	_	
3-105	788-790	di	LEX[10]	_	_	
3-106	791-798	servizi	LEX[10]	_	_	
3-107	799-814	socio-educativi	LEX[10]	_	_	
3-108	815-818	per	LEX[10]	_	_	
3-109	819-821	la	LEX[10]	_	_	
3-110	822-827	prima	LEX[10]	_	_	
3-111	828-836	infanzia	LEX[10]	_	_	
3-112	837-838	,	_	_	_	
3-113	839-844	dell’	_	_	_	
3-114	845-852	accordo	_	_	_	
3-115	853-860	sancito	_	_	_	
3-116	861-866	dalla	_	_	_	
3-117	867-877	Conferenza	_	_	_	
3-118	878-887	unificata	_	_	_	
3-119	888-890	il	_	_	_	
3-120	891-901	03/08/2011	_	_	_	
3-121	902-913	riguardante	_	_	_	
3-122	914-916	l’	_	_	_	
3-123	917-922	avvio	_	_	_	
3-124	923-925	di	_	_	_	
3-125	926-929	una	_	_	_	
3-126	930-945	sperimentazione	_	_	_	
3-127	946-949	per	_	_	_	
3-128	950-957	servizi	_	_	_	
3-129	958-960	da	_	_	_	
3-130	961-970	destinare	_	_	_	
3-131	971-972	a	_	_	_	
3-132	973-980	bambini	_	_	_	
3-133	981-983	da	_	_	_	
3-134	984-986	24	_	_	_	
3-135	987-988	a	_	_	_	
3-136	989-991	36	_	_	_	
3-137	992-996	mesi	_	_	_	
3-138	997-998	e	_	_	_	
3-139	999-1002	del	_	_	_	
3-140	1003-1008	Piano	_	_	_	
3-141	1009-1018	triennale	_	_	_	
3-142	1019-1022	del	_	_	_	
3-143	1023-1030	sistema	_	_	_	
3-144	1031-1040	integrato	_	_	_	
3-145	1041-1044	dei	_	_	_	
3-146	1045-1052	servizi	_	_	_	
3-147	1053-1058	socio	_	_	_	
3-148	1059-1068	educativi	_	_	_	
3-149	1069-1072	per	_	_	_	
3-150	1073-1075	la	_	_	_	
3-151	1076-1081	prima	_	_	_	
3-152	1082-1090	infanzia	_	_	_	
3-153	1091-1100	approvato	_	_	_	
3-154	1101-1104	dal	_	_	_	
3-155	1105-1114	Consiglio	_	_	_	
3-156	1115-1124	Regionale	_	_	_	
3-157	1125-1127	il	_	_	_	
3-158	1128-1138	23/08/2019	_	_	_	
