#FORMAT=WebAnno TSV 3.3
#T_SP=custom.Span|label
#T_RL=custom.Relation|label|BT_custom.Span


#Text=Comune di Pisa Provincia di Pisa
1-1	0-6	Comune	ENTE[1]	_	_	
1-2	7-9	di	ENTE[1]	_	_	
1-3	10-14	Pisa	ENTE[1]	_	_	
1-4	15-24	Provincia	ENTE[2]	_	_	
1-5	25-27	di	ENTE[2]	_	_	
1-6	28-32	Pisa	ENTE[2]	_	_	

#Text=Prot. n. 379 Data 11/01/2013 Richiesta di autorizzazione al transito nella zona a traffico limitato del comune di Pisa Al Comune di Pisa
2-1	33-38	Prot.	LEX[3]	_	_	
2-2	39-41	n.	LEX[3]	_	_	
2-3	42-45	379	LEX[3]	_	_	
2-4	46-50	Data	LEX[3]	_	_	
2-5	51-61	11/01/2013	LEX[3]	_	_	
2-6	62-71	Richiesta	_	_	_	
2-7	72-74	di	_	_	_	
2-8	75-89	autorizzazione	_	_	_	
2-9	90-92	al	_	_	_	
2-10	93-101	transito	_	_	_	
2-11	102-107	nella	_	_	_	
2-12	108-112	zona	_	_	_	
2-13	113-114	a	_	_	_	
2-14	115-123	traffico	_	_	_	
2-15	124-132	limitato	_	_	_	
2-16	133-136	del	_	_	_	
2-17	137-143	comune	_	_	_	
2-18	144-146	di	_	_	_	
2-19	147-151	Pisa	LOC	_	_	
2-20	152-154	Al	_	_	_	
2-21	155-161	Comune	ENTE[4]	_	_	
2-22	162-164	di	ENTE[4]	_	_	
2-23	165-169	Pisa	ENTE[4]	_	_	

#Text=La sottoscritta Mariana Manzucato nata a Pisa il 16/06/1983 residente a Pisa Corso Italia n.43/R tel. 050 444197 E-mail m.manzucato@hotmail.it CHIEDE il rilascio dell’ autorizzazione al transito nella Z.T.L. di Via Edmondo de Amicis il rilascio del dispositivo di apertura se previsto ;
3-1	170-172	La	_	_	_	
3-2	173-185	sottoscritta	_	_	_	
3-3	186-193	Mariana	PER[5]	addressR|addressR|birthLoc|tel|birthDate|email	3-12[0_5]|3-13[6_5]|3-7[0_5]|3-17[0_5]|3-9[0_5]|3-19[0_5]	
3-4	194-203	Manzucato	PER[5]	_	_	
3-5	204-208	nata	_	_	_	
3-6	209-210	a	_	_	_	
3-7	211-215	Pisa	LOC	_	_	
3-8	216-218	il	_	_	_	
3-9	219-229	16/06/1983	DATE	_	_	
3-10	230-239	residente	_	_	_	
3-11	240-241	a	_	_	_	
3-12	242-246	Pisa	LOC	_	_	
3-13	247-252	Corso	LOC[6]	_	_	
3-14	253-259	Italia	LOC[6]	_	_	
3-15	260-266	n.43/R	LOC[6]	_	_	
3-16	267-271	tel.	_	_	_	
3-17	272-282	050 444197	NUMBER	_	_	
3-18	283-289	E-mail	_	_	_	
3-19	290-312	m.manzucato@hotmail.it	EMAIL	_	_	
3-20	313-319	CHIEDE	_	_	_	
3-21	320-322	il	_	_	_	
3-22	323-331	rilascio	_	_	_	
3-23	332-337	dell’	_	_	_	
3-24	338-352	autorizzazione	_	_	_	
3-25	353-355	al	_	_	_	
3-26	356-364	transito	_	_	_	
3-27	365-370	nella	_	_	_	
3-28	371-377	Z.T.L.	_	_	_	
3-29	378-380	di	_	_	_	
3-30	381-384	Via	LOC[7]	_	_	
3-31	385-392	Edmondo	LOC[7]	_	_	
3-32	393-395	de	LOC[7]	_	_	
3-33	396-402	Amicis	LOC[7]	_	_	
3-34	403-405	il	_	_	_	
3-35	406-414	rilascio	_	_	_	
3-36	415-418	del	_	_	_	
3-37	419-430	dispositivo	_	_	_	
3-38	431-433	di	_	_	_	
3-39	434-442	apertura	_	_	_	
3-40	443-445	se	_	_	_	
3-41	446-454	previsto	_	_	_	
3-42	455-456	;	_	_	_	

#Text=( barrare le voci che interessano ) per residente nella zona richiesta , per operazioni di carico e scarico .
4-1	457-458	(	_	_	_	
4-2	459-466	barrare	_	_	_	
4-3	467-469	le	_	_	_	
4-4	470-474	voci	_	_	_	
4-5	475-478	che	_	_	_	
4-6	479-490	interessano	_	_	_	
4-7	491-492	)	_	_	_	
4-8	493-496	per	_	_	_	
4-9	497-506	residente	_	_	_	
4-10	507-512	nella	_	_	_	
4-11	513-517	zona	_	_	_	
4-12	518-527	richiesta	_	_	_	
4-13	528-529	,	_	_	_	
4-14	530-533	per	_	_	_	
4-15	534-544	operazioni	_	_	_	
4-16	545-547	di	_	_	_	
4-17	548-554	carico	_	_	_	
4-18	555-556	e	_	_	_	
4-19	557-564	scarico	_	_	_	
4-20	565-566	.	_	_	_	

#Text=per raggiungere posto auto identificato da autorizzazione passo carrabile n. 3 per operazioni di carico e scarico - titolare di attività commerciale e pubblico esercizio nella zona all’ insegna di Corso Italia N.43/R per altro con il veicolo automobile tipo renault clio targa VL815PI
5-1	567-570	per	_	_	_	
5-2	571-582	raggiungere	_	_	_	
5-3	583-588	posto	_	_	_	
5-4	589-593	auto	_	_	_	
5-5	594-606	identificato	_	_	_	
5-6	607-609	da	_	_	_	
5-7	610-624	autorizzazione	_	_	_	
5-8	625-630	passo	_	_	_	
5-9	631-640	carrabile	_	_	_	
5-10	641-645	n. 3	_	_	_	
5-11	646-649	per	_	_	_	
5-12	650-660	operazioni	_	_	_	
5-13	661-663	di	_	_	_	
5-14	664-670	carico	_	_	_	
5-15	671-672	e	_	_	_	
5-16	673-680	scarico	_	_	_	
5-17	681-682	-	_	_	_	
5-18	683-691	titolare	_	_	_	
5-19	692-694	di	_	_	_	
5-20	695-703	attività	_	_	_	
5-21	704-715	commerciale	_	_	_	
5-22	716-717	e	_	_	_	
5-23	718-726	pubblico	_	_	_	
5-24	727-736	esercizio	_	_	_	
5-25	737-742	nella	_	_	_	
5-26	743-747	zona	_	_	_	
5-27	748-752	all’	_	_	_	
5-28	753-760	insegna	_	_	_	
5-29	761-763	di	_	_	_	
5-30	764-769	Corso	LOC[8]	_	_	
5-31	770-776	Italia	LOC[8]	_	_	
5-32	777-783	N.43/R	LOC[8]	_	_	
5-33	784-787	per	_	_	_	
5-34	788-793	altro	_	_	_	
5-35	794-797	con	_	_	_	
5-36	798-800	il	_	_	_	
5-37	801-808	veicolo	_	_	_	
5-38	809-819	automobile	_	_	_	
5-39	820-824	tipo	_	_	_	
5-40	825-832	renault	_	_	_	
5-41	833-837	clio	_	_	_	
5-42	838-843	targa	_	_	_	
5-43	844-851	VL815PI	_	_	_	
