#FORMAT=WebAnno TSV 3.3
#T_SP=custom.Span|label
#T_RL=custom.Relation|label|BT_custom.Span


#Text=CANONE PER L' OCCUPAZIONE DI SPAZI ED AREE PUBBLICHE RICHIESTA DI RIESAME IN AUTOTUTELA
1-1	0-6	CANONE	_	_	_	
1-2	7-10	PER	_	_	_	
1-3	11-13	L'	_	_	_	
1-4	14-25	OCCUPAZIONE	_	_	_	
1-5	26-28	DI	_	_	_	
1-6	29-34	SPAZI	_	_	_	
1-7	35-37	ED	_	_	_	
1-8	38-42	AREE	_	_	_	
1-9	43-52	PUBBLICHE	_	_	_	
1-10	53-62	RICHIESTA	_	_	_	
1-11	63-65	DI	_	_	_	
1-12	66-73	RIESAME	_	_	_	
1-13	74-76	IN	_	_	_	
1-14	77-87	AUTOTUTELA	_	_	_	

#Text=AL FUNZIONARIO RESPONSABILE
2-1	88-90	AL	_	_	_	
2-2	91-102	FUNZIONARIO	_	_	_	
2-3	103-115	RESPONSABILE	_	_	_	

#Text=Oggetto : Richiesta di annullamento di atto illegittimo / infondato .
3-1	116-123	Oggetto	_	_	_	
3-2	124-125	:	_	_	_	
3-3	126-135	Richiesta	_	_	_	
3-4	136-138	di	_	_	_	
3-5	139-151	annullamento	_	_	_	
3-6	152-154	di	_	_	_	
3-7	155-159	atto	_	_	_	
3-8	160-171	illegittimo	_	_	_	
3-9	172-173	/	_	_	_	
3-10	174-183	infondato	_	_	_	
3-11	184-185	.	_	_	_	

#Text=Il sottoscritto Luca Montiani nato a Poggibonsi il 13/03/1987 residente in Siena via Rivetto n. 12 tel. 055 356476 Codice fiscale MNTLCU87C13G752X .
4-1	186-188	Il	_	_	_	
4-2	189-201	sottoscritto	_	_	_	
4-3	202-206	Luca	PER[1]	addressR|addressR|birthLoc|birthDate|tel|cf	4-12[0_1]|4-13[2_1]|4-7[0_1]|4-9[0_1]|4-18[0_1]|4-21[0_1]	
4-4	207-215	Montiani	PER[1]	_	_	
4-5	216-220	nato	_	_	_	
4-6	221-222	a	_	_	_	
4-7	223-233	Poggibonsi	LOC	_	_	
4-8	234-236	il	_	_	_	
4-9	237-247	13/03/1987	DATE	_	_	
4-10	248-257	residente	_	_	_	
4-11	258-260	in	_	_	_	
4-12	261-266	Siena	LOC	_	_	
4-13	267-270	via	LOC[2]	_	_	
4-14	271-278	Rivetto	LOC[2]	_	_	
4-15	279-281	n.	LOC[2]	_	_	
4-16	282-284	12	LOC[2]	_	_	
4-17	285-289	tel.	_	_	_	
4-18	290-300	055 356476	NUMBER	_	_	
4-19	301-307	Codice	_	_	_	
4-20	308-315	fiscale	_	_	_	
4-21	316-332	MNTLCU87C13G752X	CF	_	_	
4-22	333-334	.	_	_	_	

#Text=CHIEDE
5-1	335-341	CHIEDE	_	_	_	

#Text=a codesto ufficio di riesaminare il provvedimento sopra indicato e di procedere al suo annullamento totale parziale ai sensi di quanto previsto dall art. 2 quater del D.L. n.564/1994 e successive modificazioni e del D.M. n. 37 / 1997 .
6-1	342-343	a	_	_	_	
6-2	344-351	codesto	_	_	_	
6-3	352-359	ufficio	_	_	_	
6-4	360-362	di	_	_	_	
6-5	363-374	riesaminare	_	_	_	
6-6	375-377	il	_	_	_	
6-7	378-391	provvedimento	_	_	_	
6-8	392-397	sopra	_	_	_	
6-9	398-406	indicato	_	_	_	
6-10	407-408	e	_	_	_	
6-11	409-411	di	_	_	_	
6-12	412-421	procedere	_	_	_	
6-13	422-424	al	_	_	_	
6-14	425-428	suo	_	_	_	
6-15	429-441	annullamento	_	_	_	
6-16	442-448	totale	_	_	_	
6-17	449-457	parziale	_	_	_	
6-18	458-460	ai	_	_	_	
6-19	461-466	sensi	_	_	_	
6-20	467-469	di	_	_	_	
6-21	470-476	quanto	_	_	_	
6-22	477-485	previsto	_	_	_	
6-23	486-490	dall	_	_	_	
6-24	491-495	art.	LEX[3]	_	_	
6-25	496-497	2	LEX[3]	_	_	
6-26	498-504	quater	LEX[3]	_	_	
6-27	505-508	del	LEX[3]	_	_	
6-28	509-513	D.L.	LEX[3]	_	_	
6-29	514-524	n.564/1994	LEX[3]	_	_	
6-30	525-526	e	_	_	_	
6-31	527-537	successive	_	_	_	
6-32	538-551	modificazioni	_	_	_	
6-33	552-553	e	_	_	_	
6-34	554-557	del	_	_	_	
6-35	558-562	D.M.	LEX[4]	_	_	
6-36	563-565	n.	LEX[4]	_	_	
6-37	566-568	37	LEX[4]	_	_	
6-38	569-570	/	LEX[4]	_	_	
6-39	571-575	1997	LEX[4]	_	_	
6-40	576-577	.	_	_	_	
