#FORMAT=WebAnno TSV 3.3
#T_SP=custom.Span|label
#T_RL=custom.Relation|label|BT_custom.Span


#Text=Comune di Lucca Provincia di Lucca
1-1	0-6	Comune	ENTE[1]	_	_	
1-2	7-9	di	ENTE[1]	_	_	
1-3	10-15	Lucca	ENTE[1]	_	_	
1-4	16-25	Provincia	ENTE[2]	_	_	
1-5	26-28	di	ENTE[2]	_	_	
1-6	29-34	Lucca	ENTE[2]	_	_	

#Text=RICHIESTA DI ACCESSO CIVICO AI SENSI DELL' ART. 5 , COMMA 2 , DEL D. LGS 14/03/2013 , N. 33 AL COMUNE DI LUCCA
2-1	35-44	RICHIESTA	_	_	_	
2-2	45-47	DI	_	_	_	
2-3	48-55	ACCESSO	_	_	_	
2-4	56-62	CIVICO	_	_	_	
2-5	63-65	AI	_	_	_	
2-6	66-71	SENSI	_	_	_	
2-7	72-77	DELL'	_	_	_	
2-8	78-84	ART. 5	LEX[3]	_	_	
2-9	85-86	,	LEX[3]	_	_	
2-10	87-92	COMMA	LEX[3]	_	_	
2-11	93-94	2	LEX[3]	_	_	
2-12	95-96	,	LEX[3]	_	_	
2-13	97-100	DEL	LEX[3]	_	_	
2-14	101-107	D. LGS	LEX[3]	_	_	
2-15	108-118	14/03/2013	LEX[3]	_	_	
2-16	119-120	,	LEX[3]	_	_	
2-17	121-126	N. 33	LEX[3]	_	_	
2-18	127-129	AL	_	_	_	
2-19	130-136	COMUNE	ENTE[4]	_	_	
2-20	137-139	DI	ENTE[4]	_	_	
2-21	140-145	LUCCA	ENTE[4]	_	_	

#Text=ai Responsabile della Prevenzione della Corruzione e della Trasparenza Io sottoscritto / a Paola Romitelli nato / a il 15/04/1978 in Lucca ( Lu ) e residente in LUCCA ( LU ) CHIEDO DI Ricevere documenti e comunicazioni relative alla presente istanza in Via delle strade n. civ. 14 CAP 55100 Comune Lucca Tel. 0583 9843621 Cell. 345 5874321 e-mail p.romitelli@gmail.com PEC ?
3-1	146-148	ai	_	_	_	
3-2	149-161	Responsabile	_	_	_	
3-3	162-167	della	_	_	_	
3-4	168-179	Prevenzione	_	_	_	
3-5	180-185	della	_	_	_	
3-6	186-196	Corruzione	_	_	_	
3-7	197-198	e	_	_	_	
3-8	199-204	della	_	_	_	
3-9	205-216	Trasparenza	_	_	_	
3-10	217-219	Io	_	_	_	
3-11	220-232	sottoscritto	_	_	_	
3-12	233-234	/	_	_	_	
3-13	235-236	a	_	_	_	
3-14	237-242	Paola	PER[5]	addressR|addressR|tel|birthLoc|tel|addressR|email|birthLoc|birthDate|addressR	3-51[0_5]|3-44[6_5]|3-57[0_5]|3-22[0_5]|3-55[0_5]|3-29[0_5]|3-59[0_5]|3-24[0_5]|3-20[0_5]|3-31[0_5]	
3-15	243-252	Romitelli	PER[5]	_	_	
3-16	253-257	nato	_	_	_	
3-17	258-259	/	_	_	_	
3-18	260-261	a	_	_	_	
3-19	262-264	il	_	_	_	
3-20	265-275	15/04/1978	DATE	_	_	
3-21	276-278	in	_	_	_	
3-22	279-284	Lucca	LOC	_	_	
3-23	285-286	(	_	_	_	
3-24	287-289	Lu	LOC	_	_	
3-25	290-291	)	_	_	_	
3-26	292-293	e	_	_	_	
3-27	294-303	residente	_	_	_	
3-28	304-306	in	_	_	_	
3-29	307-312	LUCCA	LOC	_	_	
3-30	313-314	(	_	_	_	
3-31	315-317	LU	LOC	_	_	
3-32	318-319	)	_	_	_	
3-33	320-326	CHIEDO	_	_	_	
3-34	327-329	DI	_	_	_	
3-35	330-338	Ricevere	_	_	_	
3-36	339-348	documenti	_	_	_	
3-37	349-350	e	_	_	_	
3-38	351-364	comunicazioni	_	_	_	
3-39	365-373	relative	_	_	_	
3-40	374-378	alla	_	_	_	
3-41	379-387	presente	_	_	_	
3-42	388-395	istanza	_	_	_	
3-43	396-398	in	_	_	_	
3-44	399-402	Via	LOC[6]	_	_	
3-45	403-408	delle	LOC[6]	_	_	
3-46	409-415	strade	LOC[6]	_	_	
3-47	416-418	n.	LOC[6]	_	_	
3-48	419-423	civ.	LOC[6]	_	_	
3-49	424-426	14	LOC[6]	_	_	
3-50	427-430	CAP	_	_	_	
3-51	431-436	55100	LOC	_	_	
3-52	437-443	Comune	_	_	_	
3-53	444-449	Lucca	LOC	_	_	
3-54	450-454	Tel.	_	_	_	
3-55	455-467	0583 9843621	NUMBER	_	_	
3-56	468-473	Cell.	_	_	_	
3-57	474-485	345 5874321	NUMBER	_	_	
3-58	486-492	e-mail	_	_	_	
3-59	493-514	p.romitelli@gmail.com	EMAIL	_	_	
3-60	515-518	PEC	_	_	_	
3-61	519-520	?	_	_	_	

#Text=Avere il link o l’ indicazione di dove reperire sul sito comunale i seguenti documenti che , a norma del d. lgs. 33/2013 codesta amministrazione aveva l’ obbligo di pubblicare nell’ apposita sezione del sito comunale denominata “ amministrazione trasparente ” ?
4-1	521-526	Avere	_	_	_	
4-2	527-529	il	_	_	_	
4-3	530-534	link	_	_	_	
4-4	535-536	o	_	_	_	
4-5	537-539	l’	_	_	_	
4-6	540-551	indicazione	_	_	_	
4-7	552-554	di	_	_	_	
4-8	555-559	dove	_	_	_	
4-9	560-568	reperire	_	_	_	
4-10	569-572	sul	_	_	_	
4-11	573-577	sito	_	_	_	
4-12	578-586	comunale	_	_	_	
4-13	587-588	i	_	_	_	
4-14	589-597	seguenti	_	_	_	
4-15	598-607	documenti	_	_	_	
4-16	608-611	che	_	_	_	
4-17	612-613	,	_	_	_	
4-18	614-615	a	_	_	_	
4-19	616-621	norma	_	_	_	
4-20	622-625	del	_	_	_	
4-21	626-633	d. lgs.	LEX[7]	_	_	
4-22	634-641	33/2013	LEX[7]	_	_	
4-23	642-649	codesta	_	_	_	
4-24	650-665	amministrazione	_	_	_	
4-25	666-671	aveva	_	_	_	
4-26	672-674	l’	_	_	_	
4-27	675-682	obbligo	_	_	_	
4-28	683-685	di	_	_	_	
4-29	686-696	pubblicare	_	_	_	
4-30	697-702	nell’	_	_	_	
4-31	703-711	apposita	_	_	_	
4-32	712-719	sezione	_	_	_	
4-33	720-723	del	_	_	_	
4-34	724-728	sito	_	_	_	
4-35	729-737	comunale	_	_	_	
4-36	738-748	denominata	_	_	_	
4-37	749-750	“	_	_	_	
4-38	751-766	amministrazione	_	_	_	
4-39	767-778	trasparente	_	_	_	
4-40	779-780	”	_	_	_	
4-41	781-782	?	_	_	_	

#Text=Poter consultare i seguenti documenti , che dovrebbero essere pubblicati nell’ apposita sezione del sito internet istituzionale denominata “ amministrazione trasparente ” : ?
5-1	783-788	Poter	_	_	_	
5-2	789-799	consultare	_	_	_	
5-3	800-801	i	_	_	_	
5-4	802-810	seguenti	_	_	_	
5-5	811-820	documenti	_	_	_	
5-6	821-822	,	_	_	_	
5-7	823-826	che	_	_	_	
5-8	827-837	dovrebbero	_	_	_	
5-9	838-844	essere	_	_	_	
5-10	845-855	pubblicati	_	_	_	
5-11	856-861	nell’	_	_	_	
5-12	862-870	apposita	_	_	_	
5-13	871-878	sezione	_	_	_	
5-14	879-882	del	_	_	_	
5-15	883-887	sito	_	_	_	
5-16	888-896	internet	_	_	_	
5-17	897-910	istituzionale	_	_	_	
5-18	911-921	denominata	_	_	_	
5-19	922-923	“	_	_	_	
5-20	924-939	amministrazione	_	_	_	
5-21	940-951	trasparente	_	_	_	
5-22	952-953	”	_	_	_	
5-23	954-955	:	_	_	_	
5-24	956-957	?	_	_	_	

#Text=Poter avere copia dei seguenti documenti , che dovrebbero essere pubblicati nell’ apposita sezione del sito internet istituzionale denominata “ amministrazione trasparente ” : 1 .
6-1	958-963	Poter	_	_	_	
6-2	964-969	avere	_	_	_	
6-3	970-975	copia	_	_	_	
6-4	976-979	dei	_	_	_	
6-5	980-988	seguenti	_	_	_	
6-6	989-998	documenti	_	_	_	
6-7	999-1000	,	_	_	_	
6-8	1001-1004	che	_	_	_	
6-9	1005-1015	dovrebbero	_	_	_	
6-10	1016-1022	essere	_	_	_	
6-11	1023-1033	pubblicati	_	_	_	
6-12	1034-1039	nell’	_	_	_	
6-13	1040-1048	apposita	_	_	_	
6-14	1049-1056	sezione	_	_	_	
6-15	1057-1060	del	_	_	_	
6-16	1061-1065	sito	_	_	_	
6-17	1066-1074	internet	_	_	_	
6-18	1075-1088	istituzionale	_	_	_	
6-19	1089-1099	denominata	_	_	_	
6-20	1100-1101	“	_	_	_	
6-21	1102-1117	amministrazione	_	_	_	
6-22	1118-1129	trasparente	_	_	_	
6-23	1130-1131	”	_	_	_	
6-24	1132-1133	:	_	_	_	
6-25	1134-1135	1	_	_	_	
6-26	1136-1137	.	_	_	_	

#Text=all' indirizzo e-mail sopra indicato ; 2 .
7-1	1138-1142	all'	_	_	_	
7-2	1143-1152	indirizzo	_	_	_	
7-3	1153-1159	e-mail	_	_	_	
7-4	1160-1165	sopra	_	_	_	
7-5	1166-1174	indicato	_	_	_	
7-6	1175-1176	;	_	_	_	
7-7	1177-1178	2	_	_	_	
7-8	1179-1180	.	_	_	_	

#Text=all' indirizzo di posta elettronica certificata sopra indicato ; 3 .
8-1	1181-1185	all'	_	_	_	
8-2	1186-1195	indirizzo	_	_	_	
8-3	1196-1198	di	_	_	_	
8-4	1199-1204	posta	_	_	_	
8-5	1205-1216	elettronica	_	_	_	
8-6	1217-1228	certificata	_	_	_	
8-7	1229-1234	sopra	_	_	_	
8-8	1235-1243	indicato	_	_	_	
8-9	1244-1245	;	_	_	_	
8-10	1246-1247	3	_	_	_	
8-11	1248-1249	.	_	_	_	

#Text=copia semplice ; 4 .
9-1	1250-1255	copia	_	_	_	
9-2	1256-1264	semplice	_	_	_	
9-3	1265-1266	;	_	_	_	
9-4	1267-1268	4	_	_	_	
9-5	1269-1270	.	_	_	_	

#Text=CD ;
10-1	1271-1273	CD	_	_	_	
10-2	1274-1275	;	_	_	_	

#Text=5 .
11-1	1276-1277	5	_	_	_	
11-2	1278-1279	.	_	_	_	

#Text=USB ;
12-1	1280-1283	USB	_	_	_	
12-2	1284-1285	;	_	_	_	

#Text=6 .
13-1	1286-1287	6	_	_	_	
13-2	1288-1289	.	_	_	_	

#Text=altro .
14-1	1290-1295	altro	_	_	_	
14-2	1296-1297	.	_	_	_	

#Text=[ Inserire qui la sommaria descrizione dei documenti che si stanno ricercando ] Chiedo anche di essere informato quando l’ adempimento della pubblicazione sarà eseguito da codesto comune rispetto ai documenti indicati che avrebbero dovuto essere già pubblicati in che non fanno parte di “ amministrazione trasparente ” .
15-1	1298-1299	[	_	_	_	
15-2	1300-1308	Inserire	_	_	_	
15-3	1309-1312	qui	_	_	_	
15-4	1313-1315	la	_	_	_	
15-5	1316-1324	sommaria	_	_	_	
15-6	1325-1336	descrizione	_	_	_	
15-7	1337-1340	dei	_	_	_	
15-8	1341-1350	documenti	_	_	_	
15-9	1351-1354	che	_	_	_	
15-10	1355-1357	si	_	_	_	
15-11	1358-1364	stanno	_	_	_	
15-12	1365-1375	ricercando	_	_	_	
15-13	1376-1377	]	_	_	_	
15-14	1378-1384	Chiedo	_	_	_	
15-15	1385-1390	anche	_	_	_	
15-16	1391-1393	di	_	_	_	
15-17	1394-1400	essere	_	_	_	
15-18	1401-1410	informato	_	_	_	
15-19	1411-1417	quando	_	_	_	
15-20	1418-1420	l’	_	_	_	
15-21	1421-1432	adempimento	_	_	_	
15-22	1433-1438	della	_	_	_	
15-23	1439-1452	pubblicazione	_	_	_	
15-24	1453-1457	sarà	_	_	_	
15-25	1458-1466	eseguito	_	_	_	
15-26	1467-1469	da	_	_	_	
15-27	1470-1477	codesto	_	_	_	
15-28	1478-1484	comune	_	_	_	
15-29	1485-1493	rispetto	_	_	_	
15-30	1494-1496	ai	_	_	_	
15-31	1497-1506	documenti	_	_	_	
15-32	1507-1515	indicati	_	_	_	
15-33	1516-1519	che	_	_	_	
15-34	1520-1529	avrebbero	_	_	_	
15-35	1530-1536	dovuto	_	_	_	
15-36	1537-1543	essere	_	_	_	
15-37	1544-1547	già	_	_	_	
15-38	1548-1558	pubblicati	_	_	_	
15-39	1559-1561	in	_	_	_	
15-40	1562-1565	che	_	_	_	
15-41	1566-1569	non	_	_	_	
15-42	1570-1575	fanno	_	_	_	
15-43	1576-1581	parte	_	_	_	
15-44	1582-1584	di	_	_	_	
15-45	1585-1586	“	_	_	_	
15-46	1587-1602	amministrazione	_	_	_	
15-47	1603-1614	trasparente	_	_	_	
15-48	1615-1616	”	_	_	_	
15-49	1617-1618	.	_	_	_	
