#FORMAT=WebAnno TSV 3.3
#T_SP=custom.Span|label
#T_RL=custom.Relation|label|BT_custom.Span


#Text=Al Comune di Roma
1-1	0-2	Al	_	_	_	
1-2	3-9	Comune	ENTE[1]	_	_	
1-3	10-12	di	ENTE[1]	_	_	
1-4	13-17	Roma	ENTE[1]	_	_	

#Text=Pratica edilizia 123 Del 12/04/2013 Protocollo 147 / bis
2-1	18-25	Pratica	_	_	_	
2-2	26-34	edilizia	_	_	_	
2-3	35-38	123	_	_	_	
2-4	39-42	Del	_	_	_	
2-5	43-53	12/04/2013	_	_	_	
2-6	54-64	Protocollo	_	_	_	
2-7	65-68	147	_	_	_	
2-8	69-70	/	_	_	_	
2-9	71-74	bis	_	_	_	

#Text=SEGNALAZIONE CERTIFICATA DI INIZIO ATTIVITÀ ( art. 22 , d.P.R. 6 giugno 2001 , n. 380 - art. 19 , 19-bis 7 agosto 1990 , n. 241 – artt. 5 , 6 e 7 , d.P.R. 7 settembre 2010 , n. 160 )
3-1	75-87	SEGNALAZIONE	_	_	_	
3-2	88-99	CERTIFICATA	_	_	_	
3-3	100-102	DI	_	_	_	
3-4	103-109	INIZIO	_	_	_	
3-5	110-118	ATTIVITÀ	_	_	_	
3-6	119-120	(	_	_	_	
3-7	121-125	art.	LEX[2]	_	_	
3-8	126-128	22	LEX[2]	_	_	
3-9	129-130	,	LEX[2]	_	_	
3-10	131-137	d.P.R.	LEX[2]	_	_	
3-11	138-139	6	LEX[2]	_	_	
3-12	140-146	giugno	LEX[2]	_	_	
3-13	147-151	2001	LEX[2]	_	_	
3-14	152-153	,	LEX[2]	_	_	
3-15	154-160	n. 380	LEX[2]	_	_	
3-16	161-162	-	_	_	_	
3-17	163-167	art.	LEX[3]	_	_	
3-18	168-170	19	LEX[3]	_	_	
3-19	171-172	,	LEX[3]	_	_	
3-20	173-179	19-bis	LEX[3]	_	_	
3-21	180-181	7	LEX[3]	_	_	
3-22	182-188	agosto	LEX[3]	_	_	
3-23	189-193	1990	LEX[3]	_	_	
3-24	194-195	,	LEX[3]	_	_	
3-25	196-202	n. 241	LEX[3]	_	_	
3-26	203-204	–	_	_	_	
3-27	205-210	artt.	LEX[4]	_	_	
3-28	211-212	5	LEX[4]	_	_	
3-29	213-214	,	LEX[4]	_	_	
3-30	215-216	6	LEX[4]	_	_	
3-31	217-218	e	LEX[4]	_	_	
3-32	219-220	7	LEX[4]	_	_	
3-33	221-222	,	LEX[4]	_	_	
3-34	223-229	d.P.R.	LEX[4]	_	_	
3-35	230-231	7	LEX[4]	_	_	
3-36	232-241	settembre	LEX[4]	_	_	
3-37	242-246	2010	LEX[4]	_	_	
3-38	247-248	,	LEX[4]	_	_	
3-39	249-255	n. 160	LEX[4]	_	_	
3-40	256-257	)	_	_	_	

#Text=DATI DEL TITOLARE ( in caso di più titolari , la sezione è ripetibile nell’ allegato “ SOGGETTI COINVOLTI ” ) Cognome e Nome Ancilotti Fabio codice fiscale NCLFBA81E25M082X nato a Viterbo prov. VT stato Italia nato il 25/05/1981 residente in Roma prov. RO Stato Italia indirizzo via di San Paolo n. 17 C.A.P. 10 PEC / posta elettronica fancilotti@ancilottisrl.org Telefono fisso / cellulare 335 6774532 DATI DELLA DITTA O SOCIETA’ in qualità di titolare della ditta / società Ancilotti costruzioni s.p.a. codice fiscale / p. IVA 984536781 Iscritta alla C.C.I.A.A. di Roma prov. RO con sede in Roma prov. RM Indirizzo Via dell' Umiltà 48 PEC / posta elettronica posta@ancilottisrl.org C.A.P. 00187 Telefono fisso / cellulare 06 520821 DATI DEL PROCURATORE / DELEGATO ( compilare in caso di conferimento di procura ) Cognome Destro Nome Giuseppe codice fiscale DSTGPP75B09H501W Nato / a Roma prov. RM Stato Italia il 09/02/75 residente in Roma prov. RM Stato Italia indirizzo Via Ponzio Pilato n. 73 C.A.P. 189 PEC / posta elettronica gdestro@ancilottisrl.org Telefono fisso / cellulare +39 345 0900012 DICHIARAZIONI ( artt. 46e 47 del d.PR. n. 445 del 2000 )
4-1	258-262	DATI	_	_	_	
4-2	263-266	DEL	_	_	_	
4-3	267-275	TITOLARE	ROLE	_	_	
4-4	276-277	(	_	_	_	
4-5	278-280	in	_	_	_	
4-6	281-285	caso	_	_	_	
4-7	286-288	di	_	_	_	
4-8	289-292	più	_	_	_	
4-9	293-301	titolari	_	_	_	
4-10	302-303	,	_	_	_	
4-11	304-306	la	_	_	_	
4-12	307-314	sezione	_	_	_	
4-13	315-316	è	_	_	_	
4-14	317-327	ripetibile	_	_	_	
4-15	328-333	nell’	_	_	_	
4-16	334-342	allegato	_	_	_	
4-17	343-344	“	_	_	_	
4-18	345-353	SOGGETTI	_	_	_	
4-19	354-363	COINVOLTI	_	_	_	
4-20	364-365	”	_	_	_	
4-21	366-367	)	_	_	_	
4-22	368-375	Cognome	_	_	_	
4-23	376-377	e	_	_	_	
4-24	378-382	Nome	_	_	_	
4-25	383-392	Ancilotti	PER[5]	personalRole|addressR|personalRole|addressR|addressR|birthDate|tel|birthLoc|addressR|birthLoc|birthLoc|addressR|email|cf	4-3[0_5]|4-54[0_5]|4-73[0_5]|4-48[6_5]|4-44[0_5]|4-39[0_5]|4-64[0_5]|4-36[0_5]|4-42[0_5]|4-32[0_5]|4-34[0_5]|4-46[0_5]|4-59[0_5]|4-29[0_5]	
4-26	393-398	Fabio	PER[5]	_	_	
4-27	399-405	codice	_	_	_	
4-28	406-413	fiscale	_	_	_	
4-29	414-430	NCLFBA81E25M082X	CF	_	_	
4-30	431-435	nato	_	_	_	
4-31	436-437	a	_	_	_	
4-32	438-445	Viterbo	LOC	_	_	
4-33	446-451	prov.	_	_	_	
4-34	452-454	VT	LOC	_	_	
4-35	455-460	stato	_	_	_	
4-36	461-467	Italia	LOC	_	_	
4-37	468-472	nato	_	_	_	
4-38	473-475	il	_	_	_	
4-39	476-486	25/05/1981	DATE	_	_	
4-40	487-496	residente	_	_	_	
4-41	497-499	in	_	_	_	
4-42	500-504	Roma	LOC	_	_	
4-43	505-510	prov.	_	_	_	
4-44	511-513	RO	LOC	_	_	
4-45	514-519	Stato	_	_	_	
4-46	520-526	Italia	LOC	_	_	
4-47	527-536	indirizzo	_	_	_	
4-48	537-540	via	LOC[6]	_	_	
4-49	541-543	di	LOC[6]	_	_	
4-50	544-547	San	LOC[6]	_	_	
4-51	548-553	Paolo	LOC[6]	_	_	
4-52	554-559	n. 17	LOC[6]	_	_	
4-53	560-566	C.A.P.	_	_	_	
4-54	567-569	10	LOC	_	_	
4-55	570-573	PEC	_	_	_	
4-56	574-575	/	_	_	_	
4-57	576-581	posta	_	_	_	
4-58	582-593	elettronica	_	_	_	
4-59	594-621	fancilotti@ancilottisrl.org	EMAIL	_	_	
4-60	622-630	Telefono	_	_	_	
4-61	631-636	fisso	_	_	_	
4-62	637-638	/	_	_	_	
4-63	639-648	cellulare	_	_	_	
4-64	649-660	335 6774532	NUMBER	_	_	
4-65	661-665	DATI	_	_	_	
4-66	666-671	DELLA	_	_	_	
4-67	672-677	DITTA	_	_	_	
4-68	678-679	O	_	_	_	
4-69	680-688	SOCIETA’	_	_	_	
4-70	689-691	in	_	_	_	
4-71	692-699	qualità	_	_	_	
4-72	700-702	di	_	_	_	
4-73	703-711	titolare	ROLE	_	_	
4-74	712-717	della	_	_	_	
4-75	718-723	ditta	_	_	_	
4-76	724-725	/	_	_	_	
4-77	726-733	società	_	_	_	
4-78	734-743	Ancilotti	ORG[7]	addressR|op|addressR|companyRole|tel|vat|addressR|email|addressR	4-110[0_7]|4-131[0_7]|4-100[9_7]|4-25[5_7]|4-115[0_7]|4-85[0_7]|4-96[0_7]|4-108[0_7]|4-98[0_7]	
4-79	744-755	costruzioni	ORG[7]	_	_	
4-80	756-762	s.p.a.	ORG[7]	_	_	
4-81	763-769	codice	_	_	_	
4-82	770-777	fiscale	_	_	_	
4-83	778-779	/	_	_	_	
4-84	780-786	p. IVA	_	_	_	
4-85	787-796	984536781	CF	_	_	
4-86	797-805	Iscritta	_	_	_	
4-87	806-810	alla	_	_	_	
4-88	811-821	C.C.I.A.A.	ENTE[8]	_	_	
4-89	822-824	di	ENTE[8]	_	_	
4-90	825-829	Roma	ENTE[8]	_	_	
4-91	830-835	prov.	_	_	_	
4-92	836-838	RO	LOC	_	_	
4-93	839-842	con	_	_	_	
4-94	843-847	sede	_	_	_	
4-95	848-850	in	_	_	_	
4-96	851-855	Roma	LOC	_	_	
4-97	856-861	prov.	_	_	_	
4-98	862-864	RM	LOC	_	_	
4-99	865-874	Indirizzo	_	_	_	
4-100	875-878	Via	LOC[9]	_	_	
4-101	879-884	dell'	LOC[9]	_	_	
4-102	885-891	Umiltà	LOC[9]	_	_	
4-103	892-894	48	LOC[9]	_	_	
4-104	895-898	PEC	_	_	_	
4-105	899-900	/	_	_	_	
4-106	901-906	posta	_	_	_	
4-107	907-918	elettronica	_	_	_	
4-108	919-941	posta@ancilottisrl.org	EMAIL	_	_	
4-109	942-948	C.A.P.	_	_	_	
4-110	949-954	00187	LOC	_	_	
4-111	955-963	Telefono	_	_	_	
4-112	964-969	fisso	_	_	_	
4-113	970-971	/	_	_	_	
4-114	972-981	cellulare	_	_	_	
4-115	982-991	06 520821	NUMBER	_	_	
4-116	992-996	DATI	_	_	_	
4-117	997-1000	DEL	_	_	_	
4-118	1001-1012	PROCURATORE	ROLE	_	_	
4-119	1013-1014	/	_	_	_	
4-120	1015-1023	DELEGATO	ROLE	_	_	
4-121	1024-1025	(	_	_	_	
4-122	1026-1035	compilare	_	_	_	
4-123	1036-1038	in	_	_	_	
4-124	1039-1043	caso	_	_	_	
4-125	1044-1046	di	_	_	_	
4-126	1047-1059	conferimento	_	_	_	
4-127	1060-1062	di	_	_	_	
4-128	1063-1070	procura	_	_	_	
4-129	1071-1072	)	_	_	_	
4-130	1073-1080	Cognome	_	_	_	
4-131	1081-1087	Destro	PER	addressR|cf|birthLoc|birthLoc|email|addressR|tel|name|birthLoc|birthDate|addressR|personalRole|personalRole|addressR|addressR	4-153|4-136|4-140|4-142|4-165|4-149|4-170|4-133|4-144|4-146|4-151|4-118|4-120|4-160|4-155[10_0]	
4-132	1088-1092	Nome	_	_	_	
4-133	1093-1101	Giuseppe	PER	_	_	
4-134	1102-1108	codice	_	_	_	
4-135	1109-1116	fiscale	_	_	_	
4-136	1117-1133	DSTGPP75B09H501W	CF	_	_	
4-137	1134-1138	Nato	_	_	_	
4-138	1139-1140	/	_	_	_	
4-139	1141-1142	a	_	_	_	
4-140	1143-1147	Roma	LOC	_	_	
4-141	1148-1153	prov.	_	_	_	
4-142	1154-1156	RM	LOC	_	_	
4-143	1157-1162	Stato	_	_	_	
4-144	1163-1169	Italia	LOC	_	_	
4-145	1170-1172	il	_	_	_	
4-146	1173-1181	09/02/75	DATE	_	_	
4-147	1182-1191	residente	_	_	_	
4-148	1192-1194	in	_	_	_	
4-149	1195-1199	Roma	LOC	_	_	
4-150	1200-1205	prov.	_	_	_	
4-151	1206-1208	RM	LOC	_	_	
4-152	1209-1214	Stato	_	_	_	
4-153	1215-1221	Italia	LOC	_	_	
4-154	1222-1231	indirizzo	_	_	_	
4-155	1232-1235	Via	LOC[10]	_	_	
4-156	1236-1242	Ponzio	LOC[10]	_	_	
4-157	1243-1249	Pilato	LOC[10]	_	_	
4-158	1250-1255	n. 73	LOC[10]	_	_	
4-159	1256-1262	C.A.P.	_	_	_	
4-160	1263-1266	189	LOC	_	_	
4-161	1267-1270	PEC	_	_	_	
4-162	1271-1272	/	_	_	_	
4-163	1273-1278	posta	_	_	_	
4-164	1279-1290	elettronica	_	_	_	
4-165	1291-1315	gdestro@ancilottisrl.org	EMAIL	_	_	
4-166	1316-1324	Telefono	_	_	_	
4-167	1325-1330	fisso	_	_	_	
4-168	1331-1332	/	_	_	_	
4-169	1333-1342	cellulare	_	_	_	
4-170	1343-1358	+39 345 0900012	NUMBER	_	_	
4-171	1359-1372	DICHIARAZIONI	_	_	_	
4-172	1373-1374	(	_	_	_	
4-173	1375-1380	artt.	LEX[11]	_	_	
4-174	1381-1384	46e	LEX[11]	_	_	
4-175	1385-1387	47	LEX[11]	_	_	
4-176	1388-1391	del	LEX[11]	_	_	
4-177	1392-1397	d.PR.	LEX[11]	_	_	
4-178	1398-1404	n. 445	LEX[11]	_	_	
4-179	1405-1408	del	LEX[11]	_	_	
4-180	1409-1413	2000	LEX[11]	_	_	
4-181	1414-1415	)	_	_	_	
