#FORMAT=WebAnno TSV 3.3
#T_SP=custom.Span|label
#T_RL=custom.Relation|label|BT_custom.Span


#Text=BOLLO AL SIGNOR SINDACO DEL COMUNE DI BAGNO A RIPOLI Il sottoscritto Luigi Perotti nato a Bagno a Ripoli il 16 febbraio 1989 residente a Grassina con domicilio in via Pian di Grassina 45 ai sensi dell’ art. 18 della Legge 28 febbraio 1985 n.47 , chiede il rilascio del CERTIFICATO DI DESTINAZIONE URBANISTICA del seguente immobile :
1-1	0-5	BOLLO	_	_	_	
1-2	6-8	AL	_	_	_	
1-3	9-15	SIGNOR	_	_	_	
1-4	16-23	SINDACO	_	_	_	
1-5	24-27	DEL	_	_	_	
1-6	28-34	COMUNE	ENTE[1]	_	_	
1-7	35-37	DI	ENTE[1]	_	_	
1-8	38-43	BAGNO	ENTE[1]	_	_	
1-9	44-45	A	ENTE[1]	_	_	
1-10	46-52	RIPOLI	ENTE[1]	_	_	
1-11	53-55	Il	_	_	_	
1-12	56-68	sottoscritto	_	_	_	
1-13	69-74	Luigi	PER[2]	addressR|birthLoc|addressR|birthDate	1-30[5_2]|1-17[3_2]|1-26[0_2]|1-21[4_2]	
1-14	75-82	Perotti	PER[2]	_	_	
1-15	83-87	nato	_	_	_	
1-16	88-89	a	_	_	_	
1-17	90-95	Bagno	LOC[3]	_	_	
1-18	96-97	a	LOC[3]	_	_	
1-19	98-104	Ripoli	LOC[3]	_	_	
1-20	105-107	il	_	_	_	
1-21	108-110	16	DATE[4]	_	_	
1-22	111-119	febbraio	DATE[4]	_	_	
1-23	120-124	1989	DATE[4]	_	_	
1-24	125-134	residente	_	_	_	
1-25	135-136	a	_	_	_	
1-26	137-145	Grassina	LOC	_	_	
1-27	146-149	con	_	_	_	
1-28	150-159	domicilio	_	_	_	
1-29	160-162	in	_	_	_	
1-30	163-166	via	LOC[5]	_	_	
1-31	167-171	Pian	LOC[5]	_	_	
1-32	172-174	di	LOC[5]	_	_	
1-33	175-183	Grassina	LOC[5]	_	_	
1-34	184-186	45	LOC[5]	_	_	
1-35	187-189	ai	_	_	_	
1-36	190-195	sensi	_	_	_	
1-37	196-201	dell’	_	_	_	
1-38	202-209	art. 18	LEX[6]	_	_	
1-39	210-215	della	LEX[6]	_	_	
1-40	216-221	Legge	LEX[6]	_	_	
1-41	222-224	28	LEX[6]	_	_	
1-42	225-233	febbraio	LEX[6]	_	_	
1-43	234-238	1985	LEX[6]	_	_	
1-44	239-243	n.47	LEX[6]	_	_	
1-45	244-245	,	_	_	_	
1-46	246-252	chiede	_	_	_	
1-47	253-255	il	_	_	_	
1-48	256-264	rilascio	_	_	_	
1-49	265-268	del	_	_	_	
1-50	269-280	CERTIFICATO	_	_	_	
1-51	281-283	DI	_	_	_	
1-52	284-296	DESTINAZIONE	_	_	_	
1-53	297-308	URBANISTICA	_	_	_	
1-54	309-312	del	_	_	_	
1-55	313-321	seguente	_	_	_	
1-56	322-330	immobile	_	_	_	
1-57	331-332	:	_	_	_	

#Text=- Appezzamento di terreno sito in Agro di Bitonto alla Contrada 4 in catasto contraddistinto al foglio di mappa particella n.6 .
2-1	333-334	-	_	_	_	
2-2	335-347	Appezzamento	_	_	_	
2-3	348-350	di	_	_	_	
2-4	351-358	terreno	_	_	_	
2-5	359-363	sito	_	_	_	
2-6	364-366	in	_	_	_	
2-7	367-371	Agro	LOC[7]	_	_	
2-8	372-374	di	LOC[7]	_	_	
2-9	375-382	Bitonto	LOC[7]	_	_	
2-10	383-387	alla	_	_	_	
2-11	388-396	Contrada	LOC[8]	_	_	
2-12	397-398	4	LOC[8]	_	_	
2-13	399-401	in	_	_	_	
2-14	402-409	catasto	_	_	_	
2-15	410-425	contraddistinto	_	_	_	
2-16	426-428	al	_	_	_	
2-17	429-435	foglio	_	_	_	
2-18	436-438	di	_	_	_	
2-19	439-444	mappa	_	_	_	
2-20	445-455	particella	_	_	_	
2-21	456-459	n.6	_	_	_	
2-22	460-461	.	_	_	_	

#Text=Il / la sottoscritto / a dichiara di essere stato / a informato / a , tramite apposita informativa resa disponibile dall’ ente a cui è indirizzato il presente documento , ai sensi e per gli effetti degli articoli 13 e seg. del Regolamento Generale sulla Protezione dei Dati ( RGPD-UE 2016/679 ) , che i dati personali raccolti saranno trattati , anche con strumenti informatici , esclusivamente nell’ ambito del procedimento per il quale la presente istanza / dichiarazione viene resa .
3-1	462-464	Il	_	_	_	
3-2	465-466	/	_	_	_	
3-3	467-469	la	_	_	_	
3-4	470-482	sottoscritto	_	_	_	
3-5	483-484	/	_	_	_	
3-6	485-486	a	_	_	_	
3-7	487-495	dichiara	_	_	_	
3-8	496-498	di	_	_	_	
3-9	499-505	essere	_	_	_	
3-10	506-511	stato	_	_	_	
3-11	512-513	/	_	_	_	
3-12	514-515	a	_	_	_	
3-13	516-525	informato	_	_	_	
3-14	526-527	/	_	_	_	
3-15	528-529	a	_	_	_	
3-16	530-531	,	_	_	_	
3-17	532-539	tramite	_	_	_	
3-18	540-548	apposita	_	_	_	
3-19	549-560	informativa	_	_	_	
3-20	561-565	resa	_	_	_	
3-21	566-577	disponibile	_	_	_	
3-22	578-583	dall’	_	_	_	
3-23	584-588	ente	_	_	_	
3-24	589-590	a	_	_	_	
3-25	591-594	cui	_	_	_	
3-26	595-596	è	_	_	_	
3-27	597-608	indirizzato	_	_	_	
3-28	609-611	il	_	_	_	
3-29	612-620	presente	_	_	_	
3-30	621-630	documento	_	_	_	
3-31	631-632	,	_	_	_	
3-32	633-635	ai	_	_	_	
3-33	636-641	sensi	_	_	_	
3-34	642-643	e	_	_	_	
3-35	644-647	per	_	_	_	
3-36	648-651	gli	_	_	_	
3-37	652-659	effetti	_	_	_	
3-38	660-665	degli	_	_	_	
3-39	666-674	articoli	LEX[9]	_	_	
3-40	675-677	13	LEX[9]	_	_	
3-41	678-679	e	LEX[9]	_	_	
3-42	680-684	seg.	LEX[9]	_	_	
3-43	685-688	del	LEX[9]	_	_	
3-44	689-700	Regolamento	LEX[9]	_	_	
3-45	701-709	Generale	LEX[9]	_	_	
3-46	710-715	sulla	LEX[9]	_	_	
3-47	716-726	Protezione	LEX[9]	_	_	
3-48	727-730	dei	LEX[9]	_	_	
3-49	731-735	Dati	LEX[9]	_	_	
3-50	736-737	(	_	_	_	
3-51	738-745	RGPD-UE	_	_	_	
3-52	746-754	2016/679	_	_	_	
3-53	755-756	)	_	_	_	
3-54	757-758	,	_	_	_	
3-55	759-762	che	_	_	_	
3-56	763-764	i	_	_	_	
3-57	765-769	dati	_	_	_	
3-58	770-779	personali	_	_	_	
3-59	780-788	raccolti	_	_	_	
3-60	789-796	saranno	_	_	_	
3-61	797-805	trattati	_	_	_	
3-62	806-807	,	_	_	_	
3-63	808-813	anche	_	_	_	
3-64	814-817	con	_	_	_	
3-65	818-827	strumenti	_	_	_	
3-66	828-839	informatici	_	_	_	
3-67	840-841	,	_	_	_	
3-68	842-856	esclusivamente	_	_	_	
3-69	857-862	nell’	_	_	_	
3-70	863-869	ambito	_	_	_	
3-71	870-873	del	_	_	_	
3-72	874-886	procedimento	_	_	_	
3-73	887-890	per	_	_	_	
3-74	891-893	il	_	_	_	
3-75	894-899	quale	_	_	_	
3-76	900-902	la	_	_	_	
3-77	903-911	presente	_	_	_	
3-78	912-919	istanza	_	_	_	
3-79	920-921	/	_	_	_	
3-80	922-935	dichiarazione	_	_	_	
3-81	936-941	viene	_	_	_	
3-82	942-946	resa	_	_	_	
3-83	947-948	.	_	_	_	

#Text=Si allega alla presente :
4-1	949-951	Si	_	_	_	
4-2	952-958	allega	_	_	_	
4-3	959-963	alla	_	_	_	
4-4	964-972	presente	_	_	_	
4-5	973-974	:	_	_	_	

#Text=• stralcio del foglio di mappa e visura riportante la situazione catastale aggiornata ;
5-1	975-976	•	_	_	_	
5-2	977-985	stralcio	_	_	_	
5-3	986-989	del	_	_	_	
5-4	990-996	foglio	_	_	_	
5-5	997-999	di	_	_	_	
5-6	1000-1005	mappa	_	_	_	
5-7	1006-1007	e	_	_	_	
5-8	1008-1014	visura	_	_	_	
5-9	1015-1025	riportante	_	_	_	
5-10	1026-1028	la	_	_	_	
5-11	1029-1039	situazione	_	_	_	
5-12	1040-1049	catastale	_	_	_	
5-13	1050-1060	aggiornata	_	_	_	
5-14	1061-1062	;	_	_	_	

#Text=• ricevuta di versamento sul c / c postale n. 17044108 intestato al Comune di Bagno a Ripoli – Servizio Tesoreria – 25/09/2017 , li Bagno a Ripoli
6-1	1063-1064	•	_	_	_	
6-2	1065-1073	ricevuta	_	_	_	
6-3	1074-1076	di	_	_	_	
6-4	1077-1087	versamento	_	_	_	
6-5	1088-1091	sul	_	_	_	
6-6	1092-1093	c	_	_	_	
6-7	1094-1095	/	_	_	_	
6-8	1096-1097	c	_	_	_	
6-9	1098-1105	postale	_	_	_	
6-10	1106-1117	n. 17044108	_	_	_	
6-11	1118-1127	intestato	_	_	_	
6-12	1128-1130	al	_	_	_	
6-13	1131-1137	Comune	ENTE[10]	_	_	
6-14	1138-1140	di	ENTE[10]	_	_	
6-15	1141-1146	Bagno	ENTE[10]	_	_	
6-16	1147-1148	a	ENTE[10]	_	_	
6-17	1149-1155	Ripoli	ENTE[10]	_	_	
6-18	1156-1157	–	_	_	_	
6-19	1158-1166	Servizio	_	_	_	
6-20	1167-1176	Tesoreria	_	_	_	
6-21	1177-1178	–	_	_	_	
6-22	1179-1189	25/09/2017	_	_	_	
6-23	1190-1191	,	_	_	_	
6-24	1192-1194	li	_	_	_	
6-25	1195-1200	Bagno	LOC[11]	_	_	
6-26	1201-1202	a	LOC[11]	_	_	
6-27	1203-1209	Ripoli	LOC[11]	_	_	

#Text=Con osservanza
7-1	1210-1213	Con	_	_	_	
7-2	1214-1224	osservanza	_	_	_	
