#FORMAT=WebAnno TSV 3.3
#T_SP=custom.Span|label
#T_RL=custom.Relation|label|BT_custom.Span


#Text=QUESTURA DI Napoli
1-1	0-8	QUESTURA	ENTE[1]	_	_	
1-2	9-11	DI	ENTE[1]	_	_	
1-3	12-18	Napoli	ENTE[1]	_	_	

#Text=Vista la dichiarazione di accompagnamento resa ai sensi dell’ art. 14 della legge 1185 / 1967
2-1	19-24	Vista	_	_	_	
2-2	25-27	la	_	_	_	
2-3	28-41	dichiarazione	_	_	_	
2-4	42-44	di	_	_	_	
2-5	45-60	accompagnamento	_	_	_	
2-6	61-65	resa	_	_	_	
2-7	66-68	ai	_	_	_	
2-8	69-74	sensi	_	_	_	
2-9	75-80	dell’	_	_	_	
2-10	81-85	art.	LEX[2]	_	_	
2-11	86-88	14	LEX[2]	_	_	
2-12	89-94	della	LEX[2]	_	_	
2-13	95-100	legge	LEX[2]	_	_	
2-14	101-105	1185	LEX[2]	_	_	
2-15	106-107	/	LEX[2]	_	_	
2-16	108-112	1967	LEX[2]	_	_	

#Text=Having regard to the letter of consent submitted under art. 14 , law no. 1185 / 1967
3-1	113-119	Having	_	_	_	
3-2	120-126	regard	_	_	_	
3-3	127-129	to	_	_	_	
3-4	130-133	the	_	_	_	
3-5	134-140	letter	_	_	_	
3-6	141-143	of	_	_	_	
3-7	144-151	consent	_	_	_	
3-8	152-161	submitted	_	_	_	
3-9	162-167	under	_	_	_	
3-10	168-172	art.	LEX[3]	_	_	
3-11	173-175	14	LEX[3]	_	_	
3-12	176-177	,	LEX[3]	_	_	
3-13	178-181	law	LEX[3]	_	_	
3-14	182-185	no.	LEX[3]	_	_	
3-15	186-190	1185	LEX[3]	_	_	
3-16	191-192	/	LEX[3]	_	_	
3-17	193-197	1967	LEX[3]	_	_	

#Text=Conformément à la declaration d’ accompagnement , rendue aux termes de l’ article 14 de la loi 1185 / 1967
4-1	198-210	Conformément	_	_	_	
4-2	211-212	à	_	_	_	
4-3	213-215	la	_	_	_	
4-4	216-227	declaration	_	_	_	
4-5	228-230	d’	_	_	_	
4-6	231-245	accompagnement	_	_	_	
4-7	246-247	,	_	_	_	
4-8	248-254	rendue	_	_	_	
4-9	255-258	aux	_	_	_	
4-10	259-265	termes	_	_	_	
4-11	266-268	de	_	_	_	
4-12	269-271	l’	_	_	_	
4-13	272-279	article	LEX[4]	_	_	
4-14	280-282	14	LEX[4]	_	_	
4-15	283-285	de	LEX[4]	_	_	
4-16	286-288	la	LEX[4]	_	_	
4-17	289-292	loi	LEX[4]	_	_	
4-18	293-297	1185	LEX[4]	_	_	
4-19	298-299	/	LEX[4]	_	_	
4-20	300-304	1967	LEX[4]	_	_	

#Text=Il minore Cognome Summa Nome Giovanna Serena Luogo di nascita Molfetta Data di nascita 01-01-2003 Documento d’ identità n. AU54845 Data di emissione 5/5/06 Ente emittente Comune di Molfetta È AUTORIZZATO DAGLI ESERCENTI LA RESPONSABILITÀ GENITORIALE O TUTORIA A VIAGGIARE ACCOMPAGNATO DA Cognome Summa Nome Francesco Luogo di nascita Bari Data di nascita 6/3/55 Cittadinanza Italiana E da Cognome Rossi Nome Anna Luogo di nascita Bari Data di nascita 5/4/56 Cittadinanza Italiana E da LIVE srls di Ing. Bernardo Simoncini con sede legale in via della tecnica 24 85100 Bari
5-1	305-307	Il	_	_	_	
5-2	308-314	minore	_	_	_	
5-3	315-322	Cognome	_	_	_	
5-4	323-328	Summa	PER	birthLoc|birthDate|name|docType	5-11|5-15|5-6[5_0]|5-16[6_0]	
5-5	329-333	Nome	_	_	_	
5-6	334-342	Giovanna	PER[5]	_	_	
5-7	343-349	Serena	PER[5]	_	_	
5-8	350-355	Luogo	_	_	_	
5-9	356-358	di	_	_	_	
5-10	359-366	nascita	_	_	_	
5-11	367-375	Molfetta	LOC	_	_	
5-12	376-380	Data	_	_	_	
5-13	381-383	di	_	_	_	
5-14	384-391	nascita	_	_	_	
5-15	392-402	01-01-2003	DATE	_	_	
5-16	403-412	Documento	DOCTYPE[6]	docID|docIssueDate|docIssueLoc	5-20[0_6]|5-24[0_6]|5-27[7_6]	
5-17	413-415	d’	DOCTYPE[6]	_	_	
5-18	416-424	identità	DOCTYPE[6]	_	_	
5-19	425-427	n.	_	_	_	
5-20	428-435	AU54845	NUMBER	_	_	
5-21	436-440	Data	_	_	_	
5-22	441-443	di	_	_	_	
5-23	444-453	emissione	_	_	_	
5-24	454-460	5/5/06	DATE	_	_	
5-25	461-465	Ente	_	_	_	
5-26	466-475	emittente	_	_	_	
5-27	476-482	Comune	ENTE[7]	_	_	
5-28	483-485	di	ENTE[7]	_	_	
5-29	486-494	Molfetta	ENTE[7]	_	_	
5-30	495-496	È	_	_	_	
5-31	497-508	AUTORIZZATO	_	_	_	
5-32	509-514	DAGLI	_	_	_	
5-33	515-524	ESERCENTI	_	_	_	
5-34	525-527	LA	_	_	_	
5-35	528-542	RESPONSABILITÀ	_	_	_	
5-36	543-554	GENITORIALE	_	_	_	
5-37	555-556	O	_	_	_	
5-38	557-564	TUTORIA	_	_	_	
5-39	565-566	A	_	_	_	
5-40	567-576	VIAGGIARE	_	_	_	
5-41	577-589	ACCOMPAGNATO	_	_	_	
5-42	590-592	DA	_	_	_	
5-43	593-600	Cognome	_	_	_	
5-44	601-606	Summa	PER	name|birthLoc|birthDate	5-46|5-50|5-54	
5-45	607-611	Nome	_	_	_	
5-46	612-621	Francesco	PER	_	_	
5-47	622-627	Luogo	_	_	_	
5-48	628-630	di	_	_	_	
5-49	631-638	nascita	_	_	_	
5-50	639-643	Bari	LOC	_	_	
5-51	644-648	Data	_	_	_	
5-52	649-651	di	_	_	_	
5-53	652-659	nascita	_	_	_	
5-54	660-666	6/3/55	DATE	_	_	
5-55	667-679	Cittadinanza	_	_	_	
5-56	680-688	Italiana	_	_	_	
5-57	689-690	E	_	_	_	
5-58	691-693	da	_	_	_	
5-59	694-701	Cognome	_	_	_	
5-60	702-707	Rossi	PER	name|birthDate|birthLoc	5-62|5-70|5-66	
5-61	708-712	Nome	_	_	_	
5-62	713-717	Anna	PER	_	_	
5-63	718-723	Luogo	_	_	_	
5-64	724-726	di	_	_	_	
5-65	727-734	nascita	_	_	_	
5-66	735-739	Bari	LOC	_	_	
5-67	740-744	Data	_	_	_	
5-68	745-747	di	_	_	_	
5-69	748-755	nascita	_	_	_	
5-70	756-762	5/4/56	DATE	_	_	
5-71	763-775	Cittadinanza	_	_	_	
5-72	776-784	Italiana	_	_	_	
5-73	785-786	E	_	_	_	
5-74	787-789	da	_	_	_	
5-75	790-794	LIVE	ORG[8]	address|address	5-90[0_8]|5-85[10_8]	
5-76	795-799	srls	ORG[8]	_	_	
5-77	800-802	di	_	_	_	
5-78	803-807	Ing.	_	_	_	
5-79	808-816	Bernardo	PER[9]	op	5-75[8_9]	
5-80	817-826	Simoncini	PER[9]	_	_	
5-81	827-830	con	_	_	_	
5-82	831-835	sede	_	_	_	
5-83	836-842	legale	_	_	_	
5-84	843-845	in	_	_	_	
5-85	846-849	via	LOC[10]	_	_	
5-86	850-855	della	LOC[10]	_	_	
5-87	856-863	tecnica	LOC[10]	_	_	
5-88	864-866	24	LOC[10]	_	_	
5-89	867-872	85100	_	_	_	
5-90	873-877	Bari	LOC	_	_	
