#FORMAT=WebAnno TSV 3.3
#T_SP=custom.Span|label
#T_RL=custom.Relation|label|BT_custom.Span


#Text=Oggetto : richiesta intervento derattizzazione / disinfestazione / raccolta e smaltimento carcasse
1-1	0-7	Oggetto	_	_	_	
1-2	8-9	:	_	_	_	
1-3	10-19	richiesta	_	_	_	
1-4	20-30	intervento	_	_	_	
1-5	31-46	derattizzazione	_	_	_	
1-6	47-48	/	_	_	_	
1-7	49-64	disinfestazione	_	_	_	
1-8	65-66	/	_	_	_	
1-9	67-75	raccolta	_	_	_	
1-10	76-77	e	_	_	_	
1-11	78-89	smaltimento	_	_	_	
1-12	90-98	carcasse	_	_	_	

#Text=Il sottoscritto ( Nome * ) Guido ( Cognome * ) Bati , nato a Livorno , il 06/07/1966 , residente a Livorno , Via Sicilia 76 , numero di telefono * 0586 435222 ( potrebbe essere contattato per avere maggiori indicazioni in merito alla segnalazione ) chiede un intervento di : ( barrare la casella di interesse * )
2-1	99-101	Il	_	_	_	
2-2	102-114	sottoscritto	_	_	_	
2-3	115-116	(	_	_	_	
2-4	117-121	Nome	_	_	_	
2-5	122-123	*	_	_	_	
2-6	124-125	)	_	_	_	
2-7	126-131	Guido	PER	birthDate|addressR|birthLoc|tel|addressR	2-19|2-23|2-16|2-33|2-25[1_0]	
2-8	132-133	(	_	_	_	
2-9	134-141	Cognome	_	_	_	
2-10	142-143	*	_	_	_	
2-11	144-145	)	_	_	_	
2-12	146-150	Bati	PER	name	2-7	
2-13	151-152	,	_	_	_	
2-14	153-157	nato	_	_	_	
2-15	158-159	a	_	_	_	
2-16	160-167	Livorno	LOC	_	_	
2-17	168-169	,	_	_	_	
2-18	170-172	il	_	_	_	
2-19	173-183	06/07/1966	DATE	_	_	
2-20	184-185	,	_	_	_	
2-21	186-195	residente	_	_	_	
2-22	196-197	a	_	_	_	
2-23	198-205	Livorno	LOC	_	_	
2-24	206-207	,	_	_	_	
2-25	208-211	Via	LOC[1]	_	_	
2-26	212-219	Sicilia	LOC[1]	_	_	
2-27	220-222	76	LOC[1]	_	_	
2-28	223-224	,	_	_	_	
2-29	225-231	numero	_	_	_	
2-30	232-234	di	_	_	_	
2-31	235-243	telefono	_	_	_	
2-32	244-245	*	_	_	_	
2-33	246-257	0586 435222	NUMBER	_	_	
2-34	258-259	(	_	_	_	
2-35	260-268	potrebbe	_	_	_	
2-36	269-275	essere	_	_	_	
2-37	276-286	contattato	_	_	_	
2-38	287-290	per	_	_	_	
2-39	291-296	avere	_	_	_	
2-40	297-305	maggiori	_	_	_	
2-41	306-317	indicazioni	_	_	_	
2-42	318-320	in	_	_	_	
2-43	321-327	merito	_	_	_	
2-44	328-332	alla	_	_	_	
2-45	333-345	segnalazione	_	_	_	
2-46	346-347	)	_	_	_	
2-47	348-354	chiede	_	_	_	
2-48	355-357	un	_	_	_	
2-49	358-368	intervento	_	_	_	
2-50	369-371	di	_	_	_	
2-51	372-373	:	_	_	_	
2-52	374-375	(	_	_	_	
2-53	376-383	barrare	_	_	_	
2-54	384-386	la	_	_	_	
2-55	387-394	casella	_	_	_	
2-56	395-397	di	_	_	_	
2-57	398-407	interesse	_	_	_	
2-58	408-409	*	_	_	_	
2-59	410-411	)	_	_	_	

#Text=Derattizzazione
3-1	412-427	Derattizzazione	_	_	_	

#Text=Disinfestazione ( barrare la fattispecie che ricorre )
4-1	428-443	Disinfestazione	_	_	_	
4-2	444-445	(	_	_	_	
4-3	446-453	barrare	_	_	_	
4-4	454-456	la	_	_	_	
4-5	457-468	fattispecie	_	_	_	
4-6	469-472	che	_	_	_	
4-7	473-480	ricorre	_	_	_	
4-8	481-482	)	_	_	_	

#Text=zanzare
5-1	483-490	zanzare	_	_	_	

#Text=imenotteri aculeati
6-1	491-501	imenotteri	_	_	_	
6-2	502-510	aculeati	_	_	_	

#Text=mosche
7-1	511-517	mosche	_	_	_	

#Text=pulci
8-1	518-523	pulci	_	_	_	

#Text=blatte
9-1	524-530	blatte	_	_	_	

#Text=Raccolta e smaltimento carcassa di ( indicare almeno approssimativamente la specie animale * ) in Via / Piazza * Via Sicilia nei pressi del civico 76 ( Eventuali altre indicazioni per un più puntuale intervento di derattizzazione o disinfestazione o per permettere un immediato reperimento in caso presenza di una carcassa )
10-1	531-539	Raccolta	_	_	_	
10-2	540-541	e	_	_	_	
10-3	542-553	smaltimento	_	_	_	
10-4	554-562	carcassa	_	_	_	
10-5	563-565	di	_	_	_	
10-6	566-567	(	_	_	_	
10-7	568-576	indicare	_	_	_	
10-8	577-583	almeno	_	_	_	
10-9	584-603	approssimativamente	_	_	_	
10-10	604-606	la	_	_	_	
10-11	607-613	specie	_	_	_	
10-12	614-621	animale	_	_	_	
10-13	622-623	*	_	_	_	
10-14	624-625	)	_	_	_	
10-15	626-628	in	_	_	_	
10-16	629-632	Via	_	_	_	
10-17	633-634	/	_	_	_	
10-18	635-641	Piazza	_	_	_	
10-19	642-643	*	_	_	_	
10-20	644-647	Via	LOC[2]	_	_	
10-21	648-655	Sicilia	LOC[2]	_	_	
10-22	656-659	nei	_	_	_	
10-23	660-666	pressi	_	_	_	
10-24	667-670	del	_	_	_	
10-25	671-677	civico	_	_	_	
10-26	678-680	76	_	_	_	
10-27	681-682	(	_	_	_	
10-28	683-692	Eventuali	_	_	_	
10-29	693-698	altre	_	_	_	
10-30	699-710	indicazioni	_	_	_	
10-31	711-714	per	_	_	_	
10-32	715-717	un	_	_	_	
10-33	718-721	più	_	_	_	
10-34	722-730	puntuale	_	_	_	
10-35	731-741	intervento	_	_	_	
10-36	742-744	di	_	_	_	
10-37	745-760	derattizzazione	_	_	_	
10-38	761-762	o	_	_	_	
10-39	763-778	disinfestazione	_	_	_	
10-40	779-780	o	_	_	_	
10-41	781-784	per	_	_	_	
10-42	785-795	permettere	_	_	_	
10-43	796-798	un	_	_	_	
10-44	799-808	immediato	_	_	_	
10-45	809-820	reperimento	_	_	_	
10-46	821-823	in	_	_	_	
10-47	824-828	caso	_	_	_	
10-48	829-837	presenza	_	_	_	
10-49	838-840	di	_	_	_	
10-50	841-844	una	_	_	_	
10-51	845-853	carcassa	_	_	_	
10-52	854-855	)	_	_	_	
