#FORMAT=WebAnno TSV 3.3
#T_SP=custom.Span|label
#T_RL=custom.Relation|label|BT_custom.Span


#Text=Al Sig. Sindaco del Comune di Avellino
1-1	0-2	Al	_	_	_	
1-2	3-7	Sig.	_	_	_	
1-3	8-15	Sindaco	_	_	_	
1-4	16-19	del	_	_	_	
1-5	20-26	Comune	ENTE[1]	_	_	
1-6	27-29	di	ENTE[1]	_	_	
1-7	30-38	Avellino	ENTE[1]	_	_	

#Text=Oggetto : Richiesta di passaporto mortuario per l’ estero .
2-1	39-46	Oggetto	_	_	_	
2-2	47-48	:	_	_	_	
2-3	49-58	Richiesta	_	_	_	
2-4	59-61	di	_	_	_	
2-5	62-72	passaporto	_	_	_	
2-6	73-82	mortuario	_	_	_	
2-7	83-86	per	_	_	_	
2-8	87-89	l’	_	_	_	
2-9	90-96	estero	_	_	_	
2-10	97-98	.	_	_	_	

#Text=Il / La sottoscritto / a Leonida Franceschini nato / a a Avellino il 12 novembre 1978 residente in Avellino via Guglielmo Oberdan n. 87 in qualità di figlio ( Rapporto di parentela con il defunto , incaricato della famiglia , delegato dell’ impresa di pompe funebri ) del / della defunto / a Annarita Fumagalli nato / a il 14/07/1942 a Brescia deceduto / a a il 17/02/2012 ed in relazione al combinato disposto : - dell’ art. 27 del regolamento di polizia mortuaria approvato con d.P.R. 10 settembre 1990 , n. 285 ; - dell’ art. 1 , tabella A ) , lettera c ) del D.P.C.M. 26.38.20 ; - della convenzione internazionale di Berlino 10.34.17 , resa esecutiva con R.D. 1.39.17 , n. 1379 ; - delle norme regionali vigenti ; CHIEDE che venga rilasciato il passaporto mortuario per il trasporto della salma del / della predetto / a dal Comune di Cuneo ( Italia ) al Comune di Les Oulis dello stato Francia , aderente alla convenzione internazionale di Berlino 10 febbraio 1937 , resa esecutiva con R.D. 1.39.17 , n. 1379 . Incaricato del trasporto e dell’ accompagnamento è il / la Sig. / ra : Leonida Franceschini nato / a a Avellino , prov. AV ; il 12/11/1978 residente a Avellino via Guglielmo Oberdan n. 87
3-1	99-101	Il	_	_	_	
3-2	102-103	/	_	_	_	
3-3	104-106	La	_	_	_	
3-4	107-119	sottoscritto	_	_	_	
3-5	120-121	/	_	_	_	
3-6	122-123	a	_	_	_	
3-7	124-131	Leonida	PER[2]	addressR|addressR|birthLoc|birthDate|personalRole|relative	3-20[0_2]|3-21[4_2]|3-13[0_2]|3-15[3_2]|3-28[0_2]|3-54[5_2]	
3-8	132-144	Franceschini	PER[2]	_	_	
3-9	145-149	nato	_	_	_	
3-10	150-151	/	_	_	_	
3-11	152-153	a	_	_	_	
3-12	154-155	a	_	_	_	
3-13	156-164	Avellino	LOC	_	_	
3-14	165-167	il	_	_	_	
3-15	168-170	12	DATE[3]	_	_	
3-16	171-179	novembre	DATE[3]	_	_	
3-17	180-184	1978	DATE[3]	_	_	
3-18	185-194	residente	_	_	_	
3-19	195-197	in	_	_	_	
3-20	198-206	Avellino	LOC	_	_	
3-21	207-210	via	LOC[4]	_	_	
3-22	211-220	Guglielmo	LOC[4]	_	_	
3-23	221-228	Oberdan	LOC[4]	_	_	
3-24	229-234	n. 87	LOC[4]	_	_	
3-25	235-237	in	_	_	_	
3-26	238-245	qualità	_	_	_	
3-27	246-248	di	_	_	_	
3-28	249-255	figlio	ROLE	_	_	
3-29	256-257	(	_	_	_	
3-30	258-266	Rapporto	_	_	_	
3-31	267-269	di	_	_	_	
3-32	270-279	parentela	_	_	_	
3-33	280-283	con	_	_	_	
3-34	284-286	il	_	_	_	
3-35	287-294	defunto	_	_	_	
3-36	295-296	,	_	_	_	
3-37	297-307	incaricato	_	_	_	
3-38	308-313	della	_	_	_	
3-39	314-322	famiglia	_	_	_	
3-40	323-324	,	_	_	_	
3-41	325-333	delegato	_	_	_	
3-42	334-339	dell’	_	_	_	
3-43	340-347	impresa	_	_	_	
3-44	348-350	di	_	_	_	
3-45	351-356	pompe	_	_	_	
3-46	357-364	funebri	_	_	_	
3-47	365-366	)	_	_	_	
3-48	367-370	del	_	_	_	
3-49	371-372	/	_	_	_	
3-50	373-378	della	_	_	_	
3-51	379-386	defunto	ROLE	_	_	
3-52	387-388	/	_	_	_	
3-53	389-390	a	_	_	_	
3-54	391-399	Annarita	PER[5]	personalRole|birthLoc|birthDate|deathDate	3-51[0_5]|3-62[0_5]|3-60[0_5]|3-68[0_5]	
3-55	400-409	Fumagalli	PER[5]	_	_	
3-56	410-414	nato	_	_	_	
3-57	415-416	/	_	_	_	
3-58	417-418	a	_	_	_	
3-59	419-421	il	_	_	_	
3-60	422-432	14/07/1942	DATE	_	_	
3-61	433-434	a	_	_	_	
3-62	435-442	Brescia	LOC	_	_	
3-63	443-451	deceduto	_	_	_	
3-64	452-453	/	_	_	_	
3-65	454-455	a	_	_	_	
3-66	456-457	a	_	_	_	
3-67	458-460	il	_	_	_	
3-68	461-471	17/02/2012	DATE	_	_	
3-69	472-474	ed	_	_	_	
3-70	475-477	in	_	_	_	
3-71	478-487	relazione	_	_	_	
3-72	488-490	al	_	_	_	
3-73	491-500	combinato	_	_	_	
3-74	501-509	disposto	_	_	_	
3-75	510-511	:	_	_	_	
3-76	512-513	-	_	_	_	
3-77	514-519	dell’	_	_	_	
3-78	520-524	art.	LEX[6]	_	_	
3-79	525-527	27	LEX[6]	_	_	
3-80	528-531	del	LEX[6]	_	_	
3-81	532-543	regolamento	LEX[6]	_	_	
3-82	544-546	di	LEX[6]	_	_	
3-83	547-554	polizia	LEX[6]	_	_	
3-84	555-564	mortuaria	LEX[6]	_	_	
3-85	565-574	approvato	LEX[6]	_	_	
3-86	575-578	con	LEX[6]	_	_	
3-87	579-585	d.P.R.	LEX[6]	_	_	
3-88	586-588	10	LEX[6]	_	_	
3-89	589-598	settembre	LEX[6]	_	_	
3-90	599-603	1990	LEX[6]	_	_	
3-91	604-605	,	LEX[6]	_	_	
3-92	606-612	n. 285	LEX[6]	_	_	
3-93	613-614	;	_	_	_	
3-94	615-616	-	_	_	_	
3-95	617-622	dell’	_	_	_	
3-96	623-627	art.	LEX[7]	_	_	
3-97	628-629	1	LEX[7]	_	_	
3-98	630-631	,	LEX[7]	_	_	
3-99	632-639	tabella	LEX[7]	_	_	
3-100	640-641	A	LEX[7]	_	_	
3-101	642-643	)	LEX[7]	_	_	
3-102	644-645	,	LEX[7]	_	_	
3-103	646-653	lettera	LEX[7]	_	_	
3-104	654-655	c	LEX[7]	_	_	
3-105	656-657	)	LEX[7]	_	_	
3-106	658-661	del	LEX[7]	_	_	
3-107	662-670	D.P.C.M.	LEX[7]	_	_	
3-108	671-679	26.38.20	LEX[7]	_	_	
3-109	680-681	;	_	_	_	
3-110	682-683	-	_	_	_	
3-111	684-689	della	_	_	_	
3-112	690-701	convenzione	_	_	_	
3-113	702-716	internazionale	_	_	_	
3-114	717-719	di	_	_	_	
3-115	720-727	Berlino	_	_	_	
3-116	728-736	10.34.17	_	_	_	
3-117	737-738	,	_	_	_	
3-118	739-743	resa	_	_	_	
3-119	744-753	esecutiva	_	_	_	
3-120	754-757	con	_	_	_	
3-121	758-762	R.D.	LEX[8]	_	_	
3-122	763-770	1.39.17	LEX[8]	_	_	
3-123	771-772	,	LEX[8]	_	_	
3-124	773-780	n. 1379	LEX[8]	_	_	
3-125	781-782	;	_	_	_	
3-126	783-784	-	_	_	_	
3-127	785-790	delle	_	_	_	
3-128	791-796	norme	_	_	_	
3-129	797-806	regionali	_	_	_	
3-130	807-814	vigenti	_	_	_	
3-131	815-816	;	_	_	_	
3-132	817-823	CHIEDE	_	_	_	
3-133	824-827	che	_	_	_	
3-134	828-833	venga	_	_	_	
3-135	834-844	rilasciato	_	_	_	
3-136	845-847	il	_	_	_	
3-137	848-858	passaporto	_	_	_	
3-138	859-868	mortuario	_	_	_	
3-139	869-872	per	_	_	_	
3-140	873-875	il	_	_	_	
3-141	876-885	trasporto	_	_	_	
3-142	886-891	della	_	_	_	
3-143	892-897	salma	_	_	_	
3-144	898-901	del	_	_	_	
3-145	902-903	/	_	_	_	
3-146	904-909	della	_	_	_	
3-147	910-918	predetto	_	_	_	
3-148	919-920	/	_	_	_	
3-149	921-922	a	_	_	_	
3-150	923-926	dal	_	_	_	
3-151	927-933	Comune	LOC[9]	_	_	
3-152	934-936	di	LOC[9]	_	_	
3-153	937-942	Cuneo	LOC[9]	_	_	
3-154	943-944	(	_	_	_	
3-155	945-951	Italia	LOC	_	_	
3-156	952-953	)	_	_	_	
3-157	954-956	al	_	_	_	
3-158	957-963	Comune	LOC[10]	_	_	
3-159	964-966	di	LOC[10]	_	_	
3-160	967-970	Les	LOC[10]	_	_	
3-161	971-976	Oulis	LOC[10]	_	_	
3-162	977-982	dello	_	_	_	
3-163	983-988	stato	_	_	_	
3-164	989-996	Francia	LOC	_	_	
3-165	997-998	,	_	_	_	
3-166	999-1007	aderente	_	_	_	
3-167	1008-1012	alla	_	_	_	
3-168	1013-1024	convenzione	_	_	_	
3-169	1025-1039	internazionale	_	_	_	
3-170	1040-1042	di	_	_	_	
3-171	1043-1050	Berlino	_	_	_	
3-172	1051-1053	10	_	_	_	
3-173	1054-1062	febbraio	_	_	_	
3-174	1063-1067	1937	_	_	_	
3-175	1068-1069	,	_	_	_	
3-176	1070-1074	resa	_	_	_	
3-177	1075-1084	esecutiva	_	_	_	
3-178	1085-1088	con	_	_	_	
3-179	1089-1093	R.D.	LEX[11]	_	_	
3-180	1094-1101	1.39.17	LEX[11]	_	_	
3-181	1102-1103	,	LEX[11]	_	_	
3-182	1104-1111	n. 1379	LEX[11]	_	_	
3-183	1112-1113	.	_	_	_	
3-184	1114-1124	Incaricato	_	_	_	
3-185	1125-1128	del	_	_	_	
3-186	1129-1138	trasporto	_	_	_	
3-187	1139-1140	e	_	_	_	
3-188	1141-1146	dell’	_	_	_	
3-189	1147-1162	accompagnamento	_	_	_	
3-190	1163-1164	è	_	_	_	
3-191	1165-1167	il	_	_	_	
3-192	1168-1169	/	_	_	_	
3-193	1170-1172	la	_	_	_	
3-194	1173-1177	Sig.	_	_	_	
3-195	1178-1179	/	_	_	_	
3-196	1180-1182	ra	_	_	_	
3-197	1183-1184	:	_	_	_	
3-198	1185-1192	Leonida	PER[12]	addressR|addressR|birthDate|birthLoc|birthLoc	3-213[0_12]|3-214[13_12]|3-210[0_12]|3-204[0_12]|3-207[0_12]	
3-199	1193-1205	Franceschini	PER[12]	_	_	
3-200	1206-1210	nato	_	_	_	
3-201	1211-1212	/	_	_	_	
3-202	1213-1214	a	_	_	_	
3-203	1215-1216	a	_	_	_	
3-204	1217-1225	Avellino	LOC	_	_	
3-205	1226-1227	,	_	_	_	
3-206	1228-1233	prov.	_	_	_	
3-207	1234-1236	AV	LOC	_	_	
3-208	1237-1238	;	_	_	_	
3-209	1239-1241	il	_	_	_	
3-210	1242-1252	12/11/1978	DATE	_	_	
3-211	1253-1262	residente	_	_	_	
3-212	1263-1264	a	_	_	_	
3-213	1265-1273	Avellino	LOC	_	_	
3-214	1274-1277	via	LOC[13]	_	_	
3-215	1278-1287	Guglielmo	LOC[13]	_	_	
3-216	1288-1295	Oberdan	LOC[13]	_	_	
3-217	1296-1301	n. 87	LOC[13]	_	_	

#Text=Il trasporto verrà effettuato a mezzo ( Auto furgone , aereo , ecc. )
4-1	1302-1304	Il	_	_	_	
4-2	1305-1314	trasporto	_	_	_	
4-3	1315-1320	verrà	_	_	_	
4-4	1321-1331	effettuato	_	_	_	
4-5	1332-1333	a	_	_	_	
4-6	1334-1339	mezzo	_	_	_	
4-7	1340-1341	(	_	_	_	
4-8	1342-1346	Auto	_	_	_	
4-9	1347-1354	furgone	_	_	_	
4-10	1355-1356	,	_	_	_	
4-11	1357-1362	aereo	_	_	_	
4-12	1363-1364	,	_	_	_	
4-13	1365-1369	ecc.	_	_	_	
4-14	1370-1371	)	_	_	_	
