#FORMAT=WebAnno TSV 3.3
#T_SP=custom.Span|label
#T_RL=custom.Relation|label|BT_custom.Span


#Text=Comune di Arezzo ( Prov. AR )
1-1	0-6	Comune	ENTE[1]	_	_	
1-2	7-9	di	ENTE[1]	_	_	
1-3	10-16	Arezzo	ENTE[1]	_	_	
1-4	17-18	(	_	_	_	
1-5	19-24	Prov.	_	_	_	
1-6	25-27	AR	LOC	_	_	
1-7	28-29	)	_	_	_	

#Text=IMPOSTA SULLA PUBBLICITÀ N. 234
2-1	30-37	IMPOSTA	_	_	_	
2-2	38-43	SULLA	_	_	_	
2-3	44-54	PUBBLICITÀ	_	_	_	
2-4	55-57	N.	_	_	_	
2-5	58-61	234	_	_	_	

#Text=Data 09/08/2018 Autorizzazione per l’ apposizione di mezzi pubblicitari .
3-1	62-66	Data	_	_	_	
3-2	67-77	09/08/2018	_	_	_	
3-3	78-92	Autorizzazione	_	_	_	
3-4	93-96	per	_	_	_	
3-5	97-99	l’	_	_	_	
3-6	100-111	apposizione	_	_	_	
3-7	112-114	di	_	_	_	
3-8	115-120	mezzi	_	_	_	
3-9	121-133	pubblicitari	_	_	_	
3-10	134-135	.	_	_	_	

#Text=IL RESPONSABILE DEL SERVIZIO Vista la richiesta di : Colaferro Stefano nato / a a Arezzo il 29/05/1979 residente in Arezzo Via Gorizia n. 3 Cod. Fisc. CLFSFN79E29A390S Partita IVA 1931590762 tendente ad ottenere , per conto della ditta Colaferro srl , con sede in via Gaetano Donizetti 24 cap 50100 Arezzo Provincia di Arezzo , l’ autorizzazione per la seguente pubblicità :
4-1	136-138	IL	_	_	_	
4-2	139-151	RESPONSABILE	_	_	_	
4-3	152-155	DEL	_	_	_	
4-4	156-164	SERVIZIO	_	_	_	
4-5	165-170	Vista	_	_	_	
4-6	171-173	la	_	_	_	
4-7	174-183	richiesta	_	_	_	
4-8	184-186	di	_	_	_	
4-9	187-188	:	_	_	_	
4-10	189-198	Colaferro	PER[2]	addressR|addressR|cf|birthDate|birthLoc|vat	4-21[0_2]|4-22[3_2]|4-28[0_2]|4-18[0_2]|4-16[0_2]|4-31[0_2]	
4-11	199-206	Stefano	PER[2]	_	_	
4-12	207-211	nato	_	_	_	
4-13	212-213	/	_	_	_	
4-14	214-215	a	_	_	_	
4-15	216-217	a	_	_	_	
4-16	218-224	Arezzo	LOC	_	_	
4-17	225-227	il	_	_	_	
4-18	228-238	29/05/1979	DATE	_	_	
4-19	239-248	residente	_	_	_	
4-20	249-251	in	_	_	_	
4-21	252-258	Arezzo	LOC	_	_	
4-22	259-262	Via	LOC[3]	_	_	
4-23	263-270	Gorizia	LOC[3]	_	_	
4-24	271-273	n.	LOC[3]	_	_	
4-25	274-275	3	LOC[3]	_	_	
4-26	276-280	Cod.	_	_	_	
4-27	281-286	Fisc.	_	_	_	
4-28	287-303	CLFSFN79E29A390S	CF	_	_	
4-29	304-311	Partita	_	_	_	
4-30	312-315	IVA	_	_	_	
4-31	316-326	1931590762	NUMBER	_	_	
4-32	327-335	tendente	_	_	_	
4-33	336-338	ad	_	_	_	
4-34	339-347	ottenere	_	_	_	
4-35	348-349	,	_	_	_	
4-36	350-353	per	_	_	_	
4-37	354-359	conto	_	_	_	
4-38	360-365	della	_	_	_	
4-39	366-371	ditta	_	_	_	
4-40	372-381	Colaferro	ORG[4]	op|addressR|addressR|addressR|addressR	4-10[2_4]|4-51[0_4]|4-52[0_4]|4-55[0_4]|4-46[5_4]	
4-41	382-385	srl	ORG[4]	_	_	
4-42	386-387	,	_	_	_	
4-43	388-391	con	_	_	_	
4-44	392-396	sede	_	_	_	
4-45	397-399	in	_	_	_	
4-46	400-403	via	LOC[5]	_	_	
4-47	404-411	Gaetano	LOC[5]	_	_	
4-48	412-421	Donizetti	LOC[5]	_	_	
4-49	422-424	24	LOC[5]	_	_	
4-50	425-428	cap	_	_	_	
4-51	429-434	50100	LOC	_	_	
4-52	435-441	Arezzo	LOC	_	_	
4-53	442-451	Provincia	_	_	_	
4-54	452-454	di	_	_	_	
4-55	455-461	Arezzo	LOC	_	_	
4-56	462-463	,	_	_	_	
4-57	464-466	l’	_	_	_	
4-58	467-481	autorizzazione	_	_	_	
4-59	482-485	per	_	_	_	
4-60	486-488	la	_	_	_	
4-61	489-497	seguente	_	_	_	
4-62	498-508	pubblicità	_	_	_	
4-63	509-510	:	_	_	_	
