#FORMAT=WebAnno TSV 3.3
#T_SP=custom.Span|label
#T_RL=custom.Relation|label|BT_custom.Span


#Text=Spett. le Comune di Venegono Superiore
1-1	0-6	Spett.	_	_	_	
1-2	7-9	le	_	_	_	
1-3	10-16	Comune	ENTE[1]	addressR	2-1[2_1]	
1-4	17-19	di	ENTE[1]	_	_	
1-5	20-28	Venegono	ENTE[1]	_	_	
1-6	29-38	Superiore	ENTE[1]	_	_	

#Text=Via Paolo Busti , 4
2-1	39-42	Via	LOC[2]	_	_	
2-2	43-48	Paolo	LOC[2]	_	_	
2-3	49-54	Busti	LOC[2]	_	_	
2-4	55-56	,	LOC[2]	_	_	
2-5	57-58	4	LOC[2]	_	_	

#Text=OGGETTO : Richiesta di patrocinio , vantaggio economico o contributo per iniziativa in campo sociale , culturale , sportivo [ o turistico ]
3-1	59-66	OGGETTO	_	_	_	
3-2	67-68	:	_	_	_	
3-3	69-78	Richiesta	_	_	_	
3-4	79-81	di	_	_	_	
3-5	82-92	patrocinio	_	_	_	
3-6	93-94	,	_	_	_	
3-7	95-104	vantaggio	_	_	_	
3-8	105-114	economico	_	_	_	
3-9	115-116	o	_	_	_	
3-10	117-127	contributo	_	_	_	
3-11	128-131	per	_	_	_	
3-12	132-142	iniziativa	_	_	_	
3-13	143-145	in	_	_	_	
3-14	146-151	campo	_	_	_	
3-15	152-159	sociale	_	_	_	
3-16	160-161	,	_	_	_	
3-17	162-171	culturale	_	_	_	
3-18	172-173	,	_	_	_	
3-19	174-182	sportivo	_	_	_	
3-20	183-184	[	_	_	_	
3-21	185-186	o	_	_	_	
3-22	187-196	turistico	_	_	_	
3-23	197-198	]	_	_	_	

#Text=Il / La sottoscritto / a Chiara Porrini nato / a Siena Provincia ( SI ) il 23/01/1983 residente a Venegono Superiore via Cesare Battisti 123 cap 21040 Comune Venegono Superiore Provincia ( VA ) ? per proprio conto ( contributo assistenziale ) ? in qualità di ( legale rappresentante , presidente , ecc. ) amministratore delegato di ( Associazione , ente , comitato , società ecc. ) Porrini palestre s.n.c. con sede a Venegono Superiore in via / piazza Via Monviso 78 tel. 0331 643825 , fax 0331 666764 , C.F. / P.I. 17374647465 , Sito Internet ( se presente ) Sito Internet dedicato all’ iniziativa ( se presente )
4-1	199-201	Il	_	_	_	
4-2	202-203	/	_	_	_	
4-3	204-206	La	_	_	_	
4-4	207-219	sottoscritto	_	_	_	
4-5	220-221	/	_	_	_	
4-6	222-223	a	_	_	_	
4-7	224-230	Chiara	PER[3]	addressR|addressR|addressR|birthDate|personalRole|birthLoc|addressR|addressR|birthLoc	4-21[4_3]|4-28[0_3]|4-23[5_3]|4-18[0_3]|4-56[7_3]|4-12[0_3]|4-30[6_3]|4-34[0_3]|4-15[0_3]	
4-8	231-238	Porrini	PER[3]	_	_	
4-9	239-243	nato	_	_	_	
4-10	244-245	/	_	_	_	
4-11	246-247	a	_	_	_	
4-12	248-253	Siena	LOC	_	_	
4-13	254-263	Provincia	_	_	_	
4-14	264-265	(	_	_	_	
4-15	266-268	SI	LOC	_	_	
4-16	269-270	)	_	_	_	
4-17	271-273	il	_	_	_	
4-18	274-284	23/01/1983	DATE	_	_	
4-19	285-294	residente	_	_	_	
4-20	295-296	a	_	_	_	
4-21	297-305	Venegono	LOC[4]	_	_	
4-22	306-315	Superiore	LOC[4]	_	_	
4-23	316-319	via	LOC[5]	_	_	
4-24	320-326	Cesare	LOC[5]	_	_	
4-25	327-335	Battisti	LOC[5]	_	_	
4-26	336-339	123	LOC[5]	_	_	
4-27	340-343	cap	_	_	_	
4-28	344-349	21040	LOC	_	_	
4-29	350-356	Comune	_	_	_	
4-30	357-365	Venegono	LOC[6]	_	_	
4-31	366-375	Superiore	LOC[6]	_	_	
4-32	376-385	Provincia	_	_	_	
4-33	386-387	(	_	_	_	
4-34	388-390	VA	LOC	_	_	
4-35	391-392	)	_	_	_	
4-36	393-394	?	_	_	_	
4-37	395-398	per	_	_	_	
4-38	399-406	proprio	_	_	_	
4-39	407-412	conto	_	_	_	
4-40	413-414	(	_	_	_	
4-41	415-425	contributo	_	_	_	
4-42	426-439	assistenziale	_	_	_	
4-43	440-441	)	_	_	_	
4-44	442-443	?	_	_	_	
4-45	444-446	in	_	_	_	
4-46	447-454	qualità	_	_	_	
4-47	455-457	di	_	_	_	
4-48	458-459	(	_	_	_	
4-49	460-466	legale	_	_	_	
4-50	467-481	rappresentante	_	_	_	
4-51	482-483	,	_	_	_	
4-52	484-494	presidente	_	_	_	
4-53	495-496	,	_	_	_	
4-54	497-501	ecc.	_	_	_	
4-55	502-503	)	_	_	_	
4-56	504-518	amministratore	ROLE[7]	_	_	
4-57	519-527	delegato	ROLE[7]	_	_	
4-58	528-530	di	_	_	_	
4-59	531-532	(	_	_	_	
4-60	533-545	Associazione	_	_	_	
4-61	546-547	,	_	_	_	
4-62	548-552	ente	_	_	_	
4-63	553-554	,	_	_	_	
4-64	555-563	comitato	_	_	_	
4-65	564-565	,	_	_	_	
4-66	566-573	società	_	_	_	
4-67	574-578	ecc.	_	_	_	
4-68	579-580	)	_	_	_	
4-69	581-588	Porrini	ORG[8]	op|addressR|companyRole|addressR|tel|vat|tel	4-7[3_8]|4-81[10_8]|4-56[7_8]|4-75[9_8]|4-85[0_8]|4-93[0_8]|4-88[0_8]	
4-70	589-597	palestre	ORG[8]	_	_	
4-71	598-604	s.n.c.	ORG[8]	_	_	
4-72	605-608	con	_	_	_	
4-73	609-613	sede	_	_	_	
4-74	614-615	a	_	_	_	
4-75	616-624	Venegono	LOC[9]	_	_	
4-76	625-634	Superiore	LOC[9]	_	_	
4-77	635-637	in	_	_	_	
4-78	638-641	via	_	_	_	
4-79	642-643	/	_	_	_	
4-80	644-650	piazza	_	_	_	
4-81	651-654	Via	LOC[10]	_	_	
4-82	655-662	Monviso	LOC[10]	_	_	
4-83	663-665	78	LOC[10]	_	_	
4-84	666-670	tel.	_	_	_	
4-85	671-682	0331 643825	NUMBER	_	_	
4-86	683-684	,	_	_	_	
4-87	685-688	fax	_	_	_	
4-88	689-700	0331 666764	NUMBER	_	_	
4-89	701-702	,	_	_	_	
4-90	703-707	C.F.	_	_	_	
4-91	708-709	/	_	_	_	
4-92	710-714	P.I.	_	_	_	
4-93	715-726	17374647465	NUMBER	_	_	
4-94	727-728	,	_	_	_	
4-95	729-733	Sito	_	_	_	
4-96	734-742	Internet	_	_	_	
4-97	743-744	(	_	_	_	
4-98	745-747	se	_	_	_	
4-99	748-756	presente	_	_	_	
4-100	757-758	)	_	_	_	
4-101	759-763	Sito	_	_	_	
4-102	764-772	Internet	_	_	_	
4-103	773-781	dedicato	_	_	_	
4-104	782-786	all’	_	_	_	
4-105	787-797	iniziativa	_	_	_	
4-106	798-799	(	_	_	_	
4-107	800-802	se	_	_	_	
4-108	803-811	presente	_	_	_	
4-109	812-813	)	_	_	_	

#Text=L’ Associazione / società è iscritta all’ Albo di cui all’ art. 12 del “ Regolamento comunale per l' accesso alle prestazioni di tipo sociale , culturale , sportivo e turistico , per la partecipazione di cittadini singoli o associati alla gestione dei servizi comunali e per l' utilizzo di spazi , sale e impianti sportivi nella disponibilità dell' amministrazione ”
5-1	814-816	L’	_	_	_	
5-2	817-829	Associazione	_	_	_	
5-3	830-831	/	_	_	_	
5-4	832-839	società	_	_	_	
5-5	840-841	è	_	_	_	
5-6	842-850	iscritta	_	_	_	
5-7	851-855	all’	_	_	_	
5-8	856-860	Albo	_	_	_	
5-9	861-863	di	_	_	_	
5-10	864-867	cui	_	_	_	
5-11	868-872	all’	_	_	_	
5-12	873-877	art.	LEX[11]	_	_	
5-13	878-880	12	LEX[11]	_	_	
5-14	881-884	del	LEX[11]	_	_	
5-15	885-886	“	LEX[11]	_	_	
5-16	887-898	Regolamento	LEX[11]	_	_	
5-17	899-907	comunale	LEX[11]	_	_	
5-18	908-911	per	LEX[11]	_	_	
5-19	912-914	l'	LEX[11]	_	_	
5-20	915-922	accesso	LEX[11]	_	_	
5-21	923-927	alle	LEX[11]	_	_	
5-22	928-939	prestazioni	LEX[11]	_	_	
5-23	940-942	di	LEX[11]	_	_	
5-24	943-947	tipo	LEX[11]	_	_	
5-25	948-955	sociale	LEX[11]	_	_	
5-26	956-957	,	LEX[11]	_	_	
5-27	958-967	culturale	LEX[11]	_	_	
5-28	968-969	,	LEX[11]	_	_	
5-29	970-978	sportivo	LEX[11]	_	_	
5-30	979-980	e	LEX[11]	_	_	
5-31	981-990	turistico	LEX[11]	_	_	
5-32	991-992	,	LEX[11]	_	_	
5-33	993-996	per	LEX[11]	_	_	
5-34	997-999	la	LEX[11]	_	_	
5-35	1000-1014	partecipazione	LEX[11]	_	_	
5-36	1015-1017	di	LEX[11]	_	_	
5-37	1018-1027	cittadini	LEX[11]	_	_	
5-38	1028-1035	singoli	LEX[11]	_	_	
5-39	1036-1037	o	LEX[11]	_	_	
5-40	1038-1047	associati	LEX[11]	_	_	
5-41	1048-1052	alla	LEX[11]	_	_	
5-42	1053-1061	gestione	LEX[11]	_	_	
5-43	1062-1065	dei	LEX[11]	_	_	
5-44	1066-1073	servizi	LEX[11]	_	_	
5-45	1074-1082	comunali	LEX[11]	_	_	
5-46	1083-1084	e	LEX[11]	_	_	
5-47	1085-1088	per	LEX[11]	_	_	
5-48	1089-1091	l'	LEX[11]	_	_	
5-49	1092-1100	utilizzo	LEX[11]	_	_	
5-50	1101-1103	di	LEX[11]	_	_	
5-51	1104-1109	spazi	LEX[11]	_	_	
5-52	1110-1111	,	LEX[11]	_	_	
5-53	1112-1116	sale	LEX[11]	_	_	
5-54	1117-1118	e	LEX[11]	_	_	
5-55	1119-1127	impianti	LEX[11]	_	_	
5-56	1128-1136	sportivi	LEX[11]	_	_	
5-57	1137-1142	nella	LEX[11]	_	_	
5-58	1143-1156	disponibilità	LEX[11]	_	_	
5-59	1157-1162	dell'	LEX[11]	_	_	
5-60	1163-1178	amministrazione	LEX[11]	_	_	
5-61	1179-1180	”	LEX[11]	_	_	
