#FORMAT=WebAnno TSV 3.3
#T_SP=custom.Span|label
#T_RL=custom.Relation|label|BT_custom.Span


#Text=Circolare Ministeriale 01/08/1997 , n. 1 / 50
1-1	0-9	Circolare	LEX[1]	_	_	
1-2	10-22	Ministeriale	LEX[1]	_	_	
1-3	23-33	01/08/1997	LEX[1]	_	_	
1-4	34-35	,	LEX[1]	_	_	
1-5	36-38	n.	LEX[1]	_	_	
1-6	39-40	1	LEX[1]	_	_	
1-7	41-42	/	LEX[1]	_	_	
1-8	43-45	50	LEX[1]	_	_	

#Text=N. REGISTRO - ALLEGATO F
2-1	46-48	N.	_	_	_	
2-2	49-57	REGISTRO	_	_	_	
2-3	58-59	-	_	_	_	
2-4	60-68	ALLEGATO	_	_	_	
2-5	69-70	F	_	_	_	

#Text=Allegato D / 1
3-1	71-79	Allegato	_	_	_	
3-2	80-81	D	_	_	_	
3-3	82-83	/	_	_	_	
3-4	84-85	1	_	_	_	

#Text=( Vale per le nascite plurime di figli naturali nati fuori del matrimonio riconosciuti contemporaneamente dal padre e dalla madre )
4-1	86-87	(	_	_	_	
4-2	88-92	Vale	_	_	_	
4-3	93-96	per	_	_	_	
4-4	97-99	le	_	_	_	
4-5	100-107	nascite	_	_	_	
4-6	108-115	plurime	_	_	_	
4-7	116-118	di	_	_	_	
4-8	119-124	figli	_	_	_	
4-9	125-133	naturali	_	_	_	
4-10	134-138	nati	_	_	_	
4-11	139-144	fuori	_	_	_	
4-12	145-148	del	_	_	_	
4-13	149-159	matrimonio	_	_	_	
4-14	160-172	riconosciuti	_	_	_	
4-15	173-191	contemporaneamente	_	_	_	
4-16	192-195	dal	_	_	_	
4-17	196-201	padre	_	_	_	
4-18	202-203	e	_	_	_	
4-19	204-209	dalla	_	_	_	
4-20	210-215	madre	_	_	_	
4-21	216-217	)	_	_	_	

#Text=ATTO DI DICHIARAZIONE DI NASCITA
5-1	218-222	ATTO	_	_	_	
5-2	223-225	DI	_	_	_	
5-3	226-239	DICHIARAZIONE	_	_	_	
5-4	240-242	DI	_	_	_	
5-5	243-250	NASCITA	_	_	_	

#Text=L’ anno 2014 addì 23 del mese di Dicembre alle ore 21 e 43 minuti presso ospedale Torregalli sito nel Comune di Melfi Provincia di Potenza innanzi al sottoscritto Francesco Locatelli addetto alla Direzione Sanitaria , a ciò espressamente autorizzato dal Direttore sanitario con delega conservata in atti
6-1	251-253	L’	_	_	_	
6-2	254-258	anno	_	_	_	
6-3	259-263	2014	_	_	_	
6-4	264-268	addì	_	_	_	
6-5	269-271	23	_	_	_	
6-6	272-275	del	_	_	_	
6-7	276-280	mese	_	_	_	
6-8	281-283	di	_	_	_	
6-9	284-292	Dicembre	_	_	_	
6-10	293-297	alle	_	_	_	
6-11	298-301	ore	_	_	_	
6-12	302-304	21	_	_	_	
6-13	305-306	e	_	_	_	
6-14	307-309	43	_	_	_	
6-15	310-316	minuti	_	_	_	
6-16	317-323	presso	_	_	_	
6-17	324-332	ospedale	ENTE[2]	op	6-30[3_2]	
6-18	333-343	Torregalli	ENTE[2]	_	_	
6-19	344-348	sito	_	_	_	
6-20	349-352	nel	_	_	_	
6-21	353-359	Comune	_	_	_	
6-22	360-362	di	_	_	_	
6-23	363-368	Melfi	LOC	_	_	
6-24	369-378	Provincia	_	_	_	
6-25	379-381	di	_	_	_	
6-26	382-389	Potenza	LOC	_	_	
6-27	390-397	innanzi	_	_	_	
6-28	398-400	al	_	_	_	
6-29	401-413	sottoscritto	_	_	_	
6-30	414-423	Francesco	PER[3]	personalRole	6-32[4_3]	
6-31	424-433	Locatelli	PER[3]	_	_	
6-32	434-441	addetto	ROLE[4]	_	_	
6-33	442-446	alla	ROLE[4]	_	_	
6-34	447-456	Direzione	ROLE[4]	_	_	
6-35	457-466	Sanitaria	ROLE[4]	_	_	
6-36	467-468	,	_	_	_	
6-37	469-470	a	_	_	_	
6-38	471-474	ciò	_	_	_	
6-39	475-488	espressamente	_	_	_	
6-40	489-500	autorizzato	_	_	_	
6-41	501-504	dal	_	_	_	
6-42	505-514	Direttore	_	_	_	
6-43	515-524	sanitario	_	_	_	
6-44	525-528	con	_	_	_	
6-45	529-535	delega	_	_	_	
6-46	536-546	conservata	_	_	_	
6-47	547-549	in	_	_	_	
6-48	550-554	atti	_	_	_	

#Text=SONO COMPARSI
7-1	555-559	SONO	_	_	_	
7-2	560-568	COMPARSI	_	_	_	

#Text=il Sig. Nicola Cardarulo nato a Melfi provincia di Potenza il 30/12/1936 , cittadino italiano , residente a Melfi di professione impiegato statale titolo di studio Ingegnere e la Sig.ra Palermo Antonietta nata a Formia provincia di Roma il 05/07/1942 , cittadina italiana residente a Melfi di professione disoccupata titolo di studio architetto i quali , nella loro veste di genitori naturali , dichiarano quanto segue : Il giorno 23 del mese di Dicembre dell’ anno 2014 alle ore 16 e minuti 50 in questo centro di nascita è nato un bambino di sesso Maschio al quale viene dato il nome di Cardarulo Paolo . Detto bambino , la cui nascita è comprovata dall’ allegata attestazione di nascita , è nato dall’ unione naturale fuori del matrimonio dei dichiaranti non parenti né affini nei gradi che ostano al riconoscimento ai sensi dell’ art. 251 del codice civile .
8-1	569-571	il	_	_	_	
8-2	572-576	Sig.	_	_	_	
8-3	577-583	Nicola	PER[5]	birthLoc|birthLoc|addressR|relative|birthDate|personalRole	8-7[0_5]|8-10[0_5]|8-19[0_5]|8-103[7_5]|8-12[0_5]|8-61[0_5]	
8-4	584-593	Cardarulo	PER[5]	_	_	
8-5	594-598	nato	_	_	_	
8-6	599-600	a	_	_	_	
8-7	601-606	Melfi	LOC	_	_	
8-8	607-616	provincia	_	_	_	
8-9	617-619	di	_	_	_	
8-10	620-627	Potenza	LOC	_	_	
8-11	628-630	il	_	_	_	
8-12	631-641	30/12/1936	DATE	_	_	
8-13	642-643	,	_	_	_	
8-14	644-653	cittadino	_	_	_	
8-15	654-662	italiano	_	_	_	
8-16	663-664	,	_	_	_	
8-17	665-674	residente	_	_	_	
8-18	675-676	a	_	_	_	
8-19	677-682	Melfi	LOC	_	_	
8-20	683-685	di	_	_	_	
8-21	686-697	professione	_	_	_	
8-22	698-707	impiegato	_	_	_	
8-23	708-715	statale	_	_	_	
8-24	716-722	titolo	_	_	_	
8-25	723-725	di	_	_	_	
8-26	726-732	studio	_	_	_	
8-27	733-742	Ingegnere	_	_	_	
8-28	743-744	e	_	_	_	
8-29	745-747	la	_	_	_	
8-30	748-754	Sig.ra	_	_	_	
8-31	755-762	Palermo	PER[6]	birthLoc|birthLoc|personalRole|relative|birthDate|addressR	8-35[0_6]|8-38[0_6]|8-61[0_6]|8-103[7_6]|8-40[0_6]|8-46[0_6]	
8-32	763-773	Antonietta	PER[6]	_	_	
8-33	774-778	nata	_	_	_	
8-34	779-780	a	_	_	_	
8-35	781-787	Formia	LOC	_	_	
8-36	788-797	provincia	_	_	_	
8-37	798-800	di	_	_	_	
8-38	801-805	Roma	LOC	_	_	
8-39	806-808	il	_	_	_	
8-40	809-819	05/07/1942	DATE	_	_	
8-41	820-821	,	_	_	_	
8-42	822-831	cittadina	_	_	_	
8-43	832-840	italiana	_	_	_	
8-44	841-850	residente	_	_	_	
8-45	851-852	a	_	_	_	
8-46	853-858	Melfi	LOC	_	_	
8-47	859-861	di	_	_	_	
8-48	862-873	professione	_	_	_	
8-49	874-885	disoccupata	_	_	_	
8-50	886-892	titolo	_	_	_	
8-51	893-895	di	_	_	_	
8-52	896-902	studio	_	_	_	
8-53	903-913	architetto	_	_	_	
8-54	914-915	i	_	_	_	
8-55	916-921	quali	_	_	_	
8-56	922-923	,	_	_	_	
8-57	924-929	nella	_	_	_	
8-58	930-934	loro	_	_	_	
8-59	935-940	veste	_	_	_	
8-60	941-943	di	_	_	_	
8-61	944-952	genitori	ROLE	_	_	
8-62	953-961	naturali	_	_	_	
8-63	962-963	,	_	_	_	
8-64	964-974	dichiarano	_	_	_	
8-65	975-981	quanto	_	_	_	
8-66	982-987	segue	_	_	_	
8-67	988-989	:	_	_	_	
8-68	990-992	Il	_	_	_	
8-69	993-999	giorno	_	_	_	
8-70	1000-1002	23	_	_	_	
8-71	1003-1006	del	_	_	_	
8-72	1007-1011	mese	_	_	_	
8-73	1012-1014	di	_	_	_	
8-74	1015-1023	Dicembre	_	_	_	
8-75	1024-1029	dell’	_	_	_	
8-76	1030-1034	anno	_	_	_	
8-77	1035-1039	2014	_	_	_	
8-78	1040-1044	alle	_	_	_	
8-79	1045-1048	ore	_	_	_	
8-80	1049-1051	16	_	_	_	
8-81	1052-1053	e	_	_	_	
8-82	1054-1060	minuti	_	_	_	
8-83	1061-1063	50	_	_	_	
8-84	1064-1066	in	_	_	_	
8-85	1067-1073	questo	_	_	_	
8-86	1074-1080	centro	_	_	_	
8-87	1081-1083	di	_	_	_	
8-88	1084-1091	nascita	_	_	_	
8-89	1092-1093	è	_	_	_	
8-90	1094-1098	nato	_	_	_	
8-91	1099-1101	un	_	_	_	
8-92	1102-1109	bambino	_	_	_	
8-93	1110-1112	di	_	_	_	
8-94	1113-1118	sesso	_	_	_	
8-95	1119-1126	Maschio	_	_	_	
8-96	1127-1129	al	_	_	_	
8-97	1130-1135	quale	_	_	_	
8-98	1136-1141	viene	_	_	_	
8-99	1142-1146	dato	_	_	_	
8-100	1147-1149	il	_	_	_	
8-101	1150-1154	nome	_	_	_	
8-102	1155-1157	di	_	_	_	
8-103	1158-1167	Cardarulo	PER[7]	_	_	
8-104	1168-1173	Paolo	PER[7]	_	_	
8-105	1174-1175	.	_	_	_	
8-106	1176-1181	Detto	_	_	_	
8-107	1182-1189	bambino	_	_	_	
8-108	1190-1191	,	_	_	_	
8-109	1192-1194	la	_	_	_	
8-110	1195-1198	cui	_	_	_	
8-111	1199-1206	nascita	_	_	_	
8-112	1207-1208	è	_	_	_	
8-113	1209-1219	comprovata	_	_	_	
8-114	1220-1225	dall’	_	_	_	
8-115	1226-1234	allegata	_	_	_	
8-116	1235-1247	attestazione	_	_	_	
8-117	1248-1250	di	_	_	_	
8-118	1251-1258	nascita	_	_	_	
8-119	1259-1260	,	_	_	_	
8-120	1261-1262	è	_	_	_	
8-121	1263-1267	nato	_	_	_	
8-122	1268-1273	dall’	_	_	_	
8-123	1274-1280	unione	_	_	_	
8-124	1281-1289	naturale	_	_	_	
8-125	1290-1295	fuori	_	_	_	
8-126	1296-1299	del	_	_	_	
8-127	1300-1310	matrimonio	_	_	_	
8-128	1311-1314	dei	_	_	_	
8-129	1315-1326	dichiaranti	_	_	_	
8-130	1327-1330	non	_	_	_	
8-131	1331-1338	parenti	_	_	_	
8-132	1339-1341	né	_	_	_	
8-133	1342-1348	affini	_	_	_	
8-134	1349-1352	nei	_	_	_	
8-135	1353-1358	gradi	_	_	_	
8-136	1359-1362	che	_	_	_	
8-137	1363-1369	ostano	_	_	_	
8-138	1370-1372	al	_	_	_	
8-139	1373-1387	riconoscimento	_	_	_	
8-140	1388-1390	ai	_	_	_	
8-141	1391-1396	sensi	_	_	_	
8-142	1397-1402	dell’	_	_	_	
8-143	1403-1407	art.	LEX[8]	_	_	
8-144	1408-1411	251	LEX[8]	_	_	
8-145	1412-1415	del	LEX[8]	_	_	
8-146	1416-1422	codice	LEX[8]	_	_	
8-147	1423-1429	civile	LEX[8]	_	_	
8-148	1430-1431	.	_	_	_	
