#FORMAT=WebAnno TSV 3.3
#T_SP=custom.Span|label
#T_RL=custom.Relation|label|BT_custom.Span


#Text=Spett. le Comune di Forlì Via delle donne 34
1-1	0-6	Spett.	_	_	_	
1-2	7-9	le	_	_	_	
1-3	10-16	Comune	ENTE[1]	addressR	1-6[2_1]	
1-4	17-19	di	ENTE[1]	_	_	
1-5	20-25	Forlì	ENTE[1]	_	_	
1-6	26-29	Via	LOC[2]	_	_	
1-7	30-35	delle	LOC[2]	_	_	
1-8	36-41	donne	LOC[2]	_	_	
1-9	42-44	34	LOC[2]	_	_	

#Text=OGGETTO : Richiesta di patrocinio , vantaggio economico o contributo per iniziativa in campo sociale , culturale , sportivo [ o turistico ]
2-1	45-52	OGGETTO	_	_	_	
2-2	53-54	:	_	_	_	
2-3	55-64	Richiesta	_	_	_	
2-4	65-67	di	_	_	_	
2-5	68-78	patrocinio	_	_	_	
2-6	79-80	,	_	_	_	
2-7	81-90	vantaggio	_	_	_	
2-8	91-100	economico	_	_	_	
2-9	101-102	o	_	_	_	
2-10	103-113	contributo	_	_	_	
2-11	114-117	per	_	_	_	
2-12	118-128	iniziativa	_	_	_	
2-13	129-131	in	_	_	_	
2-14	132-137	campo	_	_	_	
2-15	138-145	sociale	_	_	_	
2-16	146-147	,	_	_	_	
2-17	148-157	culturale	_	_	_	
2-18	158-159	,	_	_	_	
2-19	160-168	sportivo	_	_	_	
2-20	169-170	[	_	_	_	
2-21	171-172	o	_	_	_	
2-22	173-182	turistico	_	_	_	
2-23	183-184	]	_	_	_	

#Text=Il sottoscritto Gaspare Mendozzi nato a Forlì Provincia ( FC ) il 01/09/1993 residente a Forlì via Leonardo da Vinci 6 cap 47121 Comune Forlì Provincia ( FC ) in qualità di legale rappresentante di Associazione Giovani in Movimento , con sede a Forlì in piazza Spartaco Lavagnini , tel. 0543 655523 , C.F. / P. I. 1773549910 , Sito Internet ( se presente ) www.giovaniinmovimento.org Sito Internet dedicato all’ iniziativa ( se presente ) https://giovaniinmovimento/liberidimuoversi/ L’ Associazione è iscritta all’ Albo di cui all’ art. 12 del “ Regolamento comunale per l' accesso alle prestazioni di tipo sociale , culturale , sportivo e turistico , per la partecipazione di cittadini singoli o associati alla gestione dei servizi comunali e per l' utilizzo di spazi , sale e impianti sportivi nella disponibilità dell' amministrazione ” ?
3-1	185-187	Il	_	_	_	
3-2	188-200	sottoscritto	_	_	_	
3-3	201-208	Gaspare	PER[3]	addressR|addressR|personalRole|addressR|addressR|birthLoc|birthLoc|addressR|birthDate	3-16[0_3]|3-23[0_3]|3-33[5_3]|3-17[4_3]|3-28[0_3]|3-10[0_3]|3-7[0_3]|3-25[0_3]|3-13[0_3]	
3-4	209-217	Mendozzi	PER[3]	_	_	
3-5	218-222	nato	_	_	_	
3-6	223-224	a	_	_	_	
3-7	225-230	Forlì	LOC	_	_	
3-8	231-240	Provincia	_	_	_	
3-9	241-242	(	_	_	_	
3-10	243-245	FC	LOC	_	_	
3-11	246-247	)	_	_	_	
3-12	248-250	il	_	_	_	
3-13	251-261	01/09/1993	DATE	_	_	
3-14	262-271	residente	_	_	_	
3-15	272-273	a	_	_	_	
3-16	274-279	Forlì	LOC	_	_	
3-17	280-283	via	LOC[4]	_	_	
3-18	284-292	Leonardo	LOC[4]	_	_	
3-19	293-295	da	LOC[4]	_	_	
3-20	296-301	Vinci	LOC[4]	_	_	
3-21	302-303	6	LOC[4]	_	_	
3-22	304-307	cap	_	_	_	
3-23	308-313	47121	LOC	_	_	
3-24	314-320	Comune	_	_	_	
3-25	321-326	Forlì	LOC	_	_	
3-26	327-336	Provincia	_	_	_	
3-27	337-338	(	_	_	_	
3-28	339-341	FC	LOC	_	_	
3-29	342-343	)	_	_	_	
3-30	344-346	in	_	_	_	
3-31	347-354	qualità	_	_	_	
3-32	355-357	di	_	_	_	
3-33	358-364	legale	ROLE[5]	_	_	
3-34	365-379	rappresentante	ROLE[5]	_	_	
3-35	380-382	di	_	_	_	
3-36	383-395	Associazione	ORG[6]	op|addressR|tel|addressR|vat|companyRole	3-3[3_6]|3-44[0_6]|3-51[0_6]|3-46[7_6]|3-56[0_6]|3-33[5_6]	
3-37	396-403	Giovani	ORG[6]	_	_	
3-38	404-406	in	ORG[6]	_	_	
3-39	407-416	Movimento	ORG[6]	_	_	
3-40	417-418	,	_	_	_	
3-41	419-422	con	_	_	_	
3-42	423-427	sede	_	_	_	
3-43	428-429	a	_	_	_	
3-44	430-435	Forlì	LOC	_	_	
3-45	436-438	in	_	_	_	
3-46	439-445	piazza	LOC[7]	_	_	
3-47	446-454	Spartaco	LOC[7]	_	_	
3-48	455-464	Lavagnini	LOC[7]	_	_	
3-49	465-466	,	_	_	_	
3-50	467-471	tel.	_	_	_	
3-51	472-483	0543 655523	NUMBER	_	_	
3-52	484-485	,	_	_	_	
3-53	486-490	C.F.	_	_	_	
3-54	491-492	/	_	_	_	
3-55	493-498	P. I.	_	_	_	
3-56	499-509	1773549910	NUMBER	_	_	
3-57	510-511	,	_	_	_	
3-58	512-516	Sito	_	_	_	
3-59	517-525	Internet	_	_	_	
3-60	526-527	(	_	_	_	
3-61	528-530	se	_	_	_	
3-62	531-539	presente	_	_	_	
3-63	540-541	)	_	_	_	
3-64	542-568	www.giovaniinmovimento.org	_	_	_	
3-65	569-573	Sito	_	_	_	
3-66	574-582	Internet	_	_	_	
3-67	583-591	dedicato	_	_	_	
3-68	592-596	all’	_	_	_	
3-69	597-607	iniziativa	_	_	_	
3-70	608-609	(	_	_	_	
3-71	610-612	se	_	_	_	
3-72	613-621	presente	_	_	_	
3-73	622-623	)	_	_	_	
3-74	624-668	https://giovaniinmovimento/liberidimuoversi/	_	_	_	
3-75	669-671	L’	_	_	_	
3-76	672-684	Associazione	_	_	_	
3-77	685-686	è	_	_	_	
3-78	687-695	iscritta	_	_	_	
3-79	696-700	all’	_	_	_	
3-80	701-705	Albo	_	_	_	
3-81	706-708	di	_	_	_	
3-82	709-712	cui	_	_	_	
3-83	713-717	all’	_	_	_	
3-84	718-722	art.	LEX[8]	_	_	
3-85	723-725	12	LEX[8]	_	_	
3-86	726-729	del	LEX[8]	_	_	
3-87	730-731	“	LEX[8]	_	_	
3-88	732-743	Regolamento	LEX[8]	_	_	
3-89	744-752	comunale	LEX[8]	_	_	
3-90	753-756	per	LEX[8]	_	_	
3-91	757-759	l'	LEX[8]	_	_	
3-92	760-767	accesso	LEX[8]	_	_	
3-93	768-772	alle	LEX[8]	_	_	
3-94	773-784	prestazioni	LEX[8]	_	_	
3-95	785-787	di	LEX[8]	_	_	
3-96	788-792	tipo	LEX[8]	_	_	
3-97	793-800	sociale	LEX[8]	_	_	
3-98	801-802	,	LEX[8]	_	_	
3-99	803-812	culturale	LEX[8]	_	_	
3-100	813-814	,	LEX[8]	_	_	
3-101	815-823	sportivo	LEX[8]	_	_	
3-102	824-825	e	LEX[8]	_	_	
3-103	826-835	turistico	LEX[8]	_	_	
3-104	836-837	,	LEX[8]	_	_	
3-105	838-841	per	LEX[8]	_	_	
3-106	842-844	la	LEX[8]	_	_	
3-107	845-859	partecipazione	LEX[8]	_	_	
3-108	860-862	di	LEX[8]	_	_	
3-109	863-872	cittadini	LEX[8]	_	_	
3-110	873-880	singoli	LEX[8]	_	_	
3-111	881-882	o	LEX[8]	_	_	
3-112	883-892	associati	LEX[8]	_	_	
3-113	893-897	alla	LEX[8]	_	_	
3-114	898-906	gestione	LEX[8]	_	_	
3-115	907-910	dei	LEX[8]	_	_	
3-116	911-918	servizi	LEX[8]	_	_	
3-117	919-927	comunali	LEX[8]	_	_	
3-118	928-929	e	LEX[8]	_	_	
3-119	930-933	per	LEX[8]	_	_	
3-120	934-936	l'	LEX[8]	_	_	
3-121	937-945	utilizzo	LEX[8]	_	_	
3-122	946-948	di	LEX[8]	_	_	
3-123	949-954	spazi	LEX[8]	_	_	
3-124	955-956	,	LEX[8]	_	_	
3-125	957-961	sale	LEX[8]	_	_	
3-126	962-963	e	LEX[8]	_	_	
3-127	964-972	impianti	LEX[8]	_	_	
3-128	973-981	sportivi	LEX[8]	_	_	
3-129	982-987	nella	LEX[8]	_	_	
3-130	988-1001	disponibilità	LEX[8]	_	_	
3-131	1002-1007	dell'	LEX[8]	_	_	
3-132	1008-1023	amministrazione	LEX[8]	_	_	
3-133	1024-1025	”	LEX[8]	_	_	
3-134	1026-1027	?	_	_	_	

#Text=[ SI ] [ NO ] CHIEDE che gli venga concesso , ai sensi del “ Regolamento comunale per l' accesso alle prestazioni di tipo sociale , culturale , sportivo e turistico , per la partecipazione di cittadini singoli o associati alla gestione dei servizi comunali e per l' utilizzo di spazi , sale e impianti sportivi nella disponibilità dell' amministrazione ” ( delibera C.C. n. 234 ) ?
4-1	1028-1029	[	_	_	_	
4-2	1030-1032	SI	_	_	_	
4-3	1033-1034	]	_	_	_	
4-4	1035-1036	[	_	_	_	
4-5	1037-1039	NO	_	_	_	
4-6	1040-1041	]	_	_	_	
4-7	1042-1048	CHIEDE	_	_	_	
4-8	1049-1052	che	_	_	_	
4-9	1053-1056	gli	_	_	_	
4-10	1057-1062	venga	_	_	_	
4-11	1063-1071	concesso	_	_	_	
4-12	1072-1073	,	_	_	_	
4-13	1074-1076	ai	_	_	_	
4-14	1077-1082	sensi	_	_	_	
4-15	1083-1086	del	_	_	_	
4-16	1087-1088	“	_	_	_	
4-17	1089-1100	Regolamento	_	_	_	
4-18	1101-1109	comunale	_	_	_	
4-19	1110-1113	per	_	_	_	
4-20	1114-1116	l'	_	_	_	
4-21	1117-1124	accesso	_	_	_	
4-22	1125-1129	alle	_	_	_	
4-23	1130-1141	prestazioni	_	_	_	
4-24	1142-1144	di	_	_	_	
4-25	1145-1149	tipo	_	_	_	
4-26	1150-1157	sociale	_	_	_	
4-27	1158-1159	,	_	_	_	
4-28	1160-1169	culturale	_	_	_	
4-29	1170-1171	,	_	_	_	
4-30	1172-1180	sportivo	_	_	_	
4-31	1181-1182	e	_	_	_	
4-32	1183-1192	turistico	_	_	_	
4-33	1193-1194	,	_	_	_	
4-34	1195-1198	per	_	_	_	
4-35	1199-1201	la	_	_	_	
4-36	1202-1216	partecipazione	_	_	_	
4-37	1217-1219	di	_	_	_	
4-38	1220-1229	cittadini	_	_	_	
4-39	1230-1237	singoli	_	_	_	
4-40	1238-1239	o	_	_	_	
4-41	1240-1249	associati	_	_	_	
4-42	1250-1254	alla	_	_	_	
4-43	1255-1263	gestione	_	_	_	
4-44	1264-1267	dei	_	_	_	
4-45	1268-1275	servizi	_	_	_	
4-46	1276-1284	comunali	_	_	_	
4-47	1285-1286	e	_	_	_	
4-48	1287-1290	per	_	_	_	
4-49	1291-1293	l'	_	_	_	
4-50	1294-1302	utilizzo	_	_	_	
4-51	1303-1305	di	_	_	_	
4-52	1306-1311	spazi	_	_	_	
4-53	1312-1313	,	_	_	_	
4-54	1314-1318	sale	_	_	_	
4-55	1319-1320	e	_	_	_	
4-56	1321-1329	impianti	_	_	_	
4-57	1330-1338	sportivi	_	_	_	
4-58	1339-1344	nella	_	_	_	
4-59	1345-1358	disponibilità	_	_	_	
4-60	1359-1364	dell'	_	_	_	
4-61	1365-1380	amministrazione	_	_	_	
4-62	1381-1382	”	_	_	_	
4-63	1383-1384	(	_	_	_	
4-64	1385-1393	delibera	LEX[9]	_	_	
4-65	1394-1398	C.C.	LEX[9]	_	_	
4-66	1399-1405	n. 234	LEX[9]	_	_	
4-67	1406-1407	)	_	_	_	
4-68	1408-1409	?	_	_	_	

#Text=il patrocinio ?
5-1	1410-1412	il	_	_	_	
5-2	1413-1423	patrocinio	_	_	_	
5-3	1424-1425	?	_	_	_	

#Text=vantaggi economici sotto forma di sconti mirati da parte del Comune di Forlì .
6-1	1426-1434	vantaggi	_	_	_	
6-2	1435-1444	economici	_	_	_	
6-3	1445-1450	sotto	_	_	_	
6-4	1451-1456	forma	_	_	_	
6-5	1457-1459	di	_	_	_	
6-6	1460-1466	sconti	_	_	_	
6-7	1467-1473	mirati	_	_	_	
6-8	1474-1476	da	_	_	_	
6-9	1477-1482	parte	_	_	_	
6-10	1483-1486	del	_	_	_	
6-11	1487-1493	Comune	ENTE[10]	_	_	
6-12	1494-1496	di	ENTE[10]	_	_	
6-13	1497-1502	Forlì	ENTE[10]	_	_	
6-14	1503-1504	.	_	_	_	
