#FORMAT=WebAnno TSV 3.3
#T_SP=custom.Span|label
#T_RL=custom.Relation|label|BT_custom.Span


#Text=Al SIG : UFFICIALE DELLO STATO CIVILE DEL COMUNE DI Siena
1-1	0-2	Al	_	_	_	
1-2	3-6	SIG	_	_	_	
1-3	7-8	:	_	_	_	
1-4	9-18	UFFICIALE	_	_	_	
1-5	19-24	DELLO	_	_	_	
1-6	25-30	STATO	_	_	_	
1-7	31-37	CIVILE	_	_	_	
1-8	38-41	DEL	_	_	_	
1-9	42-48	COMUNE	ENTE[1]	_	_	
1-10	49-51	DI	ENTE[1]	_	_	
1-11	52-57	Siena	ENTE[1]	_	_	

#Text=OGGETTO : Richiesta per la celebrazione del matrimonio in luogo diverso dalla casa comunale .
2-1	58-65	OGGETTO	_	_	_	
2-2	66-67	:	_	_	_	
2-3	68-77	Richiesta	_	_	_	
2-4	78-81	per	_	_	_	
2-5	82-84	la	_	_	_	
2-6	85-97	celebrazione	_	_	_	
2-7	98-101	del	_	_	_	
2-8	102-112	matrimonio	_	_	_	
2-9	113-115	in	_	_	_	
2-10	116-121	luogo	_	_	_	
2-11	122-129	diverso	_	_	_	
2-12	130-135	dalla	_	_	_	
2-13	136-140	casa	_	_	_	
2-14	141-149	comunale	_	_	_	
2-15	150-151	.	_	_	_	

#Text=I sottoscritti : Pina Iannielli nata a Avigliano il 06/06/1977 codice fiscale NNLPNI77H46A519T E Raimondo Bochicchio nato a Avigliano il 02/06/1980 codice fiscale BCCRND80H02A519T in data 23/02/2020 hanno richiesto all’ Ufficiale dello stato civile del Comune di Avigliano la pubblicazione del matrimonio , ai sensi dell’ art. 109 del vigente codice civile e dell’ art. 67 del d.P.R. 3 novembre 2000 , n. 396 e che intendono celebrare in codesto Comune
3-1	152-153	I	_	_	_	
3-2	154-166	sottoscritti	_	_	_	
3-3	167-168	:	_	_	_	
3-4	169-173	Pina	PER[2]	cf|birthDate|birthLoc	3-13[0_2]|3-10[0_2]|3-8[0_2]	
3-5	174-183	Iannielli	PER[2]	_	_	
3-6	184-188	nata	_	_	_	
3-7	189-190	a	_	_	_	
3-8	191-200	Avigliano	LOC	_	_	
3-9	201-203	il	_	_	_	
3-10	204-214	06/06/1977	DATE	_	_	
3-11	215-221	codice	_	_	_	
3-12	222-229	fiscale	_	_	_	
3-13	230-246	NNLPNI77H46A519T	CF	_	_	
3-14	247-248	E	_	_	_	
3-15	249-257	Raimondo	PER[3]	birthDate|cf|birthLoc	3-21[0_3]|3-24[0_3]|3-19[0_3]	
3-16	258-268	Bochicchio	PER[3]	_	_	
3-17	269-273	nato	_	_	_	
3-18	274-275	a	_	_	_	
3-19	276-285	Avigliano	LOC	_	_	
3-20	286-288	il	_	_	_	
3-21	289-299	02/06/1980	DATE	_	_	
3-22	300-306	codice	_	_	_	
3-23	307-314	fiscale	_	_	_	
3-24	315-331	BCCRND80H02A519T	CF	_	_	
3-25	332-334	in	_	_	_	
3-26	335-339	data	_	_	_	
3-27	340-350	23/02/2020	_	_	_	
3-28	351-356	hanno	_	_	_	
3-29	357-366	richiesto	_	_	_	
3-30	367-371	all’	_	_	_	
3-31	372-381	Ufficiale	_	_	_	
3-32	382-387	dello	_	_	_	
3-33	388-393	stato	_	_	_	
3-34	394-400	civile	_	_	_	
3-35	401-404	del	_	_	_	
3-36	405-411	Comune	ENTE[4]	_	_	
3-37	412-414	di	ENTE[4]	_	_	
3-38	415-424	Avigliano	ENTE[4]	_	_	
3-39	425-427	la	_	_	_	
3-40	428-441	pubblicazione	_	_	_	
3-41	442-445	del	_	_	_	
3-42	446-456	matrimonio	_	_	_	
3-43	457-458	,	_	_	_	
3-44	459-461	ai	_	_	_	
3-45	462-467	sensi	_	_	_	
3-46	468-473	dell’	_	_	_	
3-47	474-478	art.	LEX[5]	_	_	
3-48	479-482	109	LEX[5]	_	_	
3-49	483-486	del	LEX[5]	_	_	
3-50	487-494	vigente	LEX[5]	_	_	
3-51	495-501	codice	LEX[5]	_	_	
3-52	502-508	civile	LEX[5]	_	_	
3-53	509-510	e	_	_	_	
3-54	511-516	dell’	_	_	_	
3-55	517-521	art.	LEX[6]	_	_	
3-56	522-524	67	LEX[6]	_	_	
3-57	525-528	del	LEX[6]	_	_	
3-58	529-535	d.P.R.	LEX[6]	_	_	
3-59	536-537	3	LEX[6]	_	_	
3-60	538-546	novembre	LEX[6]	_	_	
3-61	547-551	2000	LEX[6]	_	_	
3-62	552-553	,	LEX[6]	_	_	
3-63	554-556	n.	LEX[6]	_	_	
3-64	557-560	396	LEX[6]	_	_	
3-65	561-562	e	_	_	_	
3-66	563-566	che	_	_	_	
3-67	567-576	intendono	_	_	_	
3-68	577-586	celebrare	_	_	_	
3-69	587-589	in	_	_	_	
3-70	590-597	codesto	_	_	_	
3-71	598-604	Comune	_	_	_	

#Text=CHIEDONO
4-1	605-613	CHIEDONO	_	_	_	
