#FORMAT=WebAnno TSV 3.3
#T_SP=custom.Span|label
#T_RL=custom.Relation|label|BT_custom.Span


#Text=Comune di Frosinone
1-1	0-6	Comune	ENTE[1]	_	_	
1-2	7-9	di	ENTE[1]	_	_	
1-3	10-19	Frosinone	ENTE[1]	_	_	

#Text=Provincia di Frosinone
2-1	20-29	Provincia	ENTE[2]	_	_	
2-2	30-32	di	ENTE[2]	_	_	
2-3	33-42	Frosinone	ENTE[2]	_	_	

#Text=Settore / Servizio / Ufficio Licenze
3-1	43-50	Settore	_	_	_	
3-2	51-52	/	_	_	_	
3-3	53-61	Servizio	_	_	_	
3-4	62-63	/	_	_	_	
3-5	64-71	Ufficio	_	_	_	
3-6	72-79	Licenze	_	_	_	

#Text=SPETTACOLI VIAGGIANTI
4-1	80-90	SPETTACOLI	_	_	_	
4-2	91-101	VIAGGIANTI	_	_	_	

#Text=Istanza di voltura della registrazione e di rilascio del Codice Identificativo per attrazione di spettacolo viaggiante
5-1	102-109	Istanza	_	_	_	
5-2	110-112	di	_	_	_	
5-3	113-120	voltura	_	_	_	
5-4	121-126	della	_	_	_	
5-5	127-140	registrazione	_	_	_	
5-6	141-142	e	_	_	_	
5-7	143-145	di	_	_	_	
5-8	146-154	rilascio	_	_	_	
5-9	155-158	del	_	_	_	
5-10	159-165	Codice	_	_	_	
5-11	166-180	Identificativo	_	_	_	
5-12	181-184	per	_	_	_	
5-13	185-195	attrazione	_	_	_	
5-14	196-198	di	_	_	_	
5-15	199-209	spettacolo	_	_	_	
5-16	210-220	viaggiante	_	_	_	

#Text=( Legge 337 / 68 e art. 4 , c. 10 del D.M. 18/05/2007 e s.m.i. “ Norme di sicurezza per le attività di spettacolo viaggiante )
6-1	221-222	(	_	_	_	
6-2	223-228	Legge	LEX[3]	_	_	
6-3	229-232	337	LEX[3]	_	_	
6-4	233-234	/	LEX[3]	_	_	
6-5	235-237	68	LEX[3]	_	_	
6-6	238-239	e	LEX[3]	_	_	
6-7	240-244	art.	LEX[3]	_	_	
6-8	245-246	4	LEX[3]	_	_	
6-9	247-248	,	LEX[3]	_	_	
6-10	249-251	c.	LEX[3]	_	_	
6-11	252-254	10	LEX[3]	_	_	
6-12	255-258	del	LEX[3]	_	_	
6-13	259-263	D.M.	LEX[3]	_	_	
6-14	264-274	18/05/2007	LEX[3]	_	_	
6-15	275-276	e	_	_	_	
6-16	277-283	s.m.i.	_	_	_	
6-17	284-285	“	_	_	_	
6-18	286-291	Norme	_	_	_	
6-19	292-294	di	_	_	_	
6-20	295-304	sicurezza	_	_	_	
6-21	305-308	per	_	_	_	
6-22	309-311	le	_	_	_	
6-23	312-320	attività	_	_	_	
6-24	321-323	di	_	_	_	
6-25	324-334	spettacolo	_	_	_	
6-26	335-345	viaggiante	_	_	_	
6-27	346-347	)	_	_	_	

#Text=Allo Sportello Unico Attività Produttive di spettacolo
7-1	348-352	Allo	_	_	_	
7-2	353-362	Sportello	_	_	_	
7-3	363-368	Unico	_	_	_	
7-4	369-377	Attività	_	_	_	
7-5	378-388	Produttive	_	_	_	
7-6	389-391	di	_	_	_	
7-7	392-402	spettacolo	_	_	_	

#Text=Protocollo n. 234 Data di protocollazione 13/07/2019
8-1	403-413	Protocollo	_	_	_	
8-2	414-416	n.	_	_	_	
8-3	417-420	234	_	_	_	
8-4	421-425	Data	_	_	_	
8-5	426-428	di	_	_	_	
8-6	429-444	protocollazione	_	_	_	
8-7	445-455	13/07/2019	_	_	_	

#Text=Il sottoscritto Emilia Mondello nato a Frosinone il 12/03/1956 Nazionalità italiana residente in Frosinone Via Etruria n. 234 Codice Fiscale MNDMLE56C52D810M Telefono 0775 433222 E-mail emilia.mondello@gmail.con casella PEC info@mondellocirco.org nella sua qualità di :  gestore / titolare dell’ impresa individuale denominata Circo mondello s.p.a.  gestore / legale rappresentante della società denominata con sede legale nel Comune di Frosinone Provincia FR , Nazione Italia iscritta alla C.C.I.A.A. di Frosinone titolare di licenza ex art. 69 Tulps ( R.D. n. 773 / 1931 ) n. 1234 / 7 rilasciata in data 05/08/2017 dal Comune di Frosinone .
9-1	456-458	Il	_	_	_	
9-2	459-471	sottoscritto	_	_	_	
9-3	472-478	Emilia	PER[4]	birthLoc|addressR|email|personalRole|addressR|birthDate|cf|email|personalRole|tel	9-7[0_4]|9-14[0_4]|9-28[0_4]|9-37[0_4]|9-15[5_4]|9-9[0_4]|9-21[0_4]|9-25[0_4]|9-35[0_4]|9-23[0_4]	
9-4	479-487	Mondello	PER[4]	_	_	
9-5	488-492	nato	_	_	_	
9-6	493-494	a	_	_	_	
9-7	495-504	Frosinone	LOC	_	_	
9-8	505-507	il	_	_	_	
9-9	508-518	12/03/1956	DATE	_	_	
9-10	519-530	Nazionalità	_	_	_	
9-11	531-539	italiana	_	_	_	
9-12	540-549	residente	_	_	_	
9-13	550-552	in	_	_	_	
9-14	553-562	Frosinone	LOC	_	_	
9-15	563-566	Via	LOC[5]	_	_	
9-16	567-574	Etruria	LOC[5]	_	_	
9-17	575-577	n.	LOC[5]	_	_	
9-18	578-581	234	LOC[5]	_	_	
9-19	582-588	Codice	_	_	_	
9-20	589-596	Fiscale	_	_	_	
9-21	597-613	MNDMLE56C52D810M	CF	_	_	
9-22	614-622	Telefono	_	_	_	
9-23	623-634	0775 433222	NUMBER	_	_	
9-24	635-641	E-mail	_	_	_	
9-25	642-667	emilia.mondello@gmail.con	EMAIL	_	_	
9-26	668-675	casella	_	_	_	
9-27	676-679	PEC	_	_	_	
9-28	680-702	info@mondellocirco.org	EMAIL	_	_	
9-29	703-708	nella	_	_	_	
9-30	709-712	sua	_	_	_	
9-31	713-720	qualità	_	_	_	
9-32	721-723	di	_	_	_	
9-33	724-725	:	_	_	_	
9-34	726-727		_	_	_	
9-35	728-735	gestore	ROLE	_	_	
9-36	736-737	/	_	_	_	
9-37	738-746	titolare	ROLE	_	_	
9-38	747-752	dell’	_	_	_	
9-39	753-760	impresa	_	_	_	
9-40	761-772	individuale	_	_	_	
9-41	773-783	denominata	_	_	_	
9-42	784-789	Circo	ORG[6]	companyRole|op|addressR|addressR|companyRole|address	9-37[0_6]|9-3[4_6]|9-57[7_6]|9-61[0_6]|9-35[0_6]|9-64[0_6]	
9-43	790-798	mondello	ORG[6]	_	_	
9-44	799-805	s.p.a.	ORG[6]	_	_	
9-45	806-807		_	_	_	
9-46	808-815	gestore	_	_	_	
9-47	816-817	/	_	_	_	
9-48	818-824	legale	_	_	_	
9-49	825-839	rappresentante	_	_	_	
9-50	840-845	della	_	_	_	
9-51	846-853	società	_	_	_	
9-52	854-864	denominata	_	_	_	
9-53	865-868	con	_	_	_	
9-54	869-873	sede	_	_	_	
9-55	874-880	legale	_	_	_	
9-56	881-884	nel	_	_	_	
9-57	885-891	Comune	LOC[7]	_	_	
9-58	892-894	di	LOC[7]	_	_	
9-59	895-904	Frosinone	LOC[7]	_	_	
9-60	905-914	Provincia	_	_	_	
9-61	915-917	FR	LOC	_	_	
9-62	918-919	,	_	_	_	
9-63	920-927	Nazione	_	_	_	
9-64	928-934	Italia	LOC	_	_	
9-65	935-943	iscritta	_	_	_	
9-66	944-948	alla	_	_	_	
9-67	949-959	C.C.I.A.A.	ENTE[8]	_	_	
9-68	960-962	di	ENTE[8]	_	_	
9-69	963-972	Frosinone	ENTE[8]	_	_	
9-70	973-981	titolare	_	_	_	
9-71	982-984	di	_	_	_	
9-72	985-992	licenza	_	_	_	
9-73	993-995	ex	LEX[9]	_	_	
9-74	996-1000	art.	LEX[9]	_	_	
9-75	1001-1003	69	LEX[9]	_	_	
9-76	1004-1009	Tulps	LEX[9]	_	_	
9-77	1010-1011	(	LEX[9]	_	_	
9-78	1012-1016	R.D.	LEX[9]	_	_	
9-79	1017-1019	n.	LEX[9]	_	_	
9-80	1020-1023	773	LEX[9]	_	_	
9-81	1024-1025	/	LEX[9]	_	_	
9-82	1026-1030	1931	LEX[9]	_	_	
9-83	1031-1032	)	LEX[9]	_	_	
9-84	1033-1035	n.	LEX[9]	_	_	
9-85	1036-1040	1234	LEX[9]	_	_	
9-86	1041-1042	/	LEX[9]	_	_	
9-87	1043-1044	7	LEX[9]	_	_	
9-88	1045-1055	rilasciata	_	_	_	
9-89	1056-1058	in	_	_	_	
9-90	1059-1063	data	_	_	_	
9-91	1064-1074	05/08/2017	_	_	_	
9-92	1075-1078	dal	_	_	_	
9-93	1079-1085	Comune	ENTE[10]	_	_	
9-94	1086-1088	di	ENTE[10]	_	_	
9-95	1089-1098	Frosinone	ENTE[10]	_	_	
9-96	1099-1100	.	_	_	_	

#Text=Ai sensi e per gli effetti della Legge 337 / 68 e dell’ art. 4 , c. 10 del D.M. 18/05/2007 e s.m.i.
10-1	1101-1103	Ai	_	_	_	
10-2	1104-1109	sensi	_	_	_	
10-3	1110-1111	e	_	_	_	
10-4	1112-1115	per	_	_	_	
10-5	1116-1119	gli	_	_	_	
10-6	1120-1127	effetti	_	_	_	
10-7	1128-1133	della	_	_	_	
10-8	1134-1139	Legge	LEX[11]	_	_	
10-9	1140-1143	337	LEX[11]	_	_	
10-10	1144-1145	/	LEX[11]	_	_	
10-11	1146-1148	68	LEX[11]	_	_	
10-12	1149-1150	e	_	_	_	
10-13	1151-1156	dell’	_	_	_	
10-14	1157-1161	art.	LEX[12]	_	_	
10-15	1162-1163	4	LEX[12]	_	_	
10-16	1164-1165	,	LEX[12]	_	_	
10-17	1166-1168	c.	LEX[12]	_	_	
10-18	1169-1171	10	LEX[12]	_	_	
10-19	1172-1175	del	LEX[12]	_	_	
10-20	1176-1180	D.M.	LEX[12]	_	_	
10-21	1181-1191	18/05/2007	LEX[12]	_	_	
10-22	1192-1193	e	_	_	_	
10-23	1194-1200	s.m.i.	_	_	_	

#Text=CHIEDE
11-1	1201-1207	CHIEDE	_	_	_	
