#FORMAT=WebAnno TSV 3.3
#T_SP=custom.Span|label
#T_RL=custom.Relation|label|BT_custom.Span


#Text=Comune di Latina Provincia di Latina
1-1	0-6	Comune	ENTE[1]	_	_	
1-2	7-9	di	ENTE[1]	_	_	
1-3	10-16	Latina	ENTE[1]	_	_	
1-4	17-26	Provincia	ENTE[2]	_	_	
1-5	27-29	di	ENTE[2]	_	_	
1-6	30-36	Latina	ENTE[2]	_	_	

#Text=Istanza per l’ acquisizione di dati contenuti nel registro comunale delle dichiarazioni anticipate di trattamento sanitario ( DAT ) Approvato con Deliberazione del Consiglio Comunale n. 123 del 03/07/2015 All’ ufficiale dello stato civile responsabile della tenuta del registro comunale del Comune di Formia :
2-1	37-44	Istanza	_	_	_	
2-2	45-48	per	_	_	_	
2-3	49-51	l’	_	_	_	
2-4	52-64	acquisizione	_	_	_	
2-5	65-67	di	_	_	_	
2-6	68-72	dati	_	_	_	
2-7	73-82	contenuti	_	_	_	
2-8	83-86	nel	_	_	_	
2-9	87-95	registro	_	_	_	
2-10	96-104	comunale	_	_	_	
2-11	105-110	delle	_	_	_	
2-12	111-124	dichiarazioni	_	_	_	
2-13	125-135	anticipate	_	_	_	
2-14	136-138	di	_	_	_	
2-15	139-150	trattamento	_	_	_	
2-16	151-160	sanitario	_	_	_	
2-17	161-162	(	_	_	_	
2-18	163-166	DAT	_	_	_	
2-19	167-168	)	_	_	_	
2-20	169-178	Approvato	_	_	_	
2-21	179-182	con	_	_	_	
2-22	183-196	Deliberazione	LEX[3]	_	_	
2-23	197-200	del	LEX[3]	_	_	
2-24	201-210	Consiglio	LEX[3]	_	_	
2-25	211-219	Comunale	LEX[3]	_	_	
2-26	220-226	n. 123	LEX[3]	_	_	
2-27	227-230	del	LEX[3]	_	_	
2-28	231-241	03/07/2015	LEX[3]	_	_	
2-29	242-246	All’	_	_	_	
2-30	247-256	ufficiale	_	_	_	
2-31	257-262	dello	_	_	_	
2-32	263-268	stato	_	_	_	
2-33	269-275	civile	_	_	_	
2-34	276-288	responsabile	_	_	_	
2-35	289-294	della	_	_	_	
2-36	295-301	tenuta	_	_	_	
2-37	302-305	del	_	_	_	
2-38	306-314	registro	_	_	_	
2-39	315-323	comunale	_	_	_	
2-40	324-327	del	_	_	_	
2-41	328-334	Comune	ENTE[4]	_	_	
2-42	335-337	di	ENTE[4]	_	_	
2-43	338-344	Formia	ENTE[4]	_	_	
2-44	345-346	:	_	_	_	

#Text=Il / la sottoscritto / a Elena Dessi nato / a a Formia il 17/12/64 , residente nel comune di Formia prov. Latina in via del Madonnone n. 7 ( tel. 0771 036281 ) , in qualità di :
3-1	347-349	Il	_	_	_	
3-2	350-351	/	_	_	_	
3-3	352-354	la	_	_	_	
3-4	355-367	sottoscritto	_	_	_	
3-5	368-369	/	_	_	_	
3-6	370-371	a	_	_	_	
3-7	372-377	Elena	PER[5]	addressR|personalRole|addressR|birthDate|birthLoc|addressR|tel	3-21[0_5]|4-3[7_5]|3-25[6_5]|3-15[0_5]|3-13[0_5]|3-23[0_5]|3-31[0_5]	
3-8	378-383	Dessi	PER[5]	_	_	
3-9	384-388	nato	_	_	_	
3-10	389-390	/	_	_	_	
3-11	391-392	a	_	_	_	
3-12	393-394	a	_	_	_	
3-13	395-401	Formia	LOC	_	_	
3-14	402-404	il	_	_	_	
3-15	405-413	17/12/64	DATE	_	_	
3-16	414-415	,	_	_	_	
3-17	416-425	residente	_	_	_	
3-18	426-429	nel	_	_	_	
3-19	430-436	comune	_	_	_	
3-20	437-439	di	_	_	_	
3-21	440-446	Formia	LOC	_	_	
3-22	447-452	prov.	_	_	_	
3-23	453-459	Latina	LOC	_	_	
3-24	460-462	in	_	_	_	
3-25	463-466	via	LOC[6]	_	_	
3-26	467-470	del	LOC[6]	_	_	
3-27	471-480	Madonnone	LOC[6]	_	_	
3-28	481-485	n. 7	LOC[6]	_	_	
3-29	486-487	(	_	_	_	
3-30	488-492	tel.	_	_	_	
3-31	493-504	0771 036281	NUMBER	_	_	
3-32	505-506	)	_	_	_	
3-33	507-508	,	_	_	_	
3-34	509-511	in	_	_	_	
3-35	512-519	qualità	_	_	_	
3-36	520-522	di	_	_	_	
3-37	523-524	:	_	_	_	

#Text=medesimo interessato medico di famiglia del dichiarante medico curante del dichiarante fiduciario o supplente del fiduciario notaio che ha rogato l' atto erede chiede :
4-1	525-533	medesimo	_	_	_	
4-2	534-545	interessato	_	_	_	
4-3	546-552	medico	ROLE[7]	_	_	
4-4	553-555	di	ROLE[7]	_	_	
4-5	556-564	famiglia	ROLE[7]	_	_	
4-6	565-568	del	_	_	_	
4-7	569-580	dichiarante	_	_	_	
4-8	581-587	medico	_	_	_	
4-9	588-595	curante	_	_	_	
4-10	596-599	del	_	_	_	
4-11	600-611	dichiarante	_	_	_	
4-12	612-622	fiduciario	_	_	_	
4-13	623-624	o	_	_	_	
4-14	625-634	supplente	_	_	_	
4-15	635-638	del	_	_	_	
4-16	639-649	fiduciario	_	_	_	
4-17	650-656	notaio	_	_	_	
4-18	657-660	che	_	_	_	
4-19	661-663	ha	_	_	_	
4-20	664-670	rogato	_	_	_	
4-21	671-673	l'	_	_	_	
4-22	674-678	atto	_	_	_	
4-23	679-684	erede	_	_	_	
4-24	685-691	chiede	_	_	_	
4-25	692-693	:	_	_	_	

#Text=Di poter acquisire copia semplice della dichiarazione sostitutiva La consegna del plico sigillato delle DAT a nome di : Silvia Dessi per i seguenti motivi
5-1	694-696	Di	_	_	_	
5-2	697-702	poter	_	_	_	
5-3	703-712	acquisire	_	_	_	
5-4	713-718	copia	_	_	_	
5-5	719-727	semplice	_	_	_	
5-6	728-733	della	_	_	_	
5-7	734-747	dichiarazione	_	_	_	
5-8	748-759	sostitutiva	_	_	_	
5-9	760-762	La	_	_	_	
5-10	763-771	consegna	_	_	_	
5-11	772-775	del	_	_	_	
5-12	776-781	plico	_	_	_	
5-13	782-791	sigillato	_	_	_	
5-14	792-797	delle	_	_	_	
5-15	798-801	DAT	_	_	_	
5-16	802-803	a	_	_	_	
5-17	804-808	nome	_	_	_	
5-18	809-811	di	_	_	_	
5-19	812-813	:	_	_	_	
5-20	814-820	Silvia	PER[8]	_	_	
5-21	821-826	Dessi	PER[8]	_	_	
5-22	827-830	per	_	_	_	
5-23	831-832	i	_	_	_	
5-24	833-841	seguenti	_	_	_	
5-25	842-848	motivi	_	_	_	

#Text=A tal fine dichiaro di essere informato , tramite apposita informativa resa disponibile dall’ ente a cui è indirizzato il presente documento , ai sensi e per gli effetti degli articoli 13 e seg. del Regolamento Generale sulla Protezione dei Dati ( RGPD-UE 2016/679 ) , che i dati personali raccolti saranno trattati , anche con strumenti informatici , esclusivamente nell’ ambito del procedimento per il quale la presente istanza / dichiarazione viene resa .
6-1	849-850	A	_	_	_	
6-2	851-854	tal	_	_	_	
6-3	855-859	fine	_	_	_	
6-4	860-868	dichiaro	_	_	_	
6-5	869-871	di	_	_	_	
6-6	872-878	essere	_	_	_	
6-7	879-888	informato	_	_	_	
6-8	889-890	,	_	_	_	
6-9	891-898	tramite	_	_	_	
6-10	899-907	apposita	_	_	_	
6-11	908-919	informativa	_	_	_	
6-12	920-924	resa	_	_	_	
6-13	925-936	disponibile	_	_	_	
6-14	937-942	dall’	_	_	_	
6-15	943-947	ente	_	_	_	
6-16	948-949	a	_	_	_	
6-17	950-953	cui	_	_	_	
6-18	954-955	è	_	_	_	
6-19	956-967	indirizzato	_	_	_	
6-20	968-970	il	_	_	_	
6-21	971-979	presente	_	_	_	
6-22	980-989	documento	_	_	_	
6-23	990-991	,	_	_	_	
6-24	992-994	ai	_	_	_	
6-25	995-1000	sensi	_	_	_	
6-26	1001-1002	e	_	_	_	
6-27	1003-1006	per	_	_	_	
6-28	1007-1010	gli	_	_	_	
6-29	1011-1018	effetti	_	_	_	
6-30	1019-1024	degli	_	_	_	
6-31	1025-1033	articoli	LEX[9]	_	_	
6-32	1034-1036	13	LEX[9]	_	_	
6-33	1037-1038	e	LEX[9]	_	_	
6-34	1039-1043	seg.	LEX[9]	_	_	
6-35	1044-1047	del	LEX[9]	_	_	
6-36	1048-1059	Regolamento	LEX[9]	_	_	
6-37	1060-1068	Generale	LEX[9]	_	_	
6-38	1069-1074	sulla	LEX[9]	_	_	
6-39	1075-1085	Protezione	LEX[9]	_	_	
6-40	1086-1089	dei	LEX[9]	_	_	
6-41	1090-1094	Dati	LEX[9]	_	_	
6-42	1095-1096	(	LEX[9]	_	_	
6-43	1097-1104	RGPD-UE	LEX[9]	_	_	
6-44	1105-1113	2016/679	LEX[9]	_	_	
6-45	1114-1115	)	_	_	_	
6-46	1116-1117	,	_	_	_	
6-47	1118-1121	che	_	_	_	
6-48	1122-1123	i	_	_	_	
6-49	1124-1128	dati	_	_	_	
6-50	1129-1138	personali	_	_	_	
6-51	1139-1147	raccolti	_	_	_	
6-52	1148-1155	saranno	_	_	_	
6-53	1156-1164	trattati	_	_	_	
6-54	1165-1166	,	_	_	_	
6-55	1167-1172	anche	_	_	_	
6-56	1173-1176	con	_	_	_	
6-57	1177-1186	strumenti	_	_	_	
6-58	1187-1198	informatici	_	_	_	
6-59	1199-1200	,	_	_	_	
6-60	1201-1215	esclusivamente	_	_	_	
6-61	1216-1221	nell’	_	_	_	
6-62	1222-1228	ambito	_	_	_	
6-63	1229-1232	del	_	_	_	
6-64	1233-1245	procedimento	_	_	_	
6-65	1246-1249	per	_	_	_	
6-66	1250-1252	il	_	_	_	
6-67	1253-1258	quale	_	_	_	
6-68	1259-1261	la	_	_	_	
6-69	1262-1270	presente	_	_	_	
6-70	1271-1278	istanza	_	_	_	
6-71	1279-1280	/	_	_	_	
6-72	1281-1294	dichiarazione	_	_	_	
6-73	1295-1300	viene	_	_	_	
6-74	1301-1305	resa	_	_	_	
6-75	1306-1307	.	_	_	_	

#Text=In fede Allego copia di un documento di identità .
7-1	1308-1310	In	_	_	_	
7-2	1311-1315	fede	_	_	_	
7-3	1316-1322	Allego	_	_	_	
7-4	1323-1328	copia	_	_	_	
7-5	1329-1331	di	_	_	_	
7-6	1332-1334	un	_	_	_	
7-7	1335-1344	documento	_	_	_	
7-8	1345-1347	di	_	_	_	
7-9	1348-1356	identità	_	_	_	
7-10	1357-1358	.	_	_	_	
