#FORMAT=WebAnno TSV 3.3
#T_SP=custom.Span|label
#T_RL=custom.Relation|label|BT_custom.Span


#Text=Il / la sottoscritto / a Sassi Fortunata nato / a a Palermo Provincia PA il 22-03-1908 di nazionalità italiana , residente a Palermo Provincia PA in via / piazza Piazza Acquasanta n. 24 C.A.P. 90127 Codice Fiscale SSSFTN08C62G273U in qualità di Presidente pro-tempore dell’ Associazione Pro-loco denominata Associazione Culturale Il Giglio con sede a Palermo Provincia PA in via / piazza Via Contessa Adelasia C.A.P. 90141 C.F. / P. IVA IT873648560 Telefono 7465759 Cellulare 333.3867846 Fax no E-mail ilgiglio.palermo@hotmail.it Pec ilgigliopalermo@pec.it Ai sensi dell’ art. 22 , L. 241 / 90 e successive modifiche ed integrazioni , dell’ art. 16 della L.R. 20/12/2016 , n. 86 e degli artt. 11-12 del Regolamento di attuazione n. D.P.G.R. 07/08/2018 , n. 47 / R CHIEDE l’ iscrizione all’ Albo delle Associazioni Pro-loco istituito presso il Comune di Arezzo .
1-1	0-2	Il	_	_	_	
1-2	3-4	/	_	_	_	
1-3	5-7	la	_	_	_	
1-4	8-20	sottoscritto	_	_	_	
1-5	21-22	/	_	_	_	
1-6	23-24	a	_	_	_	
1-7	25-30	Sassi	PER[1]	addressR|addressR|addressR|addressR|cf|birthDate|birthLoc|birthLoc	1-36[0_1]|1-31[2_1]|1-26[0_1]|1-24[0_1]|1-39[0_1]|1-17[0_1]|1-13[0_1]|1-15[0_1]	
1-8	31-40	Fortunata	PER[1]	_	_	
1-9	41-45	nato	_	_	_	
1-10	46-47	/	_	_	_	
1-11	48-49	a	_	_	_	
1-12	50-51	a	_	_	_	
1-13	52-59	Palermo	LOC	_	_	
1-14	60-69	Provincia	_	_	_	
1-15	70-72	PA	LOC	_	_	
1-16	73-75	il	_	_	_	
1-17	76-86	22-03-1908	DATE	_	_	
1-18	87-89	di	_	_	_	
1-19	90-101	nazionalità	_	_	_	
1-20	102-110	italiana	_	_	_	
1-21	111-112	,	_	_	_	
1-22	113-122	residente	_	_	_	
1-23	123-124	a	_	_	_	
1-24	125-132	Palermo	LOC	_	_	
1-25	133-142	Provincia	_	_	_	
1-26	143-145	PA	LOC	_	_	
1-27	146-148	in	_	_	_	
1-28	149-152	via	_	_	_	
1-29	153-154	/	_	_	_	
1-30	155-161	piazza	_	_	_	
1-31	162-168	Piazza	LOC[2]	_	_	
1-32	169-179	Acquasanta	LOC[2]	_	_	
1-33	180-182	n.	LOC[2]	_	_	
1-34	183-185	24	LOC[2]	_	_	
1-35	186-192	C.A.P.	_	_	_	
1-36	193-198	90127	LOC	_	_	
1-37	199-205	Codice	_	_	_	
1-38	206-213	Fiscale	_	_	_	
1-39	214-230	SSSFTN08C62G273U	CF	_	_	
1-40	231-233	in	_	_	_	
1-41	234-241	qualità	_	_	_	
1-42	242-244	di	_	_	_	
1-43	245-255	Presidente	ROLE[3]	personalRole	1-7[1_3]	
1-44	256-267	pro-tempore	ROLE[3]	_	_	
1-45	268-273	dell’	_	_	_	
1-46	274-286	Associazione	_	_	_	
1-47	287-295	Pro-loco	_	_	_	
1-48	296-306	denominata	_	_	_	
1-49	307-319	Associazione	ORG[4]	addressR|addressR|addressR|addressR|vat|tel|tel|email|email	1-56[0_4]|1-58[0_4]|1-63[5_4]|1-67[0_4]|1-72[0_4]|1-74[0_4]|1-76[0_4]|1-80[0_4]|1-82[0_4]	
1-50	320-329	Culturale	ORG[4]	_	_	
1-51	330-332	Il	ORG[4]	_	_	
1-52	333-339	Giglio	ORG[4]	_	_	
1-53	340-343	con	_	_	_	
1-54	344-348	sede	_	_	_	
1-55	349-350	a	_	_	_	
1-56	351-358	Palermo	LOC	_	_	
1-57	359-368	Provincia	_	_	_	
1-58	369-371	PA	LOC	_	_	
1-59	372-374	in	_	_	_	
1-60	375-378	via	_	_	_	
1-61	379-380	/	_	_	_	
1-62	381-387	piazza	_	_	_	
1-63	388-391	Via	LOC[5]	_	_	
1-64	392-400	Contessa	LOC[5]	_	_	
1-65	401-409	Adelasia	LOC[5]	_	_	
1-66	410-416	C.A.P.	_	_	_	
1-67	417-422	90141	LOC	_	_	
1-68	423-427	C.F.	_	_	_	
1-69	428-429	/	_	_	_	
1-70	430-432	P.	_	_	_	
1-71	433-436	IVA	_	_	_	
1-72	437-448	IT873648560	NUMBER	_	_	
1-73	449-457	Telefono	_	_	_	
1-74	458-465	7465759	NUMBER	_	_	
1-75	466-475	Cellulare	_	_	_	
1-76	476-487	333.3867846	NUMBER	_	_	
1-77	488-491	Fax	_	_	_	
1-78	492-494	no	_	_	_	
1-79	495-501	E-mail	_	_	_	
1-80	502-529	ilgiglio.palermo@hotmail.it	EMAIL	_	_	
1-81	530-533	Pec	_	_	_	
1-82	534-556	ilgigliopalermo@pec.it	EMAIL	_	_	
1-83	557-559	Ai	_	_	_	
1-84	560-565	sensi	_	_	_	
1-85	566-571	dell’	_	_	_	
1-86	572-576	art.	LEX[6]	_	_	
1-87	577-579	22	LEX[6]	_	_	
1-88	580-581	,	LEX[6]	_	_	
1-89	582-584	L.	LEX[6]	_	_	
1-90	585-588	241	LEX[6]	_	_	
1-91	589-590	/	LEX[6]	_	_	
1-92	591-593	90	LEX[6]	_	_	
1-93	594-595	e	_	_	_	
1-94	596-606	successive	_	_	_	
1-95	607-616	modifiche	_	_	_	
1-96	617-619	ed	_	_	_	
1-97	620-632	integrazioni	_	_	_	
1-98	633-634	,	_	_	_	
1-99	635-640	dell’	_	_	_	
1-100	641-645	art.	LEX[7]	_	_	
1-101	646-648	16	LEX[7]	_	_	
1-102	649-654	della	LEX[7]	_	_	
1-103	655-659	L.R.	LEX[7]	_	_	
1-104	660-670	20/12/2016	LEX[7]	_	_	
1-105	671-672	,	LEX[7]	_	_	
1-106	673-675	n.	LEX[7]	_	_	
1-107	676-678	86	LEX[7]	_	_	
1-108	679-680	e	_	_	_	
1-109	681-686	degli	_	_	_	
1-110	687-692	artt.	LEX[8]	_	_	
1-111	693-698	11-12	LEX[8]	_	_	
1-112	699-702	del	LEX[8]	_	_	
1-113	703-714	Regolamento	LEX[8]	_	_	
1-114	715-717	di	LEX[8]	_	_	
1-115	718-728	attuazione	LEX[8]	_	_	
1-116	729-731	n.	LEX[8]	_	_	
1-117	732-740	D.P.G.R.	LEX[8]	_	_	
1-118	741-751	07/08/2018	LEX[8]	_	_	
1-119	752-753	,	LEX[8]	_	_	
1-120	754-756	n.	LEX[8]	_	_	
1-121	757-759	47	LEX[8]	_	_	
1-122	760-761	/	_	_	_	
1-123	762-763	R	_	_	_	
1-124	764-770	CHIEDE	_	_	_	
1-125	771-773	l’	_	_	_	
1-126	774-784	iscrizione	_	_	_	
1-127	785-789	all’	_	_	_	
1-128	790-794	Albo	_	_	_	
1-129	795-800	delle	_	_	_	
1-130	801-813	Associazioni	_	_	_	
1-131	814-822	Pro-loco	_	_	_	
1-132	823-832	istituito	_	_	_	
1-133	833-839	presso	_	_	_	
1-134	840-842	il	_	_	_	
1-135	843-849	Comune	ENTE[9]	_	_	
1-136	850-852	di	ENTE[9]	_	_	
1-137	853-859	Arezzo	ENTE[9]	_	_	
1-138	860-861	.	_	_	_	
