#FORMAT=WebAnno TSV 3.3
#T_SP=custom.Span|label
#T_RL=custom.Relation|label|BT_custom.Span


#Text=Comune di Pordenone
1-1	0-6	Comune	ENTE[1]	_	_	
1-2	7-9	di	ENTE[1]	_	_	
1-3	10-19	Pordenone	ENTE[1]	_	_	

#Text=Provincia di Pordenone .
2-1	20-29	Provincia	ENTE[2]	_	_	
2-2	30-32	di	ENTE[2]	_	_	
2-3	33-42	Pordenone	ENTE[2]	_	_	
2-4	43-44	.	_	_	_	

#Text=Allo Sportello unico per l’ edilizia del Comune di Pordenone
3-1	45-49	Allo	_	_	_	
3-2	50-59	Sportello	_	_	_	
3-3	60-65	unico	_	_	_	
3-4	66-69	per	_	_	_	
3-5	70-72	l’	_	_	_	
3-6	73-81	edilizia	_	_	_	
3-7	82-85	del	_	_	_	
3-8	86-92	Comune	ENTE[3]	_	_	
3-9	93-95	di	ENTE[3]	_	_	
3-10	96-105	Pordenone	ENTE[3]	_	_	

#Text=RICHIESTA DI PROVVEDERE ALL’ ACQUISIZIONE DEGLI ATTI DI ASSENSO NECESSARI PER ESEGUIRE INTERVENTO EDILIZIO , CON IL PERMESSO DI COSTRUIRE .
4-1	106-115	RICHIESTA	_	_	_	
4-2	116-118	DI	_	_	_	
4-3	119-129	PROVVEDERE	_	_	_	
4-4	130-134	ALL’	_	_	_	
4-5	135-147	ACQUISIZIONE	_	_	_	
4-6	148-153	DEGLI	_	_	_	
4-7	154-158	ATTI	_	_	_	
4-8	159-161	DI	_	_	_	
4-9	162-169	ASSENSO	_	_	_	
4-10	170-179	NECESSARI	_	_	_	
4-11	180-183	PER	_	_	_	
4-12	184-192	ESEGUIRE	_	_	_	
4-13	193-203	INTERVENTO	_	_	_	
4-14	204-212	EDILIZIO	_	_	_	
4-15	213-214	,	_	_	_	
4-16	215-218	CON	_	_	_	
4-17	219-221	IL	_	_	_	
4-18	222-230	PERMESSO	_	_	_	
4-19	231-233	DI	_	_	_	
4-20	234-243	COSTRUIRE	_	_	_	
4-21	244-245	.	_	_	_	

#Text= Prima della presentazione del Permesso di costruire
5-1	246-247		_	_	_	
5-2	248-253	Prima	_	_	_	
5-3	254-259	della	_	_	_	
5-4	260-273	presentazione	_	_	_	
5-5	274-277	del	_	_	_	
5-6	278-286	Permesso	_	_	_	
5-7	287-289	di	_	_	_	
5-8	290-299	costruire	_	_	_	

#Text= Contestualmente alla presentazione del Permesso di costruire
6-1	300-301		_	_	_	
6-2	302-317	Contestualmente	_	_	_	
6-3	318-322	alla	_	_	_	
6-4	323-336	presentazione	_	_	_	
6-5	337-340	del	_	_	_	
6-6	341-349	Permesso	_	_	_	
6-7	350-352	di	_	_	_	
6-8	353-362	costruire	_	_	_	

#Text=Il / La sottoscritto / a Erica Collina nato / a a Pordenone , il 02/09/1967 residente in Pordenone , via Prasecco n. 212 , C.F. CLLRCE67P42G888C tel. 0434 546342 PEC collina.erica@pec.org email erica.collina@libero.it , avendone titolo , in qualità di  proprietario  usufruttuario  superficiario  altro titolo ed in relazione a quanto previsto del Testo unico per l’ edilizia DPR n. 380 / 1 e s.m.i.
7-1	363-365	Il	_	_	_	
7-2	366-367	/	_	_	_	
7-3	368-370	La	_	_	_	
7-4	371-383	sottoscritto	_	_	_	
7-5	384-385	/	_	_	_	
7-6	386-387	a	_	_	_	
7-7	388-393	Erica	PER[4]	personalRole|personalRole|personalRole|addressR|birthLoc|tel|addressR|cf|birthDate|email|email	7-42[0_4]|7-44[0_4]|7-46[0_4]|7-21[5_4]|7-13[0_4]|7-29[0_4]|7-19[0_4]|7-27[0_4]|7-16[0_4]|7-31[0_4]|7-33[0_4]	
7-8	394-401	Collina	PER[4]	_	_	
7-9	402-406	nato	_	_	_	
7-10	407-408	/	_	_	_	
7-11	409-410	a	_	_	_	
7-12	411-412	a	_	_	_	
7-13	413-422	Pordenone	LOC	_	_	
7-14	423-424	,	_	_	_	
7-15	425-427	il	_	_	_	
7-16	428-438	02/09/1967	DATE	_	_	
7-17	439-448	residente	_	_	_	
7-18	449-451	in	_	_	_	
7-19	452-461	Pordenone	LOC	_	_	
7-20	462-463	,	_	_	_	
7-21	464-467	via	LOC[5]	_	_	
7-22	468-476	Prasecco	LOC[5]	_	_	
7-23	477-479	n.	LOC[5]	_	_	
7-24	480-483	212	LOC[5]	_	_	
7-25	484-485	,	_	_	_	
7-26	486-490	C.F.	_	_	_	
7-27	491-507	CLLRCE67P42G888C	CF	_	_	
7-28	508-512	tel.	_	_	_	
7-29	513-524	0434 546342	NUMBER	_	_	
7-30	525-528	PEC	_	_	_	
7-31	529-550	collina.erica@pec.org	EMAIL	_	_	
7-32	551-556	email	_	_	_	
7-33	557-580	erica.collina@libero.it	EMAIL	_	_	
7-34	581-582	,	_	_	_	
7-35	583-591	avendone	_	_	_	
7-36	592-598	titolo	_	_	_	
7-37	599-600	,	_	_	_	
7-38	601-603	in	_	_	_	
7-39	604-611	qualità	_	_	_	
7-40	612-614	di	_	_	_	
7-41	615-616		_	_	_	
7-42	617-629	proprietario	ROLE	_	_	
7-43	630-631		_	_	_	
7-44	632-645	usufruttuario	ROLE	_	_	
7-45	646-647		_	_	_	
7-46	648-661	superficiario	ROLE	_	_	
7-47	662-663		_	_	_	
7-48	664-669	altro	_	_	_	
7-49	670-676	titolo	_	_	_	
7-50	677-679	ed	_	_	_	
7-51	680-682	in	_	_	_	
7-52	683-692	relazione	_	_	_	
7-53	693-694	a	_	_	_	
7-54	695-701	quanto	_	_	_	
7-55	702-710	previsto	_	_	_	
7-56	711-714	del	_	_	_	
7-57	715-720	Testo	_	_	_	
7-58	721-726	unico	_	_	_	
7-59	727-730	per	_	_	_	
7-60	731-733	l’	_	_	_	
7-61	734-742	edilizia	_	_	_	
7-62	743-746	DPR	LEX[6]	_	_	
7-63	747-749	n.	LEX[6]	_	_	
7-64	750-753	380	LEX[6]	_	_	
7-65	754-755	/	LEX[6]	_	_	
7-66	756-757	1	LEX[6]	_	_	
7-67	758-759	e	_	_	_	
7-68	760-766	s.m.i.	_	_	_	

#Text=FA SIN D’ ORA PRESENTE
8-1	767-769	FA	_	_	_	
8-2	770-773	SIN	_	_	_	
8-3	774-776	D’	_	_	_	
8-4	777-780	ORA	_	_	_	
8-5	781-789	PRESENTE	_	_	_	

#Text=che intende eseguire i lavori relativi agli interventi edilizi indicati nel seguente prospetto e negli elaborati tecnico / progettuali allegati , con il Permesso di costruire :
9-1	790-793	che	_	_	_	
9-2	794-801	intende	_	_	_	
9-3	802-810	eseguire	_	_	_	
9-4	811-812	i	_	_	_	
9-5	813-819	lavori	_	_	_	
9-6	820-828	relativi	_	_	_	
9-7	829-833	agli	_	_	_	
9-8	834-844	interventi	_	_	_	
9-9	845-852	edilizi	_	_	_	
9-10	853-861	indicati	_	_	_	
9-11	862-865	nel	_	_	_	
9-12	866-874	seguente	_	_	_	
9-13	875-884	prospetto	_	_	_	
9-14	885-886	e	_	_	_	
9-15	887-892	negli	_	_	_	
9-16	893-902	elaborati	_	_	_	
9-17	903-910	tecnico	_	_	_	
9-18	911-912	/	_	_	_	
9-19	913-924	progettuali	_	_	_	
9-20	925-933	allegati	_	_	_	
9-21	934-935	,	_	_	_	
9-22	936-939	con	_	_	_	
9-23	940-942	il	_	_	_	
9-24	943-951	Permesso	_	_	_	
9-25	952-954	di	_	_	_	
9-26	955-964	costruire	_	_	_	
9-27	965-966	:	_	_	_	
