#FORMAT=WebAnno TSV 3.3
#T_SP=custom.Span|label


#Text=Comune di Ravenna
1-1	0-6	Comune	ENTE[1]	
1-2	7-9	di	ENTE[1]	
1-3	10-17	Ravenna	ENTE[1]	

#Text=Provincia di Ravenna
2-1	18-27	Provincia	ENTE[2]	
2-2	28-30	di	ENTE[2]	
2-3	31-38	Ravenna	ENTE[2]	

#Text=Oggetto : Variante al Piano Esecutivo Convenzionato ( PEC ) ambito urbanistico .
3-1	39-46	Oggetto	_	
3-2	47-48	:	_	
3-3	49-57	Variante	_	
3-4	58-60	al	_	
3-5	61-66	Piano	_	
3-6	67-76	Esecutivo	_	
3-7	77-90	Convenzionato	_	
3-8	91-92	(	_	
3-9	93-96	PEC	_	
3-10	97-98	)	_	
3-11	99-105	ambito	_	
3-12	106-117	urbanistico	_	
3-13	118-119	.	_	

#Text=Verifica di assoggettabilità alla fase di valutazione ambientale strategica – verifica di compatibilità con il piano di classificazione acustica
4-1	120-128	Verifica	_	
4-2	129-131	di	_	
4-3	132-148	assoggettabilità	_	
4-4	149-153	alla	_	
4-5	154-158	fase	_	
4-6	159-161	di	_	
4-7	162-173	valutazione	_	
4-8	174-184	ambientale	_	
4-9	185-195	strategica	_	
4-10	196-197	–	_	
4-11	198-206	verifica	_	
4-12	207-209	di	_	
4-13	210-223	compatibilità	_	
4-14	224-227	con	_	
4-15	228-230	il	_	
4-16	231-236	piano	_	
4-17	237-239	di	_	
4-18	240-255	classificazione	_	
4-19	256-264	acustica	_	

#Text=In data 23/11/2006 la Società GDT a.r.l. ha presentato istanza all’ Urbanistica ( prot. n. 23 / 567 di revisione parziale al PEC relativo a concessione statale , oggetto della presente procedura di valutazione , ai sensi dell’ articolo 43 , comma 2 della L.R. 56 / 77 .
5-1	265-267	In	_	
5-2	268-272	data	_	
5-3	273-283	23/11/2006	_	
5-4	284-286	la	_	
5-5	287-294	Società	_	
5-6	295-298	GDT	ORG[3]	
5-7	299-305	a.r.l.	ORG[3]	
5-8	306-308	ha	_	
5-9	309-319	presentato	_	
5-10	320-327	istanza	_	
5-11	328-332	all’	_	
5-12	333-344	Urbanistica	_	
5-13	345-346	(	_	
5-14	347-352	prot.	LEX[4]	
5-15	353-355	n.	LEX[4]	
5-16	356-358	23	LEX[4]	
5-17	359-360	/	LEX[4]	
5-18	361-364	567	LEX[4]	
5-19	365-367	di	_	
5-20	368-377	revisione	_	
5-21	378-386	parziale	_	
5-22	387-389	al	_	
5-23	390-393	PEC	_	
5-24	394-402	relativo	_	
5-25	403-404	a	_	
5-26	405-416	concessione	_	
5-27	417-424	statale	_	
5-28	425-426	,	_	
5-29	427-434	oggetto	_	
5-30	435-440	della	_	
5-31	441-449	presente	_	
5-32	450-459	procedura	_	
5-33	460-462	di	_	
5-34	463-474	valutazione	_	
5-35	475-476	,	_	
5-36	477-479	ai	_	
5-37	480-485	sensi	_	
5-38	486-491	dell’	_	
5-39	492-500	articolo	LEX[5]	
5-40	501-503	43	LEX[5]	
5-41	504-505	,	LEX[5]	
5-42	506-511	comma	LEX[5]	
5-43	512-513	2	LEX[5]	
5-44	514-519	della	LEX[5]	
5-45	520-524	L.R.	LEX[5]	
5-46	525-527	56	LEX[5]	
5-47	528-529	/	LEX[5]	
5-48	530-532	77	LEX[5]	
5-49	533-534	.	_	

#Text=In particolare , il progetto prevede un ampliamento della strada sita in Via Vanni ( RA ) mediante abbattimento alberi e realizzazione di manto stradale nuovo .
6-1	535-537	In	_	
6-2	538-549	particolare	_	
6-3	550-551	,	_	
6-4	552-554	il	_	
6-5	555-563	progetto	_	
6-6	564-571	prevede	_	
6-7	572-574	un	_	
6-8	575-586	ampliamento	_	
6-9	587-592	della	_	
6-10	593-599	strada	_	
6-11	600-604	sita	_	
6-12	605-607	in	_	
6-13	608-611	Via	LOC[6]	
6-14	612-617	Vanni	LOC[6]	
6-15	618-619	(	_	
6-16	620-622	RA	LOC	
6-17	623-624	)	_	
6-18	625-633	mediante	_	
6-19	634-646	abbattimento	_	
6-20	647-653	alberi	_	
6-21	654-655	e	_	
6-22	656-669	realizzazione	_	
6-23	670-672	di	_	
6-24	673-678	manto	_	
6-25	679-687	stradale	_	
6-26	688-693	nuovo	_	
6-27	694-695	.	_	

#Text=Viene infine modificato l' impianto della viabilità allo scopo di rendere più funzionale e razionale l' assetto urbanistico degli interventi .
7-1	696-701	Viene	_	
7-2	702-708	infine	_	
7-3	709-719	modificato	_	
7-4	720-722	l'	_	
7-5	723-731	impianto	_	
7-6	732-737	della	_	
7-7	738-747	viabilità	_	
7-8	748-752	allo	_	
7-9	753-758	scopo	_	
7-10	759-761	di	_	
7-11	762-769	rendere	_	
7-12	770-773	più	_	
7-13	774-784	funzionale	_	
7-14	785-786	e	_	
7-15	787-796	razionale	_	
7-16	797-799	l'	_	
7-17	800-807	assetto	_	
7-18	808-819	urbanistico	_	
7-19	820-825	degli	_	
7-20	826-836	interventi	_	
7-21	837-838	.	_	
