#FORMAT=WebAnno TSV 3.3
#T_SP=custom.Span|label
#T_RL=custom.Relation|label|BT_custom.Span


#Text=Comune di Messina Provincia di Messina
1-1	0-6	Comune	ENTE[1]	_	_	
1-2	7-9	di	ENTE[1]	_	_	
1-3	10-17	Messina	ENTE[1]	_	_	
1-4	18-27	Provincia	ENTE[2]	_	_	
1-5	28-30	di	ENTE[2]	_	_	
1-6	31-38	Messina	ENTE[2]	_	_	

#Text=Manifestazioni temporanee per eventi fino ad un massimo di 200 partecipanti ai fini dell’ art. 68 , 69 , 80 del Tulps e dell’ art. 1 , comma 2 , lettera a ) del Decreto Ministeriale 19/08/1986
2-1	39-53	Manifestazioni	_	_	_	
2-2	54-64	temporanee	_	_	_	
2-3	65-68	per	_	_	_	
2-4	69-75	eventi	_	_	_	
2-5	76-80	fino	_	_	_	
2-6	81-83	ad	_	_	_	
2-7	84-86	un	_	_	_	
2-8	87-94	massimo	_	_	_	
2-9	95-97	di	_	_	_	
2-10	98-101	200	_	_	_	
2-11	102-114	partecipanti	_	_	_	
2-12	115-117	ai	_	_	_	
2-13	118-122	fini	_	_	_	
2-14	123-128	dell’	_	_	_	
2-15	129-133	art.	LEX[3]	_	_	
2-16	134-136	68	LEX[3]	_	_	
2-17	137-138	,	LEX[3]	_	_	
2-18	139-141	69	LEX[3]	_	_	
2-19	142-143	,	LEX[3]	_	_	
2-20	144-146	80	LEX[3]	_	_	
2-21	147-150	del	LEX[3]	_	_	
2-22	151-156	Tulps	LEX[3]	_	_	
2-23	157-158	e	_	_	_	
2-24	159-164	dell’	_	_	_	
2-25	165-169	art.	LEX[4]	_	_	
2-26	170-171	1	LEX[4]	_	_	
2-27	172-173	,	LEX[4]	_	_	
2-28	174-179	comma	LEX[4]	_	_	
2-29	180-181	2	LEX[4]	_	_	
2-30	182-183	,	LEX[4]	_	_	
2-31	184-191	lettera	LEX[4]	_	_	
2-32	192-193	a	LEX[4]	_	_	
2-33	194-195	)	LEX[4]	_	_	
2-34	196-199	del	LEX[4]	_	_	
2-35	200-207	Decreto	LEX[4]	_	_	
2-36	208-220	Ministeriale	LEX[4]	_	_	
2-37	221-231	19/08/1986	LEX[4]	_	_	

#Text=All’ ufficio del Comune di Messina
3-1	232-236	All’	_	_	_	
3-2	237-244	ufficio	_	_	_	
3-3	245-248	del	_	_	_	
3-4	249-255	Comune	ENTE[5]	_	_	
3-5	256-258	di	ENTE[5]	_	_	
3-6	259-266	Messina	ENTE[5]	_	_	

#Text=Istanza cumulativa : ?
4-1	267-274	Istanza	_	_	_	
4-2	275-285	cumulativa	_	_	_	
4-3	286-287	:	_	_	_	
4-4	288-289	?	_	_	_	

#Text=SCIA ex art 68 e 69 e 80 TULPS e ex art 19 legge 241/1990 ?
5-1	290-294	SCIA	_	_	_	
5-2	295-297	ex	LEX[6]	_	_	
5-3	298-301	art	LEX[6]	_	_	
5-4	302-304	68	LEX[6]	_	_	
5-5	305-306	e	LEX[6]	_	_	
5-6	307-309	69	LEX[6]	_	_	
5-7	310-311	e	LEX[6]	_	_	
5-8	312-314	80	LEX[6]	_	_	
5-9	315-320	TULPS	LEX[6]	_	_	
5-10	321-322	e	_	_	_	
5-11	323-325	ex	LEX[7]	_	_	
5-12	326-329	art	LEX[7]	_	_	
5-13	330-332	19	LEX[7]	_	_	
5-14	333-338	legge	LEX[7]	_	_	
5-15	339-347	241/1990	LEX[7]	_	_	
5-16	348-349	?	_	_	_	

#Text=Concessione occupazione suolo pubblico
6-1	350-361	Concessione	_	_	_	
6-2	362-373	occupazione	_	_	_	
6-3	374-379	suolo	_	_	_	
6-4	380-388	pubblico	_	_	_	

#Text=Il Sottoscritto : Flavio Gennari Rossi Comune di nascita Messina Prov. ME data di nascita 19/09/1976 Residente in Via Santa Marta nr. 5 int. Località Messina CAP. 98123 Comune Messina Prov. ME Codice Fiscale GNNFLV76P19F158Z partita I.V.A. 11345632100 In qualità di : Legale rappresentante della ditta / ente / associazione / comitato / ecc. Gennari automobili a.r.l. con sede legale in Via San Giorgio nr. 7 Località Messina CAP 98124 Comune Messina Prov. ME
7-1	389-391	Il	_	_	_	
7-2	392-404	Sottoscritto	_	_	_	
7-3	405-406	:	_	_	_	
7-4	407-413	Flavio	PER[8]	addressR|addressR|addressR|addressR|birthLoc|personalRole|cf|birthDate|birthLoc|vat|addressR	7-27[0_8]|7-19[9_8]|7-29[0_8]|7-31[0_8]|7-10[0_8]|7-42[10_8]|7-34[0_8]|7-16[0_8]|7-12[0_8]|7-37[0_8]|7-25[0_8]	
7-5	414-421	Gennari	PER[8]	_	_	
7-6	422-427	Rossi	PER[8]	_	_	
7-7	428-434	Comune	_	_	_	
7-8	435-437	di	_	_	_	
7-9	438-445	nascita	_	_	_	
7-10	446-453	Messina	LOC	_	_	
7-11	454-459	Prov.	_	_	_	
7-12	460-462	ME	LOC	_	_	
7-13	463-467	data	_	_	_	
7-14	468-470	di	_	_	_	
7-15	471-478	nascita	_	_	_	
7-16	479-489	19/09/1976	DATE	_	_	
7-17	490-499	Residente	_	_	_	
7-18	500-502	in	_	_	_	
7-19	503-506	Via	LOC[9]	_	_	
7-20	507-512	Santa	LOC[9]	_	_	
7-21	513-518	Marta	LOC[9]	_	_	
7-22	519-524	nr. 5	LOC[9]	_	_	
7-23	525-529	int.	_	_	_	
7-24	530-538	Località	_	_	_	
7-25	539-546	Messina	LOC	_	_	
7-26	547-551	CAP.	_	_	_	
7-27	552-557	98123	LOC	_	_	
7-28	558-564	Comune	_	_	_	
7-29	565-572	Messina	LOC	_	_	
7-30	573-578	Prov.	_	_	_	
7-31	579-581	ME	LOC	_	_	
7-32	582-588	Codice	_	_	_	
7-33	589-596	Fiscale	_	_	_	
7-34	597-613	GNNFLV76P19F158Z	CF	_	_	
7-35	614-621	partita	_	_	_	
7-36	622-628	I.V.A.	_	_	_	
7-37	629-640	11345632100	NUMBER	_	_	
7-38	641-643	In	_	_	_	
7-39	644-651	qualità	_	_	_	
7-40	652-654	di	_	_	_	
7-41	655-656	:	_	_	_	
7-42	657-663	Legale	ROLE[10]	_	_	
7-43	664-678	rappresentante	ROLE[10]	_	_	
7-44	679-684	della	_	_	_	
7-45	685-690	ditta	_	_	_	
7-46	691-692	/	_	_	_	
7-47	693-697	ente	_	_	_	
7-48	698-699	/	_	_	_	
7-49	700-712	associazione	_	_	_	
7-50	713-714	/	_	_	_	
7-51	715-723	comitato	_	_	_	
7-52	724-725	/	_	_	_	
7-53	726-730	ecc.	_	_	_	
7-54	731-738	Gennari	ORG[11]	op|addressR|addressR|addressR|companyRole|address|addressR	7-4[8_11]|7-68[0_11]|7-61[12_11]|7-72[0_11]|7-42[10_11]|7-66[0_11]|7-70[0_11]	
7-55	739-749	automobili	ORG[11]	_	_	
7-56	750-756	a.r.l.	ORG[11]	_	_	
7-57	757-760	con	_	_	_	
7-58	761-765	sede	_	_	_	
7-59	766-772	legale	_	_	_	
7-60	773-775	in	_	_	_	
7-61	776-779	Via	LOC[12]	_	_	
7-62	780-783	San	LOC[12]	_	_	
7-63	784-791	Giorgio	LOC[12]	_	_	
7-64	792-797	nr. 7	LOC[12]	_	_	
7-65	798-806	Località	_	_	_	
7-66	807-814	Messina	LOC	_	_	
7-67	815-818	CAP	_	_	_	
7-68	819-824	98124	LOC	_	_	
7-69	825-831	Comune	_	_	_	
7-70	832-839	Messina	LOC	_	_	
7-71	840-845	Prov.	_	_	_	
7-72	846-848	ME	LOC	_	_	
