#FORMAT=WebAnno TSV 3.3
#T_SP=custom.Span|label
#T_RL=custom.Relation|label|BT_custom.Span


#Text=QUESTURA DI PALERMO
1-1	0-8	QUESTURA	ENTE[1]	_	_	
1-2	9-11	DI	ENTE[1]	_	_	
1-3	12-19	PALERMO	ENTE[1]	_	_	

#Text=DICHIARAZIONE DI ACCOMPAGNAMENTO
2-1	20-33	DICHIARAZIONE	_	_	_	
2-2	34-36	DI	_	_	_	
2-3	37-52	ACCOMPAGNAMENTO	_	_	_	

#Text=( per i minori di anni 14 – art. 14 legge 1185 / 1967 )
3-1	53-54	(	_	_	_	
3-2	55-58	per	_	_	_	
3-3	59-60	i	_	_	_	
3-4	61-67	minori	_	_	_	
3-5	68-70	di	_	_	_	
3-6	71-75	anni	_	_	_	
3-7	76-78	14	_	_	_	
3-8	79-80	–	_	_	_	
3-9	81-85	art.	LEX[2]	_	_	
3-10	86-88	14	LEX[2]	_	_	
3-11	89-94	legge	LEX[2]	_	_	
3-12	95-99	1185	LEX[2]	_	_	
3-13	100-101	/	LEX[2]	_	_	
3-14	102-106	1967	LEX[2]	_	_	
3-15	107-108	)	_	_	_	

#Text=Letter of consent to minors under age 14 / Déclaration d’ accompagnement de mineurs de moins de 14 ans
4-1	109-115	Letter	_	_	_	
4-2	116-118	of	_	_	_	
4-3	119-126	consent	_	_	_	
4-4	127-129	to	_	_	_	
4-5	130-136	minors	_	_	_	
4-6	137-142	under	_	_	_	
4-7	143-146	age	_	_	_	
4-8	147-149	14	_	_	_	
4-9	150-151	/	_	_	_	
4-10	152-163	Déclaration	_	_	_	
4-11	164-166	d’	_	_	_	
4-12	167-181	accompagnement	_	_	_	
4-13	182-184	de	_	_	_	
4-14	185-192	mineurs	_	_	_	
4-15	193-195	de	_	_	_	
4-16	196-201	moins	_	_	_	
4-17	202-204	de	_	_	_	
4-18	205-207	14	_	_	_	
4-19	208-211	ans	_	_	_	

#Text=I SOTTOSCRITTI
5-1	212-213	I	_	_	_	
5-2	214-226	SOTTOSCRITTI	_	_	_	

#Text=We undersigned / Nous soussignés
6-1	227-229	We	_	_	_	
6-2	230-241	undersigned	_	_	_	
6-3	242-243	/	_	_	_	
6-4	244-248	Nous	_	_	_	
6-5	249-259	soussignés	_	_	_	

#Text=I Sottoscritti Perulli Nicola nato a Bitonto il 3/27/68 cittadino Italiano CF PRRNCL68C27A893J e PERRINI ARCANGELO nato a Bitonto il 1/22/49 cittadino Italiano CF PRRRNG49A22A893C esercenti la responsabilità genitoriale / tutoriale su BELLEZZA AGNESE nata a Bitonto il 4/4/85 con documento d’ identità n. AU985687 , data di emissione 5/5/15 ed ente emittente Comune di Bitonto , autorizzano il predetto minore a viaggiare accompagnato da Romeo Antonio nato a Palermo il 5/5/69 cittadino Italiano oppure da Bartolomeo Telesca nato a Ruoti il 23/12/1980 cittadino Italiano
7-1	260-261	I	_	_	_	
7-2	262-274	Sottoscritti	_	_	_	
7-3	275-282	Perulli	PER[3]	personalRole|cf|relative|birthLoc|birthDate	7-28[5_3]|7-13[0_3]|7-33[6_3]|7-7[0_3]|7-9[0_3]	
7-4	283-289	Nicola	PER[3]	_	_	
7-5	290-294	nato	_	_	_	
7-6	295-296	a	_	_	_	
7-7	297-304	Bitonto	LOC	_	_	
7-8	305-307	il	_	_	_	
7-9	308-315	3/27/68	DATE	_	_	
7-10	316-325	cittadino	_	_	_	
7-11	326-334	Italiano	_	_	_	
7-12	335-337	CF	_	_	_	
7-13	338-354	PRRNCL68C27A893J	CF	_	_	
7-14	355-356	e	_	_	_	
7-15	357-364	PERRINI	PER[4]	personalRole|birthDate|birthLoc|cf|relative	7-28[5_4]|7-21[0_4]|7-19[0_4]|7-25[0_4]|7-33[6_4]	
7-16	365-374	ARCANGELO	PER[4]	_	_	
7-17	375-379	nato	_	_	_	
7-18	380-381	a	_	_	_	
7-19	382-389	Bitonto	LOC	_	_	
7-20	390-392	il	_	_	_	
7-21	393-400	1/22/49	DATE	_	_	
7-22	401-410	cittadino	_	_	_	
7-23	411-419	Italiano	_	_	_	
7-24	420-422	CF	_	_	_	
7-25	423-439	PRRRNG49A22A893C	CF	_	_	
7-26	440-449	esercenti	_	_	_	
7-27	450-452	la	_	_	_	
7-28	453-467	responsabilità	ROLE[5]	_	_	
7-29	468-479	genitoriale	ROLE[5]	_	_	
7-30	480-481	/	_	_	_	
7-31	482-491	tutoriale	_	_	_	
7-32	492-494	su	_	_	_	
7-33	495-503	BELLEZZA	PER[6]	birthDate|birthLoc|docID	7-39[0_6]|7-37[0_6]|7-45[0_6]	
7-34	504-510	AGNESE	PER[6]	_	_	
7-35	511-515	nata	_	_	_	
7-36	516-517	a	_	_	_	
7-37	518-525	Bitonto	LOC	_	_	
7-38	526-528	il	_	_	_	
7-39	529-535	4/4/85	DATE	_	_	
7-40	536-539	con	_	_	_	
7-41	540-549	documento	DOCTYPE[7]	_	_	
7-42	550-552	d’	DOCTYPE[7]	_	_	
7-43	553-561	identità	DOCTYPE[7]	_	_	
7-44	562-564	n.	_	_	_	
7-45	565-573	AU985687	NUMBER	docIssueLoc|docIssueDate	7-54[8_0]|7-50	
7-46	574-575	,	_	_	_	
7-47	576-580	data	_	_	_	
7-48	581-583	di	_	_	_	
7-49	584-593	emissione	_	_	_	
7-50	594-600	5/5/15	DATE	_	_	
7-51	601-603	ed	_	_	_	
7-52	604-608	ente	_	_	_	
7-53	609-618	emittente	_	_	_	
7-54	619-625	Comune	ENTE[8]	_	_	
7-55	626-628	di	ENTE[8]	_	_	
7-56	629-636	Bitonto	ENTE[8]	_	_	
7-57	637-638	,	_	_	_	
7-58	639-650	autorizzano	_	_	_	
7-59	651-653	il	_	_	_	
7-60	654-662	predetto	_	_	_	
7-61	663-669	minore	_	_	_	
7-62	670-671	a	_	_	_	
7-63	672-681	viaggiare	_	_	_	
7-64	682-694	accompagnato	_	_	_	
7-65	695-697	da	_	_	_	
7-66	698-703	Romeo	PER[9]	birthDate|birthLoc	7-72[0_9]|7-70[0_9]	
7-67	704-711	Antonio	PER[9]	_	_	
7-68	712-716	nato	_	_	_	
7-69	717-718	a	_	_	_	
7-70	719-726	Palermo	LOC	_	_	
7-71	727-729	il	_	_	_	
7-72	730-736	5/5/69	DATE	_	_	
7-73	737-746	cittadino	_	_	_	
7-74	747-755	Italiano	_	_	_	
7-75	756-762	oppure	_	_	_	
7-76	763-765	da	_	_	_	
7-77	766-776	Bartolomeo	PER[10]	birthLoc|birthDate	7-81[0_10]|7-83[0_10]	
7-78	777-784	Telesca	PER[10]	_	_	
7-79	785-789	nato	_	_	_	
7-80	790-791	a	_	_	_	
7-81	792-797	Ruoti	LOC	_	_	
7-82	798-800	il	_	_	_	
7-83	801-811	23/12/1980	DATE	_	_	
7-84	812-821	cittadino	_	_	_	
7-85	822-830	Italiano	_	_	_	
