#FORMAT=WebAnno TSV 3.3
#T_SP=custom.Span|label
#T_RL=custom.Relation|label|BT_custom.Span


#Text=Modulo per trasporto di salma ( prima dell’ accertamento di morte )
1-1	0-6	Modulo	_	_	_	
1-2	7-10	per	_	_	_	
1-3	11-20	trasporto	_	_	_	
1-4	21-23	di	_	_	_	
1-5	24-29	salma	_	_	_	
1-6	30-31	(	_	_	_	
1-7	32-37	prima	_	_	_	
1-8	38-43	dell’	_	_	_	
1-9	44-56	accertamento	_	_	_	
1-10	57-59	di	_	_	_	
1-11	60-65	morte	_	_	_	
1-12	66-67	)	_	_	_	

#Text=All’ Ufficiale di Stato Civile del Comune : di Caserta e di Milano
2-1	68-72	All’	_	_	_	
2-2	73-82	Ufficiale	_	_	_	
2-3	83-85	di	_	_	_	
2-4	86-91	Stato	_	_	_	
2-5	92-98	Civile	_	_	_	
2-6	99-102	del	_	_	_	
2-7	103-109	Comune	_	_	_	
2-8	110-111	:	_	_	_	
2-9	112-114	di	_	_	_	
2-10	115-122	Caserta	ENTE	_	_	
2-11	123-124	e	_	_	_	
2-12	125-127	di	_	_	_	
2-13	128-134	Milano	ENTE	_	_	

#Text=All’ A.S.U.R. di Caserta e di Milano
3-1	135-139	All’	_	_	_	
3-2	140-148	A.S.U.R.	ENTE	_	_	
3-3	149-151	di	_	_	_	
3-4	152-159	Caserta	LOC	_	_	
3-5	160-161	e	_	_	_	
3-6	162-164	di	_	_	_	
3-7	165-171	Milano	LOC	_	_	

#Text=Il sottoscritto , medico chirurgo , Dr. / Dr. ssa Laurita Angela Dipendente / Convenzionato con l’ A.S.U.R. di Nicola Manzi DICHIARA Che il / la Sig. / ra Nicola La Regina nato / a a Caserta il 04/08/1977 cittadino / a italiano residente in vita a Caserta via Palmiro Togliatti n. 88 coniugato / a con Antonietta Salvatore è deceduto / a il giorno 04/04/2021 alle ore 13 presso Caserta e che la salma può essere trasportata , senza pregiudizio per la salute pubblica , per la prosecuzione del periodo di osservazione , presso : 0 deposito di osservazione comunale 0 sala del commiato 0 struttura sanitaria 0 abitazione privata sito / a in Milano via Amerigo Vespucci n. 124
4-1	172-174	Il	_	_	_	
4-2	175-187	sottoscritto	_	_	_	
4-3	188-189	,	_	_	_	
4-4	190-196	medico	ROLE[1]	_	_	
4-5	197-205	chirurgo	ROLE[1]	_	_	
4-6	206-207	,	_	_	_	
4-7	208-211	Dr.	_	_	_	
4-8	212-213	/	_	_	_	
4-9	214-217	Dr.	_	_	_	
4-10	218-221	ssa	_	_	_	
4-11	222-229	Laurita	PER[2]	personalRole	4-4[1_2]	
4-12	230-236	Angela	PER[2]	_	_	
4-13	237-247	Dipendente	_	_	_	
4-14	248-249	/	_	_	_	
4-15	250-263	Convenzionato	_	_	_	
4-16	264-267	con	_	_	_	
4-17	268-270	l’	_	_	_	
4-18	271-279	A.S.U.R.	ENTE	op	4-20[3_0]	
4-19	280-282	di	_	_	_	
4-20	283-289	Nicola	PER[3]	_	_	
4-21	290-295	Manzi	PER[3]	_	_	
4-22	296-304	DICHIARA	_	_	_	
4-23	305-308	Che	_	_	_	
4-24	309-311	il	_	_	_	
4-25	312-313	/	_	_	_	
4-26	314-316	la	_	_	_	
4-27	317-321	Sig.	_	_	_	
4-28	322-323	/	_	_	_	
4-29	324-326	ra	_	_	_	
4-30	327-333	Nicola	PER[4]	addressR|personalRole|addressR|birthLoc|deathLoc|birthDate|deathDate|relative	4-48[0_4]|4-54[6_4]|4-49[5_4]|4-37[0_4]|4-71[0_4]|4-39[0_4]|4-66[0_4]|4-58[7_4]	
4-31	334-336	La	PER[4]	_	_	
4-32	337-343	Regina	PER[4]	_	_	
4-33	344-348	nato	_	_	_	
4-34	349-350	/	_	_	_	
4-35	351-352	a	_	_	_	
4-36	353-354	a	_	_	_	
4-37	355-362	Caserta	LOC	_	_	
4-38	363-365	il	_	_	_	
4-39	366-376	04/08/1977	DATE	_	_	
4-40	377-386	cittadino	_	_	_	
4-41	387-388	/	_	_	_	
4-42	389-390	a	_	_	_	
4-43	391-399	italiano	_	_	_	
4-44	400-409	residente	_	_	_	
4-45	410-412	in	_	_	_	
4-46	413-417	vita	_	_	_	
4-47	418-419	a	_	_	_	
4-48	420-427	Caserta	LOC	_	_	
4-49	428-431	via	LOC[5]	_	_	
4-50	432-439	Palmiro	LOC[5]	_	_	
4-51	440-449	Togliatti	LOC[5]	_	_	
4-52	450-452	n.	LOC[5]	_	_	
4-53	453-455	88	LOC[5]	_	_	
4-54	456-465	coniugato	ROLE[6]	_	_	
4-55	466-467	/	ROLE[6]	_	_	
4-56	468-469	a	_	_	_	
4-57	470-473	con	_	_	_	
4-58	474-484	Antonietta	PER[7]	_	_	
4-59	485-494	Salvatore	PER[7]	_	_	
4-60	495-496	è	_	_	_	
4-61	497-505	deceduto	_	_	_	
4-62	506-507	/	_	_	_	
4-63	508-509	a	_	_	_	
4-64	510-512	il	_	_	_	
4-65	513-519	giorno	_	_	_	
4-66	520-530	04/04/2021	DATE	_	_	
4-67	531-535	alle	_	_	_	
4-68	536-539	ore	_	_	_	
4-69	540-542	13	_	_	_	
4-70	543-549	presso	_	_	_	
4-71	550-557	Caserta	LOC	_	_	
4-72	558-559	e	_	_	_	
4-73	560-563	che	_	_	_	
4-74	564-566	la	_	_	_	
4-75	567-572	salma	_	_	_	
4-76	573-576	può	_	_	_	
4-77	577-583	essere	_	_	_	
4-78	584-595	trasportata	_	_	_	
4-79	596-597	,	_	_	_	
4-80	598-603	senza	_	_	_	
4-81	604-615	pregiudizio	_	_	_	
4-82	616-619	per	_	_	_	
4-83	620-622	la	_	_	_	
4-84	623-629	salute	_	_	_	
4-85	630-638	pubblica	_	_	_	
4-86	639-640	,	_	_	_	
4-87	641-644	per	_	_	_	
4-88	645-647	la	_	_	_	
4-89	648-660	prosecuzione	_	_	_	
4-90	661-664	del	_	_	_	
4-91	665-672	periodo	_	_	_	
4-92	673-675	di	_	_	_	
4-93	676-688	osservazione	_	_	_	
4-94	689-690	,	_	_	_	
4-95	691-697	presso	_	_	_	
4-96	698-699	:	_	_	_	
4-97	700-701	0	_	_	_	
4-98	702-710	deposito	_	_	_	
4-99	711-713	di	_	_	_	
4-100	714-726	osservazione	_	_	_	
4-101	727-735	comunale	_	_	_	
4-102	736-737	0	_	_	_	
4-103	738-742	sala	_	_	_	
4-104	743-746	del	_	_	_	
4-105	747-755	commiato	_	_	_	
4-106	756-757	0	_	_	_	
4-107	758-767	struttura	_	_	_	
4-108	768-777	sanitaria	_	_	_	
4-109	778-779	0	_	_	_	
4-110	780-790	abitazione	_	_	_	
4-111	791-798	privata	_	_	_	
4-112	799-803	sito	_	_	_	
4-113	804-805	/	_	_	_	
4-114	806-807	a	_	_	_	
4-115	808-810	in	_	_	_	
4-116	811-817	Milano	LOC	_	_	
4-117	818-821	via	LOC[8]	_	_	
4-118	822-829	Amerigo	LOC[8]	_	_	
4-119	830-838	Vespucci	LOC[8]	_	_	
4-120	839-841	n.	LOC[8]	_	_	
4-121	842-845	124	LOC[8]	_	_	

#Text=Caserta , lì 04/04/2021 Il medico ( timbro e firma ) Il sottoscritto Palermo Nicola nella sua qualità di titolare / direttore tecnico dell’ Impresa Funebre Onoranze srl con sede a Potenza in Piazza Bologna n. 14 autorizzazione n. 123 del 24/05/2013 rilasciata dal comune di Caserta VISTA la richiesta effettuata in qualità di avente titolo , dal Sig. Antonietta Salvatore Di trasferimento della salma sopra generalizzata DICHIARA
5-1	846-853	Caserta	LOC	_	_	
5-2	854-855	,	_	_	_	
5-3	856-858	lì	_	_	_	
5-4	859-869	04/04/2021	_	_	_	
5-5	870-872	Il	_	_	_	
5-6	873-879	medico	_	_	_	
5-7	880-881	(	_	_	_	
5-8	882-888	timbro	_	_	_	
5-9	889-890	e	_	_	_	
5-10	891-896	firma	_	_	_	
5-11	897-898	)	_	_	_	
5-12	899-901	Il	_	_	_	
5-13	902-914	sottoscritto	_	_	_	
5-14	915-922	Palermo	PER[9]	personalRole|personalRole	5-22[10_9]|5-20[0_9]	
5-15	923-929	Nicola	PER[9]	_	_	
5-16	930-935	nella	_	_	_	
5-17	936-939	sua	_	_	_	
5-18	940-947	qualità	_	_	_	
5-19	948-950	di	_	_	_	
5-20	951-959	titolare	ROLE	_	_	
5-21	960-961	/	_	_	_	
5-22	962-971	direttore	ROLE[10]	_	_	
5-23	972-979	tecnico	ROLE[10]	_	_	
5-24	980-985	dell’	_	_	_	
5-25	986-993	Impresa	_	_	_	
5-26	994-1001	Funebre	ORG[11]	op|companyRole|addressR|companyRole|addressR	5-14[9_11]|5-22[10_11]|5-34[12_11]|5-20[0_11]|5-32[0_11]	
5-27	1002-1010	Onoranze	ORG[11]	_	_	
5-28	1011-1014	srl	ORG[11]	_	_	
5-29	1015-1018	con	_	_	_	
5-30	1019-1023	sede	_	_	_	
5-31	1024-1025	a	_	_	_	
5-32	1026-1033	Potenza	LOC	_	_	
5-33	1034-1036	in	_	_	_	
5-34	1037-1043	Piazza	LOC[12]	_	_	
5-35	1044-1051	Bologna	LOC[12]	_	_	
5-36	1052-1054	n.	LOC[12]	_	_	
5-37	1055-1057	14	LOC[12]	_	_	
5-38	1058-1072	autorizzazione	_	_	_	
5-39	1073-1075	n.	_	_	_	
5-40	1076-1079	123	_	_	_	
5-41	1080-1083	del	_	_	_	
5-42	1084-1094	24/05/2013	_	_	_	
5-43	1095-1105	rilasciata	_	_	_	
5-44	1106-1109	dal	_	_	_	
5-45	1110-1116	comune	ENTE[13]	_	_	
5-46	1117-1119	di	ENTE[13]	_	_	
5-47	1120-1127	Caserta	ENTE[13]	_	_	
5-48	1128-1133	VISTA	_	_	_	
5-49	1134-1136	la	_	_	_	
5-50	1137-1146	richiesta	_	_	_	
5-51	1147-1157	effettuata	_	_	_	
5-52	1158-1160	in	_	_	_	
5-53	1161-1168	qualità	_	_	_	
5-54	1169-1171	di	_	_	_	
5-55	1172-1178	avente	_	_	_	
5-56	1179-1185	titolo	_	_	_	
5-57	1186-1187	,	_	_	_	
5-58	1188-1191	dal	_	_	_	
5-59	1192-1196	Sig.	_	_	_	
5-60	1197-1207	Antonietta	PER[14]	_	_	
5-61	1208-1217	Salvatore	PER[14]	_	_	
5-62	1218-1220	Di	_	_	_	
5-63	1221-1234	trasferimento	_	_	_	
5-64	1235-1240	della	_	_	_	
5-65	1241-1246	salma	_	_	_	
5-66	1247-1252	sopra	_	_	_	
5-67	1253-1266	generalizzata	_	_	_	
5-68	1267-1275	DICHIARA	_	_	_	
