#FORMAT=WebAnno TSV 3.3
#T_SP=custom.Span|label
#T_RL=custom.Relation|label|BT_custom.Span


#Text=Comune di Potenza
1-1	0-6	Comune	ENTE[1]	_	_	
1-2	7-9	di	ENTE[1]	_	_	
1-3	10-17	Potenza	ENTE[1]	_	_	

#Text=Provincia di Potenza
2-1	18-27	Provincia	ENTE[2]	_	_	
2-2	28-30	di	ENTE[2]	_	_	
2-3	31-38	Potenza	ENTE[2]	_	_	

#Text=Marca da bollo
3-1	39-44	Marca	_	_	_	
3-2	45-47	da	_	_	_	
3-3	48-53	bollo	_	_	_	

#Text=Richiesta rilascio autorizzazione per lo svolgimento di manifestazioni temporanee - spettacoli – trattenimenti - oltre le 200 persone –
4-1	54-63	Richiesta	_	_	_	
4-2	64-72	rilascio	_	_	_	
4-3	73-87	autorizzazione	_	_	_	
4-4	88-91	per	_	_	_	
4-5	92-94	lo	_	_	_	
4-6	95-106	svolgimento	_	_	_	
4-7	107-109	di	_	_	_	
4-8	110-124	manifestazioni	_	_	_	
4-9	125-135	temporanee	_	_	_	
4-10	136-137	-	_	_	_	
4-11	138-148	spettacoli	_	_	_	
4-12	149-150	–	_	_	_	
4-13	151-164	trattenimenti	_	_	_	
4-14	165-166	-	_	_	_	
4-15	167-172	oltre	_	_	_	
4-16	173-175	le	_	_	_	
4-17	176-179	200	_	_	_	
4-18	180-187	persone	_	_	_	
4-19	188-189	–	_	_	_	

#Text=Il / la Sottoscritto / a Nicola Palomonte cittadinanza italiana nato a Albano di Lucania , il 15/01/1974 C.F. PLMNCL74A15A131W residente a Satriano di Lucania In piazzetta del Pesce Domiciliato nel comune di Potenza Via delle Medaglie Olimpiche n. 4 Cap 85100 Tel. 9711652848 Email n.palomonte@gmail.com Legale Rappresentante dell’ Impresa Servizi Locali SPA Comune Modugno Prov. BA Cap 70026 Via / Piazza Bari Palese N° 6 Codice Fiscale 1931590762 P. IVA 1931590762 Telefono 9711652848 Cellulare 3408374840 E-mail privacy@localservices.eu Fax 9711652848 ( Visti gli artt. 68 , 69 E 80 del T.U.L.P.S. n. 773 / 31 ) CHIEDE
5-1	190-192	Il	_	_	_	
5-2	193-194	/	_	_	_	
5-3	195-197	la	_	_	_	
5-4	198-210	Sottoscritto	_	_	_	
5-5	211-212	/	_	_	_	
5-6	213-214	a	_	_	_	
5-7	215-221	Nicola	PER[3]	addressR|addressR|addressR|addressR|tel|birthLoc|birthDate|email|cf|personalRole|addressR	5-34[0_3]|5-42[0_3]|5-35[7_3]|5-23[5_3]|5-44[0_3]|5-13[4_3]|5-18[0_3]|5-46[0_3]|5-20[0_3]|5-47[8_3]|5-27[6_3]	
5-8	222-231	Palomonte	PER[3]	_	_	
5-9	232-244	cittadinanza	_	_	_	
5-10	245-253	italiana	_	_	_	
5-11	254-258	nato	_	_	_	
5-12	259-260	a	_	_	_	
5-13	261-267	Albano	LOC[4]	_	_	
5-14	268-270	di	LOC[4]	_	_	
5-15	271-278	Lucania	LOC[4]	_	_	
5-16	279-280	,	_	_	_	
5-17	281-283	il	_	_	_	
5-18	284-294	15/01/1974	DATE	_	_	
5-19	295-299	C.F.	_	_	_	
5-20	300-316	PLMNCL74A15A131W	CF	_	_	
5-21	317-326	residente	_	_	_	
5-22	327-328	a	_	_	_	
5-23	329-337	Satriano	LOC[5]	_	_	
5-24	338-340	di	LOC[5]	_	_	
5-25	341-348	Lucania	LOC[5]	_	_	
5-26	349-351	In	_	_	_	
5-27	352-361	piazzetta	LOC[6]	_	_	
5-28	362-365	del	LOC[6]	_	_	
5-29	366-371	Pesce	LOC[6]	_	_	
5-30	372-383	Domiciliato	_	_	_	
5-31	384-387	nel	_	_	_	
5-32	388-394	comune	_	_	_	
5-33	395-397	di	_	_	_	
5-34	398-405	Potenza	LOC	_	_	
5-35	406-409	Via	LOC[7]	_	_	
5-36	410-415	delle	LOC[7]	_	_	
5-37	416-424	Medaglie	LOC[7]	_	_	
5-38	425-434	Olimpiche	LOC[7]	_	_	
5-39	435-437	n.	LOC[7]	_	_	
5-40	438-439	4	LOC[7]	_	_	
5-41	440-443	Cap	_	_	_	
5-42	444-449	85100	LOC	_	_	
5-43	450-454	Tel.	_	_	_	
5-44	455-465	9711652848	NUMBER	_	_	
5-45	466-471	Email	_	_	_	
5-46	472-493	n.palomonte@gmail.com	EMAIL	_	_	
5-47	494-500	Legale	ROLE[8]	_	_	
5-48	501-515	Rappresentante	ROLE[8]	_	_	
5-49	516-521	dell’	_	_	_	
5-50	522-529	Impresa	ORG[9]	op|addressR|addressR|vat|cf|email|addressR|tel|companyRole|tel|tel|addressR	5-7[3_9]|5-59[0_9]|5-62[10_9]|5-72[0_9]|5-69[0_9]|5-78[0_9]|5-55[0_9]|5-76[0_9]|5-47[8_9]|5-74[0_9]|5-80[0_9]|5-57[0_9]	
5-51	530-537	Servizi	ORG[9]	_	_	
5-52	538-544	Locali	ORG[9]	_	_	
5-53	545-548	SPA	ORG[9]	_	_	
5-54	549-555	Comune	_	_	_	
5-55	556-563	Modugno	LOC	_	_	
5-56	564-569	Prov.	_	_	_	
5-57	570-572	BA	LOC	_	_	
5-58	573-576	Cap	_	_	_	
5-59	577-582	70026	LOC	_	_	
5-60	583-586	Via	_	_	_	
5-61	587-588	/	_	_	_	
5-62	589-595	Piazza	LOC[10]	_	_	
5-63	596-600	Bari	LOC[10]	_	_	
5-64	601-607	Palese	LOC[10]	_	_	
5-65	608-610	N°	LOC[10]	_	_	
5-66	611-612	6	LOC[10]	_	_	
5-67	613-619	Codice	_	_	_	
5-68	620-627	Fiscale	_	_	_	
5-69	628-638	1931590762	CF	_	_	
5-70	639-641	P.	_	_	_	
5-71	642-645	IVA	_	_	_	
5-72	646-656	1931590762	NUMBER	_	_	
5-73	657-665	Telefono	_	_	_	
5-74	666-676	9711652848	NUMBER	_	_	
5-75	677-686	Cellulare	_	_	_	
5-76	687-697	3408374840	NUMBER	_	_	
5-77	698-704	E-mail	_	_	_	
5-78	705-729	privacy@localservices.eu	EMAIL	_	_	
5-79	730-733	Fax	_	_	_	
5-80	734-744	9711652848	NUMBER	_	_	
5-81	745-746	(	_	_	_	
5-82	747-752	Visti	_	_	_	
5-83	753-756	gli	_	_	_	
5-84	757-762	artt.	LEX[11]	_	_	
5-85	763-765	68	LEX[11]	_	_	
5-86	766-767	,	LEX[11]	_	_	
5-87	768-770	69	LEX[11]	_	_	
5-88	771-772	E	LEX[11]	_	_	
5-89	773-775	80	LEX[11]	_	_	
5-90	776-779	del	LEX[11]	_	_	
5-91	780-790	T.U.L.P.S.	LEX[11]	_	_	
5-92	791-793	n.	LEX[11]	_	_	
5-93	794-797	773	LEX[11]	_	_	
5-94	798-799	/	LEX[11]	_	_	
5-95	800-802	31	LEX[11]	_	_	
5-96	803-804	)	_	_	_	
5-97	805-811	CHIEDE	_	_	_	
