#FORMAT=WebAnno TSV 3.3
#T_SP=custom.Span|label
#T_RL=custom.Relation|label|BT_custom.Span


#Text=Atto di dichiarazione di nascita L’ anno duemiladodici addì ventiquattro del mese di febbraio alle ore sedici e minuti zero presso ospedale della santissima annunziata sito nel Comune di bagno a ripoli Provincia di firenze innanzi al sottoscritto addetto alla Direzione Sanitaria , a ciò espressamente autorizzato dal Direttore sanitario con delega conservata in atti È COMPARSO il Sig. Fabrizio Neri nato a Grassina il 07/07/1986 , residente a Grassina di professione falegname , cittadino italiano il quale , nella sua veste di tutore legale dichiara quanto segue : Il giorno ventitrè del mese di febbraio dell’ anno duemiladodici alle ore undici e minuti trenta in questo centro di nascita è nato un bambino di sesso femminile al quale viene dato il nome di Arianna Neri . Detto bambino , la cui nascita è comprovata dall’ allegata attestazione di nascita , è nato dalla Sig. ra Benedetta Rossellini nata a Grassina prov. di Firenze il 21/09/1990 , cittadina italiana di professione avvocato residente a Grassina titolo di studio laurea di secondo livello coniugata con il Sig. Fabrizio Neri nato a Grassina prov. di Firenze il 07/07/1986 , cittadino italiano di professione falegname residente a Grassina titolo di studio laurea di primo livello .
1-1	0-4	Atto	_	_	_	
1-2	5-7	di	_	_	_	
1-3	8-21	dichiarazione	_	_	_	
1-4	22-24	di	_	_	_	
1-5	25-32	nascita	_	_	_	
1-6	33-35	L’	_	_	_	
1-7	36-40	anno	_	_	_	
1-8	41-54	duemiladodici	_	_	_	
1-9	55-59	addì	_	_	_	
1-10	60-72	ventiquattro	_	_	_	
1-11	73-76	del	_	_	_	
1-12	77-81	mese	_	_	_	
1-13	82-84	di	_	_	_	
1-14	85-93	febbraio	_	_	_	
1-15	94-98	alle	_	_	_	
1-16	99-102	ore	_	_	_	
1-17	103-109	sedici	_	_	_	
1-18	110-111	e	_	_	_	
1-19	112-118	minuti	_	_	_	
1-20	119-123	zero	_	_	_	
1-21	124-130	presso	_	_	_	
1-22	131-139	ospedale	ENTE[1]	_	_	
1-23	140-145	della	ENTE[1]	_	_	
1-24	146-156	santissima	ENTE[1]	_	_	
1-25	157-167	annunziata	ENTE[1]	_	_	
1-26	168-172	sito	_	_	_	
1-27	173-176	nel	_	_	_	
1-28	177-183	Comune	_	_	_	
1-29	184-186	di	_	_	_	
1-30	187-192	bagno	LOC[2]	_	_	
1-31	193-194	a	LOC[2]	_	_	
1-32	195-201	ripoli	LOC[2]	_	_	
1-33	202-211	Provincia	_	_	_	
1-34	212-214	di	_	_	_	
1-35	215-222	firenze	LOC	_	_	
1-36	223-230	innanzi	_	_	_	
1-37	231-233	al	_	_	_	
1-38	234-246	sottoscritto	_	_	_	
1-39	247-254	addetto	_	_	_	
1-40	255-259	alla	_	_	_	
1-41	260-269	Direzione	_	_	_	
1-42	270-279	Sanitaria	_	_	_	
1-43	280-281	,	_	_	_	
1-44	282-283	a	_	_	_	
1-45	284-287	ciò	_	_	_	
1-46	288-301	espressamente	_	_	_	
1-47	302-313	autorizzato	_	_	_	
1-48	314-317	dal	_	_	_	
1-49	318-327	Direttore	_	_	_	
1-50	328-337	sanitario	_	_	_	
1-51	338-341	con	_	_	_	
1-52	342-348	delega	_	_	_	
1-53	349-359	conservata	_	_	_	
1-54	360-362	in	_	_	_	
1-55	363-367	atti	_	_	_	
1-56	368-369	È	_	_	_	
1-57	370-378	COMPARSO	_	_	_	
1-58	379-381	il	_	_	_	
1-59	382-386	Sig.	_	_	_	
1-60	387-395	Fabrizio	PER[3]	relative|personalRole|addressR|relative|birthLoc|birthDate	1-147[6_3]|1-84[4_3]|1-70[0_3]|1-125[5_3]|1-64[0_3]|1-66[0_3]	
1-61	396-400	Neri	PER[3]	_	_	
1-62	401-405	nato	_	_	_	
1-63	406-407	a	_	_	_	
1-64	408-416	Grassina	LOC	_	_	
1-65	417-419	il	_	_	_	
1-66	420-430	07/07/1986	DATE	_	_	
1-67	431-432	,	_	_	_	
1-68	433-442	residente	_	_	_	
1-69	443-444	a	_	_	_	
1-70	445-453	Grassina	LOC	_	_	
1-71	454-456	di	_	_	_	
1-72	457-468	professione	_	_	_	
1-73	469-478	falegname	_	_	_	
1-74	479-480	,	_	_	_	
1-75	481-490	cittadino	_	_	_	
1-76	491-499	italiano	_	_	_	
1-77	500-502	il	_	_	_	
1-78	503-508	quale	_	_	_	
1-79	509-510	,	_	_	_	
1-80	511-516	nella	_	_	_	
1-81	517-520	sua	_	_	_	
1-82	521-526	veste	_	_	_	
1-83	527-529	di	_	_	_	
1-84	530-536	tutore	ROLE[4]	_	_	
1-85	537-543	legale	ROLE[4]	_	_	
1-86	544-552	dichiara	_	_	_	
1-87	553-559	quanto	_	_	_	
1-88	560-565	segue	_	_	_	
1-89	566-567	:	_	_	_	
1-90	568-570	Il	_	_	_	
1-91	571-577	giorno	_	_	_	
1-92	578-586	ventitrè	_	_	_	
1-93	587-590	del	_	_	_	
1-94	591-595	mese	_	_	_	
1-95	596-598	di	_	_	_	
1-96	599-607	febbraio	_	_	_	
1-97	608-613	dell’	_	_	_	
1-98	614-618	anno	_	_	_	
1-99	619-632	duemiladodici	_	_	_	
1-100	633-637	alle	_	_	_	
1-101	638-641	ore	_	_	_	
1-102	642-648	undici	_	_	_	
1-103	649-650	e	_	_	_	
1-104	651-657	minuti	_	_	_	
1-105	658-664	trenta	_	_	_	
1-106	665-667	in	_	_	_	
1-107	668-674	questo	_	_	_	
1-108	675-681	centro	_	_	_	
1-109	682-684	di	_	_	_	
1-110	685-692	nascita	_	_	_	
1-111	693-694	è	_	_	_	
1-112	695-699	nato	_	_	_	
1-113	700-702	un	_	_	_	
1-114	703-710	bambino	_	_	_	
1-115	711-713	di	_	_	_	
1-116	714-719	sesso	_	_	_	
1-117	720-729	femminile	_	_	_	
1-118	730-732	al	_	_	_	
1-119	733-738	quale	_	_	_	
1-120	739-744	viene	_	_	_	
1-121	745-749	dato	_	_	_	
1-122	750-752	il	_	_	_	
1-123	753-757	nome	_	_	_	
1-124	758-760	di	_	_	_	
1-125	761-768	Arianna	PER[5]	_	_	
1-126	769-773	Neri	PER[5]	_	_	
1-127	774-775	.	_	_	_	
1-128	776-781	Detto	_	_	_	
1-129	782-789	bambino	_	_	_	
1-130	790-791	,	_	_	_	
1-131	792-794	la	_	_	_	
1-132	795-798	cui	_	_	_	
1-133	799-806	nascita	_	_	_	
1-134	807-808	è	_	_	_	
1-135	809-819	comprovata	_	_	_	
1-136	820-825	dall’	_	_	_	
1-137	826-834	allegata	_	_	_	
1-138	835-847	attestazione	_	_	_	
1-139	848-850	di	_	_	_	
1-140	851-858	nascita	_	_	_	
1-141	859-860	,	_	_	_	
1-142	861-862	è	_	_	_	
1-143	863-867	nato	_	_	_	
1-144	868-873	dalla	_	_	_	
1-145	874-878	Sig.	_	_	_	
1-146	879-881	ra	_	_	_	
1-147	882-891	Benedetta	PER[6]	birthLoc|birthLoc|addressR|relative|birthDate	1-151[0_6]|1-154[0_6]|1-165[0_6]|1-177[7_6]|1-156[0_6]	
1-148	892-902	Rossellini	PER[6]	_	_	
1-149	903-907	nata	_	_	_	
1-150	908-909	a	_	_	_	
1-151	910-918	Grassina	LOC	_	_	
1-152	919-924	prov.	_	_	_	
1-153	925-927	di	_	_	_	
1-154	928-935	Firenze	LOC	_	_	
1-155	936-938	il	_	_	_	
1-156	939-949	21/09/1990	DATE	_	_	
1-157	950-951	,	_	_	_	
1-158	952-961	cittadina	_	_	_	
1-159	962-970	italiana	_	_	_	
1-160	971-973	di	_	_	_	
1-161	974-985	professione	_	_	_	
1-162	986-994	avvocato	_	_	_	
1-163	995-1004	residente	_	_	_	
1-164	1005-1006	a	_	_	_	
1-165	1007-1015	Grassina	LOC	_	_	
1-166	1016-1022	titolo	_	_	_	
1-167	1023-1025	di	_	_	_	
1-168	1026-1032	studio	_	_	_	
1-169	1033-1039	laurea	_	_	_	
1-170	1040-1042	di	_	_	_	
1-171	1043-1050	secondo	_	_	_	
1-172	1051-1058	livello	_	_	_	
1-173	1059-1068	coniugata	_	_	_	
1-174	1069-1072	con	_	_	_	
1-175	1073-1075	il	_	_	_	
1-176	1076-1080	Sig.	_	_	_	
1-177	1081-1089	Fabrizio	PER[7]	birthLoc|birthLoc|birthDate|addressR	1-181[0_7]|1-184[0_7]|1-186[0_7]|1-195[0_7]	
1-178	1090-1094	Neri	PER[7]	_	_	
1-179	1095-1099	nato	_	_	_	
1-180	1100-1101	a	_	_	_	
1-181	1102-1110	Grassina	LOC	_	_	
1-182	1111-1116	prov.	_	_	_	
1-183	1117-1119	di	_	_	_	
1-184	1120-1127	Firenze	LOC	_	_	
1-185	1128-1130	il	_	_	_	
1-186	1131-1141	07/07/1986	DATE	_	_	
1-187	1142-1143	,	_	_	_	
1-188	1144-1153	cittadino	_	_	_	
1-189	1154-1162	italiano	_	_	_	
1-190	1163-1165	di	_	_	_	
1-191	1166-1177	professione	_	_	_	
1-192	1178-1187	falegname	_	_	_	
1-193	1188-1197	residente	_	_	_	
1-194	1198-1199	a	_	_	_	
1-195	1200-1208	Grassina	LOC	_	_	
1-196	1209-1215	titolo	_	_	_	
1-197	1216-1218	di	_	_	_	
1-198	1219-1225	studio	_	_	_	
1-199	1226-1232	laurea	_	_	_	
1-200	1233-1235	di	_	_	_	
1-201	1236-1241	primo	_	_	_	
1-202	1242-1249	livello	_	_	_	
1-203	1250-1251	.	_	_	_	

#Text=Il presente atto , dopo essere stato letto , viene insieme con me sottoscritto dal dichiarante .
2-1	1252-1254	Il	_	_	_	
2-2	1255-1263	presente	_	_	_	
2-3	1264-1268	atto	_	_	_	
2-4	1269-1270	,	_	_	_	
2-5	1271-1275	dopo	_	_	_	
2-6	1276-1282	essere	_	_	_	
2-7	1283-1288	stato	_	_	_	
2-8	1289-1294	letto	_	_	_	
2-9	1295-1296	,	_	_	_	
2-10	1297-1302	viene	_	_	_	
2-11	1303-1310	insieme	_	_	_	
2-12	1311-1314	con	_	_	_	
2-13	1315-1317	me	_	_	_	
2-14	1318-1330	sottoscritto	_	_	_	
2-15	1331-1334	dal	_	_	_	
2-16	1335-1346	dichiarante	_	_	_	
2-17	1347-1348	.	_	_	_	
