#FORMAT=WebAnno TSV 3.3
#T_SP=custom.Span|label
#T_RL=custom.Relation|label|BT_custom.Span


#Text=Al Comune di Belluno Codice ISTAT 56425 Ufficio destinatario Anagrafica Marca da bollo
1-1	0-2	Al	_	_	_	
1-2	3-9	Comune	ENTE[1]	_	_	
1-3	10-12	di	ENTE[1]	_	_	
1-4	13-20	Belluno	ENTE[1]	_	_	
1-5	21-27	Codice	_	_	_	
1-6	28-33	ISTAT	_	_	_	
1-7	34-39	56425	_	_	_	
1-8	40-47	Ufficio	_	_	_	
1-9	48-60	destinatario	_	_	_	
1-10	61-71	Anagrafica	_	_	_	
1-11	72-77	Marca	_	_	_	
1-12	78-80	da	_	_	_	
1-13	81-86	bollo	_	_	_	

#Text=Richiesta di attestazione di iscrizione anagrafica per cittadini comunitari Ai sensi dell' articolo 9 del Decreto Legislativo 06/02/2007 , n. 30
2-1	87-96	Richiesta	_	_	_	
2-2	97-99	di	_	_	_	
2-3	100-112	attestazione	_	_	_	
2-4	113-115	di	_	_	_	
2-5	116-126	iscrizione	_	_	_	
2-6	127-137	anagrafica	_	_	_	
2-7	138-141	per	_	_	_	
2-8	142-151	cittadini	_	_	_	
2-9	152-162	comunitari	_	_	_	
2-10	163-165	Ai	_	_	_	
2-11	166-171	sensi	_	_	_	
2-12	172-177	dell'	_	_	_	
2-13	178-186	articolo	LEX[2]	_	_	
2-14	187-188	9	LEX[2]	_	_	
2-15	189-192	del	LEX[2]	_	_	
2-16	193-200	Decreto	LEX[2]	_	_	
2-17	201-212	Legislativo	LEX[2]	_	_	
2-18	213-223	06/02/2007	LEX[2]	_	_	
2-19	224-225	,	LEX[2]	_	_	
2-20	226-231	n. 30	LEX[2]	_	_	

#Text=Il sottoscritto Cognome Tomei Nome Marina Codice Fiscale TMOMRN87M48A757U Data di nascita 8/8/87 Sesso ( M / F ) F Cittadinanza italiana Luogo di nascita Belluno Residenza Belluno Provincia BL Comune Belluno Indirizzo Via Scipione Ammirato Civico 11 CAP 32100 Telefono 0437 873245 Cellulare 331 2345678 E-mail ( posta elettronica ordinaria ) m.tomei@gmail.com CHIEDE il rilascio dell' attestazione di regolare soggiorno per se stesso Valendosi della facoltà prevista dall' articolo 47 del Decreto del Presidente della Repubblica 28/12/2000 , n. 445 , consapevole delle sanzioni penali previste dall' articolo 76 del Decreto del Presidente della Repubblica 28/12/2000 , n. 445 e dall' articolo 483 del Codice Penale nel caso di dichiarazioni non veritiere e di falsità in atti , DICHIARA di essere cittadino appartenente alla Comunità Europea di essere in possesso di risorse economiche sufficienti al soggiorno e di copertura sanitaria , pertanto allega copia della polizza assicurativa che attesta la copertura sanitaria ( obbligatorio se il richiedente è nella condizione di disoccupato o iscritto presso un istituto publico o privato per frequentare un corso di studi ) DICHIARA INOLTRE di occupare la seguente posizione lavorativa lavoratore dipendente , pertanto allega documentazione attestante la condizione di lavoratore dipendente lavoratore autonomo Iscrizione al Registro Imprese della Camera di Commercio Provincia Belluno Numero iscrizione è nella condizione di disoccupato , pertanto allega documentazione attestante l' iscrizione al centro per l' impiego allega documentazione attestante il possesso delle risorse economiche è iscritto presso un istituto pubblico o privato per frequentare un corso di studi , pertanto allega documentazione attestante la condizione di studente allega documentazione attestante il possesso delle risorse economiche Eventuali annotazioni Elenco degli allegati ( barrare tutti gli allegati richiesti in fase di presentazione della pratica ed elencati sul portale ) copia della polizza assicurativa che attesta la copertura sanitaria ( da allegare solo se è necessario attestare la copertura sanitaria ) documentazione attestante la condizione familiare ( da allegare solo se la richiesta riguarda diversi componenti della famiglia ) documentazione attestante la condizione di lavoratore dipendente ( da allegare solo se il richiedente è lavoratore dipendente ) documentazione attestante l' iscrizione al centro per l' impiego ( da allegare solo se il richiedente è nella condizione di disoccupato ) documentazione attestante la condizione di studente ( da allegare solo se il richiedente è iscritto presso un istituto publico o privato per frequentare un corso di studi ) documentazione attestante il possesso delle risorse economiche ( da allegare solo se è necessario attestare il possesso di risorse economiche sufficienti al soggiorno ) pagamento dell' imposta di bollo copia del documento d' identità ( da non allegare se l' istanza è presentata in modalità telematica o se la firma autografa è apposta di fronte a un pubblico ufficiale ) altri allegati ( specificare ) Consenso al trattamento dei dati personali ( ai sensi del Regolamento comunitario 27/04/2016 , n. 2016/679 ) dichiaro di aver preso visione dell' informativa relativa al trattamento dei dati pubblicata sul sito internet dell' Amministrazione destinataria , che è il titolare del trattamento delle informazioni trasmesse all' atto della presentazione dell' istanza .
3-1	232-234	Il	_	_	_	
3-2	235-247	sottoscritto	_	_	_	
3-3	248-255	Cognome	_	_	_	
3-4	256-261	Tomei	PER	tel|addressR|email|addressR|birthDate|tel|birthLoc|addressR|cf|name|addressR|addressR	3-42|3-32|3-51|3-28|3-13|3-44|3-26|3-30|3-9|3-6|3-40|3-34[3_0]	
3-5	262-266	Nome	_	_	_	
3-6	267-273	Marina	PER	_	_	
3-7	274-280	Codice	_	_	_	
3-8	281-288	Fiscale	_	_	_	
3-9	289-305	TMOMRN87M48A757U	CF	_	_	
3-10	306-310	Data	_	_	_	
3-11	311-313	di	_	_	_	
3-12	314-321	nascita	_	_	_	
3-13	322-328	8/8/87	DATE	_	_	
3-14	329-334	Sesso	_	_	_	
3-15	335-336	(	_	_	_	
3-16	337-338	M	_	_	_	
3-17	339-340	/	_	_	_	
3-18	341-342	F	_	_	_	
3-19	343-344	)	_	_	_	
3-20	345-346	F	_	_	_	
3-21	347-359	Cittadinanza	_	_	_	
3-22	360-368	italiana	_	_	_	
3-23	369-374	Luogo	_	_	_	
3-24	375-377	di	_	_	_	
3-25	378-385	nascita	_	_	_	
3-26	386-393	Belluno	LOC	_	_	
3-27	394-403	Residenza	_	_	_	
3-28	404-411	Belluno	LOC	_	_	
3-29	412-421	Provincia	_	_	_	
3-30	422-424	BL	LOC	_	_	
3-31	425-431	Comune	_	_	_	
3-32	432-439	Belluno	LOC	_	_	
3-33	440-449	Indirizzo	_	_	_	
3-34	450-453	Via	LOC[3]	_	_	
3-35	454-462	Scipione	LOC[3]	_	_	
3-36	463-471	Ammirato	LOC[3]	_	_	
3-37	472-478	Civico	LOC[3]	_	_	
3-38	479-481	11	LOC[3]	_	_	
3-39	482-485	CAP	_	_	_	
3-40	486-491	32100	LOC	_	_	
3-41	492-500	Telefono	_	_	_	
3-42	501-512	0437 873245	NUMBER	_	_	
3-43	513-522	Cellulare	_	_	_	
3-44	523-534	331 2345678	NUMBER	_	_	
3-45	535-541	E-mail	_	_	_	
3-46	542-543	(	_	_	_	
3-47	544-549	posta	_	_	_	
3-48	550-561	elettronica	_	_	_	
3-49	562-571	ordinaria	_	_	_	
3-50	572-573	)	_	_	_	
3-51	574-591	m.tomei@gmail.com	EMAIL	_	_	
3-52	592-598	CHIEDE	_	_	_	
3-53	599-601	il	_	_	_	
3-54	602-610	rilascio	_	_	_	
3-55	611-616	dell'	_	_	_	
3-56	617-629	attestazione	_	_	_	
3-57	630-632	di	_	_	_	
3-58	633-641	regolare	_	_	_	
3-59	642-651	soggiorno	_	_	_	
3-60	652-655	per	_	_	_	
3-61	656-658	se	_	_	_	
3-62	659-665	stesso	_	_	_	
3-63	666-675	Valendosi	_	_	_	
3-64	676-681	della	_	_	_	
3-65	682-689	facoltà	_	_	_	
3-66	690-698	prevista	_	_	_	
3-67	699-704	dall'	_	_	_	
3-68	705-713	articolo	LEX[4]	_	_	
3-69	714-716	47	LEX[4]	_	_	
3-70	717-720	del	LEX[4]	_	_	
3-71	721-728	Decreto	LEX[4]	_	_	
3-72	729-732	del	LEX[4]	_	_	
3-73	733-743	Presidente	LEX[4]	_	_	
3-74	744-749	della	LEX[4]	_	_	
3-75	750-760	Repubblica	LEX[4]	_	_	
3-76	761-771	28/12/2000	LEX[4]	_	_	
3-77	772-773	,	LEX[4]	_	_	
3-78	774-780	n. 445	LEX[4]	_	_	
3-79	781-782	,	_	_	_	
3-80	783-794	consapevole	_	_	_	
3-81	795-800	delle	_	_	_	
3-82	801-809	sanzioni	_	_	_	
3-83	810-816	penali	_	_	_	
3-84	817-825	previste	_	_	_	
3-85	826-831	dall'	_	_	_	
3-86	832-840	articolo	LEX[5]	_	_	
3-87	841-843	76	LEX[5]	_	_	
3-88	844-847	del	LEX[5]	_	_	
3-89	848-855	Decreto	LEX[5]	_	_	
3-90	856-859	del	LEX[5]	_	_	
3-91	860-870	Presidente	LEX[5]	_	_	
3-92	871-876	della	LEX[5]	_	_	
3-93	877-887	Repubblica	LEX[5]	_	_	
3-94	888-898	28/12/2000	LEX[5]	_	_	
3-95	899-900	,	LEX[5]	_	_	
3-96	901-907	n. 445	LEX[5]	_	_	
3-97	908-909	e	_	_	_	
3-98	910-915	dall'	_	_	_	
3-99	916-924	articolo	LEX[6]	_	_	
3-100	925-928	483	LEX[6]	_	_	
3-101	929-932	del	LEX[6]	_	_	
3-102	933-939	Codice	LEX[6]	_	_	
3-103	940-946	Penale	LEX[6]	_	_	
3-104	947-950	nel	_	_	_	
3-105	951-955	caso	_	_	_	
3-106	956-958	di	_	_	_	
3-107	959-972	dichiarazioni	_	_	_	
3-108	973-976	non	_	_	_	
3-109	977-986	veritiere	_	_	_	
3-110	987-988	e	_	_	_	
3-111	989-991	di	_	_	_	
3-112	992-999	falsità	_	_	_	
3-113	1000-1002	in	_	_	_	
3-114	1003-1007	atti	_	_	_	
3-115	1008-1009	,	_	_	_	
3-116	1010-1018	DICHIARA	_	_	_	
3-117	1019-1021	di	_	_	_	
3-118	1022-1028	essere	_	_	_	
3-119	1029-1038	cittadino	_	_	_	
3-120	1039-1051	appartenente	_	_	_	
3-121	1052-1056	alla	_	_	_	
3-122	1057-1065	Comunità	_	_	_	
3-123	1066-1073	Europea	_	_	_	
3-124	1074-1076	di	_	_	_	
3-125	1077-1083	essere	_	_	_	
3-126	1084-1086	in	_	_	_	
3-127	1087-1095	possesso	_	_	_	
3-128	1096-1098	di	_	_	_	
3-129	1099-1106	risorse	_	_	_	
3-130	1107-1117	economiche	_	_	_	
3-131	1118-1129	sufficienti	_	_	_	
3-132	1130-1132	al	_	_	_	
3-133	1133-1142	soggiorno	_	_	_	
3-134	1143-1144	e	_	_	_	
3-135	1145-1147	di	_	_	_	
3-136	1148-1157	copertura	_	_	_	
3-137	1158-1167	sanitaria	_	_	_	
3-138	1168-1169	,	_	_	_	
3-139	1170-1178	pertanto	_	_	_	
3-140	1179-1185	allega	_	_	_	
3-141	1186-1191	copia	_	_	_	
3-142	1192-1197	della	_	_	_	
3-143	1198-1205	polizza	_	_	_	
3-144	1206-1218	assicurativa	_	_	_	
3-145	1219-1222	che	_	_	_	
3-146	1223-1230	attesta	_	_	_	
3-147	1231-1233	la	_	_	_	
3-148	1234-1243	copertura	_	_	_	
3-149	1244-1253	sanitaria	_	_	_	
3-150	1254-1255	(	_	_	_	
3-151	1256-1268	obbligatorio	_	_	_	
3-152	1269-1271	se	_	_	_	
3-153	1272-1274	il	_	_	_	
3-154	1275-1286	richiedente	_	_	_	
3-155	1287-1288	è	_	_	_	
3-156	1289-1294	nella	_	_	_	
3-157	1295-1305	condizione	_	_	_	
3-158	1306-1308	di	_	_	_	
3-159	1309-1320	disoccupato	_	_	_	
3-160	1321-1322	o	_	_	_	
3-161	1323-1331	iscritto	_	_	_	
3-162	1332-1338	presso	_	_	_	
3-163	1339-1341	un	_	_	_	
3-164	1342-1350	istituto	_	_	_	
3-165	1351-1358	publico	_	_	_	
3-166	1359-1360	o	_	_	_	
3-167	1361-1368	privato	_	_	_	
3-168	1369-1372	per	_	_	_	
3-169	1373-1384	frequentare	_	_	_	
3-170	1385-1387	un	_	_	_	
3-171	1388-1393	corso	_	_	_	
3-172	1394-1396	di	_	_	_	
3-173	1397-1402	studi	_	_	_	
3-174	1403-1404	)	_	_	_	
3-175	1405-1413	DICHIARA	_	_	_	
3-176	1414-1421	INOLTRE	_	_	_	
3-177	1422-1424	di	_	_	_	
3-178	1425-1433	occupare	_	_	_	
3-179	1434-1436	la	_	_	_	
3-180	1437-1445	seguente	_	_	_	
3-181	1446-1455	posizione	_	_	_	
3-182	1456-1466	lavorativa	_	_	_	
3-183	1467-1477	lavoratore	_	_	_	
3-184	1478-1488	dipendente	_	_	_	
3-185	1489-1490	,	_	_	_	
3-186	1491-1499	pertanto	_	_	_	
3-187	1500-1506	allega	_	_	_	
3-188	1507-1521	documentazione	_	_	_	
3-189	1522-1532	attestante	_	_	_	
3-190	1533-1535	la	_	_	_	
3-191	1536-1546	condizione	_	_	_	
3-192	1547-1549	di	_	_	_	
3-193	1550-1560	lavoratore	_	_	_	
3-194	1561-1571	dipendente	_	_	_	
3-195	1572-1582	lavoratore	_	_	_	
3-196	1583-1591	autonomo	_	_	_	
3-197	1592-1602	Iscrizione	_	_	_	
3-198	1603-1605	al	_	_	_	
3-199	1606-1614	Registro	_	_	_	
3-200	1615-1622	Imprese	_	_	_	
3-201	1623-1628	della	_	_	_	
3-202	1629-1635	Camera	ENTE[7]	_	_	
3-203	1636-1638	di	ENTE[7]	_	_	
3-204	1639-1648	Commercio	ENTE[7]	_	_	
3-205	1649-1658	Provincia	_	_	_	
3-206	1659-1666	Belluno	LOC	_	_	
3-207	1667-1673	Numero	_	_	_	
3-208	1674-1684	iscrizione	_	_	_	
3-209	1685-1686	è	_	_	_	
3-210	1687-1692	nella	_	_	_	
3-211	1693-1703	condizione	_	_	_	
3-212	1704-1706	di	_	_	_	
3-213	1707-1718	disoccupato	_	_	_	
3-214	1719-1720	,	_	_	_	
3-215	1721-1729	pertanto	_	_	_	
3-216	1730-1736	allega	_	_	_	
3-217	1737-1751	documentazione	_	_	_	
3-218	1752-1762	attestante	_	_	_	
3-219	1763-1765	l'	_	_	_	
3-220	1766-1776	iscrizione	_	_	_	
3-221	1777-1779	al	_	_	_	
3-222	1780-1786	centro	_	_	_	
3-223	1787-1790	per	_	_	_	
3-224	1791-1793	l'	_	_	_	
3-225	1794-1801	impiego	_	_	_	
3-226	1802-1808	allega	_	_	_	
3-227	1809-1823	documentazione	_	_	_	
3-228	1824-1834	attestante	_	_	_	
3-229	1835-1837	il	_	_	_	
3-230	1838-1846	possesso	_	_	_	
3-231	1847-1852	delle	_	_	_	
3-232	1853-1860	risorse	_	_	_	
3-233	1861-1871	economiche	_	_	_	
3-234	1872-1873	è	_	_	_	
3-235	1874-1882	iscritto	_	_	_	
3-236	1883-1889	presso	_	_	_	
3-237	1890-1892	un	_	_	_	
3-238	1893-1901	istituto	_	_	_	
3-239	1902-1910	pubblico	_	_	_	
3-240	1911-1912	o	_	_	_	
3-241	1913-1920	privato	_	_	_	
3-242	1921-1924	per	_	_	_	
3-243	1925-1936	frequentare	_	_	_	
3-244	1937-1939	un	_	_	_	
3-245	1940-1945	corso	_	_	_	
3-246	1946-1948	di	_	_	_	
3-247	1949-1954	studi	_	_	_	
3-248	1955-1956	,	_	_	_	
3-249	1957-1965	pertanto	_	_	_	
3-250	1966-1972	allega	_	_	_	
3-251	1973-1987	documentazione	_	_	_	
3-252	1988-1998	attestante	_	_	_	
3-253	1999-2001	la	_	_	_	
3-254	2002-2012	condizione	_	_	_	
3-255	2013-2015	di	_	_	_	
3-256	2016-2024	studente	_	_	_	
3-257	2025-2031	allega	_	_	_	
3-258	2032-2046	documentazione	_	_	_	
3-259	2047-2057	attestante	_	_	_	
3-260	2058-2060	il	_	_	_	
3-261	2061-2069	possesso	_	_	_	
3-262	2070-2075	delle	_	_	_	
3-263	2076-2083	risorse	_	_	_	
3-264	2084-2094	economiche	_	_	_	
3-265	2095-2104	Eventuali	_	_	_	
3-266	2105-2116	annotazioni	_	_	_	
3-267	2117-2123	Elenco	_	_	_	
3-268	2124-2129	degli	_	_	_	
3-269	2130-2138	allegati	_	_	_	
3-270	2139-2140	(	_	_	_	
3-271	2141-2148	barrare	_	_	_	
3-272	2149-2154	tutti	_	_	_	
3-273	2155-2158	gli	_	_	_	
3-274	2159-2167	allegati	_	_	_	
3-275	2168-2177	richiesti	_	_	_	
3-276	2178-2180	in	_	_	_	
3-277	2181-2185	fase	_	_	_	
3-278	2186-2188	di	_	_	_	
3-279	2189-2202	presentazione	_	_	_	
3-280	2203-2208	della	_	_	_	
3-281	2209-2216	pratica	_	_	_	
3-282	2217-2219	ed	_	_	_	
3-283	2220-2228	elencati	_	_	_	
3-284	2229-2232	sul	_	_	_	
3-285	2233-2240	portale	_	_	_	
3-286	2241-2242	)	_	_	_	
3-287	2243-2248	copia	_	_	_	
3-288	2249-2254	della	_	_	_	
3-289	2255-2262	polizza	_	_	_	
3-290	2263-2275	assicurativa	_	_	_	
3-291	2276-2279	che	_	_	_	
3-292	2280-2287	attesta	_	_	_	
3-293	2288-2290	la	_	_	_	
3-294	2291-2300	copertura	_	_	_	
3-295	2301-2310	sanitaria	_	_	_	
3-296	2311-2312	(	_	_	_	
3-297	2313-2315	da	_	_	_	
3-298	2316-2324	allegare	_	_	_	
3-299	2325-2329	solo	_	_	_	
3-300	2330-2332	se	_	_	_	
3-301	2333-2334	è	_	_	_	
3-302	2335-2345	necessario	_	_	_	
3-303	2346-2355	attestare	_	_	_	
3-304	2356-2358	la	_	_	_	
3-305	2359-2368	copertura	_	_	_	
3-306	2369-2378	sanitaria	_	_	_	
3-307	2379-2380	)	_	_	_	
3-308	2381-2395	documentazione	_	_	_	
3-309	2396-2406	attestante	_	_	_	
3-310	2407-2409	la	_	_	_	
3-311	2410-2420	condizione	_	_	_	
3-312	2421-2430	familiare	_	_	_	
3-313	2431-2432	(	_	_	_	
3-314	2433-2435	da	_	_	_	
3-315	2436-2444	allegare	_	_	_	
3-316	2445-2449	solo	_	_	_	
3-317	2450-2452	se	_	_	_	
3-318	2453-2455	la	_	_	_	
3-319	2456-2465	richiesta	_	_	_	
3-320	2466-2474	riguarda	_	_	_	
3-321	2475-2482	diversi	_	_	_	
3-322	2483-2493	componenti	_	_	_	
3-323	2494-2499	della	_	_	_	
3-324	2500-2508	famiglia	_	_	_	
3-325	2509-2510	)	_	_	_	
3-326	2511-2525	documentazione	_	_	_	
3-327	2526-2536	attestante	_	_	_	
3-328	2537-2539	la	_	_	_	
3-329	2540-2550	condizione	_	_	_	
3-330	2551-2553	di	_	_	_	
3-331	2554-2564	lavoratore	_	_	_	
3-332	2565-2575	dipendente	_	_	_	
3-333	2576-2577	(	_	_	_	
3-334	2578-2580	da	_	_	_	
3-335	2581-2589	allegare	_	_	_	
3-336	2590-2594	solo	_	_	_	
3-337	2595-2597	se	_	_	_	
3-338	2598-2600	il	_	_	_	
3-339	2601-2612	richiedente	_	_	_	
3-340	2613-2614	è	_	_	_	
3-341	2615-2625	lavoratore	_	_	_	
3-342	2626-2636	dipendente	_	_	_	
3-343	2637-2638	)	_	_	_	
3-344	2639-2653	documentazione	_	_	_	
3-345	2654-2664	attestante	_	_	_	
3-346	2665-2667	l'	_	_	_	
3-347	2668-2678	iscrizione	_	_	_	
3-348	2679-2681	al	_	_	_	
3-349	2682-2688	centro	_	_	_	
3-350	2689-2692	per	_	_	_	
3-351	2693-2695	l'	_	_	_	
3-352	2696-2703	impiego	_	_	_	
3-353	2704-2705	(	_	_	_	
3-354	2706-2708	da	_	_	_	
3-355	2709-2717	allegare	_	_	_	
3-356	2718-2722	solo	_	_	_	
3-357	2723-2725	se	_	_	_	
3-358	2726-2728	il	_	_	_	
3-359	2729-2740	richiedente	_	_	_	
3-360	2741-2742	è	_	_	_	
3-361	2743-2748	nella	_	_	_	
3-362	2749-2759	condizione	_	_	_	
3-363	2760-2762	di	_	_	_	
3-364	2763-2774	disoccupato	_	_	_	
3-365	2775-2776	)	_	_	_	
3-366	2777-2791	documentazione	_	_	_	
3-367	2792-2802	attestante	_	_	_	
3-368	2803-2805	la	_	_	_	
3-369	2806-2816	condizione	_	_	_	
3-370	2817-2819	di	_	_	_	
3-371	2820-2828	studente	_	_	_	
3-372	2829-2830	(	_	_	_	
3-373	2831-2833	da	_	_	_	
3-374	2834-2842	allegare	_	_	_	
3-375	2843-2847	solo	_	_	_	
3-376	2848-2850	se	_	_	_	
3-377	2851-2853	il	_	_	_	
3-378	2854-2865	richiedente	_	_	_	
3-379	2866-2867	è	_	_	_	
3-380	2868-2876	iscritto	_	_	_	
3-381	2877-2883	presso	_	_	_	
3-382	2884-2886	un	_	_	_	
3-383	2887-2895	istituto	_	_	_	
3-384	2896-2903	publico	_	_	_	
3-385	2904-2905	o	_	_	_	
3-386	2906-2913	privato	_	_	_	
3-387	2914-2917	per	_	_	_	
3-388	2918-2929	frequentare	_	_	_	
3-389	2930-2932	un	_	_	_	
3-390	2933-2938	corso	_	_	_	
3-391	2939-2941	di	_	_	_	
3-392	2942-2947	studi	_	_	_	
3-393	2948-2949	)	_	_	_	
3-394	2950-2964	documentazione	_	_	_	
3-395	2965-2975	attestante	_	_	_	
3-396	2976-2978	il	_	_	_	
3-397	2979-2987	possesso	_	_	_	
3-398	2988-2993	delle	_	_	_	
3-399	2994-3001	risorse	_	_	_	
3-400	3002-3012	economiche	_	_	_	
3-401	3013-3014	(	_	_	_	
3-402	3015-3017	da	_	_	_	
3-403	3018-3026	allegare	_	_	_	
3-404	3027-3031	solo	_	_	_	
3-405	3032-3034	se	_	_	_	
3-406	3035-3036	è	_	_	_	
3-407	3037-3047	necessario	_	_	_	
3-408	3048-3057	attestare	_	_	_	
3-409	3058-3060	il	_	_	_	
3-410	3061-3069	possesso	_	_	_	
3-411	3070-3072	di	_	_	_	
3-412	3073-3080	risorse	_	_	_	
3-413	3081-3091	economiche	_	_	_	
3-414	3092-3103	sufficienti	_	_	_	
3-415	3104-3106	al	_	_	_	
3-416	3107-3116	soggiorno	_	_	_	
3-417	3117-3118	)	_	_	_	
3-418	3119-3128	pagamento	_	_	_	
3-419	3129-3134	dell'	_	_	_	
3-420	3135-3142	imposta	_	_	_	
3-421	3143-3145	di	_	_	_	
3-422	3146-3151	bollo	_	_	_	
3-423	3152-3157	copia	_	_	_	
3-424	3158-3161	del	_	_	_	
3-425	3162-3171	documento	_	_	_	
3-426	3172-3174	d'	_	_	_	
3-427	3175-3183	identità	_	_	_	
3-428	3184-3185	(	_	_	_	
3-429	3186-3188	da	_	_	_	
3-430	3189-3192	non	_	_	_	
3-431	3193-3201	allegare	_	_	_	
3-432	3202-3204	se	_	_	_	
3-433	3205-3207	l'	_	_	_	
3-434	3208-3215	istanza	_	_	_	
3-435	3216-3217	è	_	_	_	
3-436	3218-3228	presentata	_	_	_	
3-437	3229-3231	in	_	_	_	
3-438	3232-3240	modalità	_	_	_	
3-439	3241-3251	telematica	_	_	_	
3-440	3252-3253	o	_	_	_	
3-441	3254-3256	se	_	_	_	
3-442	3257-3259	la	_	_	_	
3-443	3260-3265	firma	_	_	_	
3-444	3266-3275	autografa	_	_	_	
3-445	3276-3277	è	_	_	_	
3-446	3278-3285	apposta	_	_	_	
3-447	3286-3288	di	_	_	_	
3-448	3289-3295	fronte	_	_	_	
3-449	3296-3297	a	_	_	_	
3-450	3298-3300	un	_	_	_	
3-451	3301-3309	pubblico	_	_	_	
3-452	3310-3319	ufficiale	_	_	_	
3-453	3320-3321	)	_	_	_	
3-454	3322-3327	altri	_	_	_	
3-455	3328-3336	allegati	_	_	_	
3-456	3337-3338	(	_	_	_	
3-457	3339-3350	specificare	_	_	_	
3-458	3351-3352	)	_	_	_	
3-459	3353-3361	Consenso	_	_	_	
3-460	3362-3364	al	_	_	_	
3-461	3365-3376	trattamento	_	_	_	
3-462	3377-3380	dei	_	_	_	
3-463	3381-3385	dati	_	_	_	
3-464	3386-3395	personali	_	_	_	
3-465	3396-3397	(	_	_	_	
3-466	3398-3400	ai	_	_	_	
3-467	3401-3406	sensi	_	_	_	
3-468	3407-3410	del	_	_	_	
3-469	3411-3422	Regolamento	LEX[8]	_	_	
3-470	3423-3434	comunitario	LEX[8]	_	_	
3-471	3435-3445	27/04/2016	LEX[8]	_	_	
3-472	3446-3447	,	LEX[8]	_	_	
3-473	3448-3450	n.	LEX[8]	_	_	
3-474	3451-3459	2016/679	LEX[8]	_	_	
3-475	3460-3461	)	_	_	_	
3-476	3462-3470	dichiaro	_	_	_	
3-477	3471-3473	di	_	_	_	
3-478	3474-3478	aver	_	_	_	
3-479	3479-3484	preso	_	_	_	
3-480	3485-3492	visione	_	_	_	
3-481	3493-3498	dell'	_	_	_	
3-482	3499-3510	informativa	_	_	_	
3-483	3511-3519	relativa	_	_	_	
3-484	3520-3522	al	_	_	_	
3-485	3523-3534	trattamento	_	_	_	
3-486	3535-3538	dei	_	_	_	
3-487	3539-3543	dati	_	_	_	
3-488	3544-3554	pubblicata	_	_	_	
3-489	3555-3558	sul	_	_	_	
3-490	3559-3563	sito	_	_	_	
3-491	3564-3572	internet	_	_	_	
3-492	3573-3578	dell'	_	_	_	
3-493	3579-3594	Amministrazione	_	_	_	
3-494	3595-3607	destinataria	_	_	_	
3-495	3608-3609	,	_	_	_	
3-496	3610-3613	che	_	_	_	
3-497	3614-3615	è	_	_	_	
3-498	3616-3618	il	_	_	_	
3-499	3619-3627	titolare	_	_	_	
3-500	3628-3631	del	_	_	_	
3-501	3632-3643	trattamento	_	_	_	
3-502	3644-3649	delle	_	_	_	
3-503	3650-3662	informazioni	_	_	_	
3-504	3663-3672	trasmesse	_	_	_	
3-505	3673-3677	all'	_	_	_	
3-506	3678-3682	atto	_	_	_	
3-507	3683-3688	della	_	_	_	
3-508	3689-3702	presentazione	_	_	_	
3-509	3703-3708	dell'	_	_	_	
3-510	3709-3716	istanza	_	_	_	
3-511	3717-3718	.	_	_	_	

#Text=GLOBO srl è stata da questa esclusivamente incaricata quale responsabile del trattamento .
4-1	3719-3724	GLOBO	ORG[9]	_	_	
4-2	3725-3728	srl	ORG[9]	_	_	
4-3	3729-3730	è	_	_	_	
4-4	3731-3736	stata	_	_	_	
4-5	3737-3739	da	_	_	_	
4-6	3740-3746	questa	_	_	_	
4-7	3747-3761	esclusivamente	_	_	_	
4-8	3762-3772	incaricata	_	_	_	
4-9	3773-3778	quale	_	_	_	
4-10	3779-3791	responsabile	_	_	_	
4-11	3792-3795	del	_	_	_	
4-12	3796-3807	trattamento	_	_	_	
4-13	3808-3809	.	_	_	_	

#Text=Luogo Belluno Data 11/09/2020 Il dichiarante
5-1	3810-3815	Luogo	_	_	_	
5-2	3816-3823	Belluno	LOC	_	_	
5-3	3824-3828	Data	_	_	_	
5-4	3829-3839	11/09/2020	_	_	_	
5-5	3840-3842	Il	_	_	_	
5-6	3843-3854	dichiarante	_	_	_	
