#FORMAT=WebAnno TSV 3.3
#T_SP=custom.Span|label
#T_RL=custom.Relation|label|BT_custom.Span


#Text=CONIUGE DI SESSO FEMMINILE AL SIG. SINDACO DEL COMUNE DI TERAMO
1-1	0-7	CONIUGE	_	_	_	
1-2	8-10	DI	_	_	_	
1-3	11-16	SESSO	_	_	_	
1-4	17-26	FEMMINILE	_	_	_	
1-5	27-29	AL	_	_	_	
1-6	30-34	SIG.	_	_	_	
1-7	35-42	SINDACO	_	_	_	
1-8	43-46	DEL	_	_	_	
1-9	47-53	COMUNE	ENTE[1]	_	_	
1-10	54-56	DI	ENTE[1]	_	_	
1-11	57-63	TERAMO	ENTE[1]	_	_	

#Text=OGGETTO : Richiesta di fruizione di congedo di maternità per : ADOZIONE AFFIDAMENTO preadottivo internazionale di minore
2-1	64-71	OGGETTO	_	_	_	
2-2	72-73	:	_	_	_	
2-3	74-83	Richiesta	_	_	_	
2-4	84-86	di	_	_	_	
2-5	87-96	fruizione	_	_	_	
2-6	97-99	di	_	_	_	
2-7	100-107	congedo	_	_	_	
2-8	108-110	di	_	_	_	
2-9	111-120	maternità	_	_	_	
2-10	121-124	per	_	_	_	
2-11	125-126	:	_	_	_	
2-12	127-135	ADOZIONE	_	_	_	
2-13	136-147	AFFIDAMENTO	_	_	_	
2-14	148-159	preadottivo	_	_	_	
2-15	160-174	internazionale	_	_	_	
2-16	175-177	di	_	_	_	
2-17	178-184	minore	_	_	_	

#Text=La sottoscritta Melina Poliseno nata a Teramo prov. TE il 14/10/73 residente a Teramo prov. TE in via Giovanni Angusto n.34 , dipendente di codesto comune : a tempo indeterminato profilo professionale docente , premesso che : Ha adottato il / la minore Oksana Kirilenko , nato / a a Minsk , il 16/10/2013 , ai sensi del Titolo III della legge 4 giugno 1983 , n. 184 ( adozione internazionale ) ; Che , in virtù del disposto dell’ art. 26 , commi 3 e 4 , del D.  Lgs. 26 marzo 2001 , n. 151 , come sostituito dall’ art. 2 , comma 452 , della legge 24 dicembre 2007 , n. 244 , la sottoscritta ha fruito , prima dell’ ingresso del minore in Italia , durante il periodo di permanenza all’ estero richiesto per l’ incontro con il minore e per gli adempimenti relativi alla procedura adottiva , n. 5 giorni di permesso retribuito ; In relazione al disposto dell’ art. 26 del T.U. 26 marzo 2001 , n. 151 e successive modificazioni , e art. 43 del C.C.N.L. 21 maggio 2018 ; CHIEDE ai sensi del combinato disposto degli artt. 16 , comma 1 , lettera e ) e 26 , commi 3 e 4 , del T.U. 26 marzo 2001 , n. 151 e successive modificazioni , il restante congedo di maternità con la corresponsione del relativo trattamento economico , da fruire durante i primi cinque mesi successivi al 21/03/2017 , data dell’ effettivo ingresso del minore in Italia . Allega copia del provvedimento del tribunale per i minorenni .
3-1	185-187	La	_	_	_	
3-2	188-200	sottoscritta	_	_	_	
3-3	201-207	Melina	PER[2]	addressR|personalRole|addressR|birthDate|birthLoc|birthLoc|addressR|relative	3-18[3_2]|3-23[0_2]|3-16[0_2]|3-11[0_2]|3-7[0_2]|3-9[0_2]|3-14[0_2]|3-44[4_2]	
3-4	208-216	Poliseno	PER[2]	_	_	
3-5	217-221	nata	_	_	_	
3-6	222-223	a	_	_	_	
3-7	224-230	Teramo	LOC	_	_	
3-8	231-236	prov.	_	_	_	
3-9	237-239	TE	LOC	_	_	
3-10	240-242	il	_	_	_	
3-11	243-251	14/10/73	DATE	_	_	
3-12	252-261	residente	_	_	_	
3-13	262-263	a	_	_	_	
3-14	264-270	Teramo	LOC	_	_	
3-15	271-276	prov.	_	_	_	
3-16	277-279	TE	LOC	_	_	
3-17	280-282	in	_	_	_	
3-18	283-286	via	LOC[3]	_	_	
3-19	287-295	Giovanni	LOC[3]	_	_	
3-20	296-303	Angusto	LOC[3]	_	_	
3-21	304-308	n.34	LOC[3]	_	_	
3-22	309-310	,	_	_	_	
3-23	311-321	dipendente	ROLE	_	_	
3-24	322-324	di	_	_	_	
3-25	325-332	codesto	_	_	_	
3-26	333-339	comune	_	_	_	
3-27	340-341	:	_	_	_	
3-28	342-343	a	_	_	_	
3-29	344-349	tempo	_	_	_	
3-30	350-363	indeterminato	_	_	_	
3-31	364-371	profilo	_	_	_	
3-32	372-385	professionale	_	_	_	
3-33	386-393	docente	_	_	_	
3-34	394-395	,	_	_	_	
3-35	396-404	premesso	_	_	_	
3-36	405-408	che	_	_	_	
3-37	409-410	:	_	_	_	
3-38	411-413	Ha	_	_	_	
3-39	414-422	adottato	_	_	_	
3-40	423-425	il	_	_	_	
3-41	426-427	/	_	_	_	
3-42	428-430	la	_	_	_	
3-43	431-437	minore	_	_	_	
3-44	438-444	Oksana	PER[4]	birthLoc|birthDate	3-51[0_4]|3-54[0_4]	
3-45	445-454	Kirilenko	PER[4]	_	_	
3-46	455-456	,	_	_	_	
3-47	457-461	nato	_	_	_	
3-48	462-463	/	_	_	_	
3-49	464-465	a	_	_	_	
3-50	466-467	a	_	_	_	
3-51	468-473	Minsk	LOC	_	_	
3-52	474-475	,	_	_	_	
3-53	476-478	il	_	_	_	
3-54	479-489	16/10/2013	DATE	_	_	
3-55	490-491	,	_	_	_	
3-56	492-494	ai	_	_	_	
3-57	495-500	sensi	_	_	_	
3-58	501-504	del	_	_	_	
3-59	505-511	Titolo	LEX[5]	_	_	
3-60	512-515	III	LEX[5]	_	_	
3-61	516-521	della	LEX[5]	_	_	
3-62	522-527	legge	LEX[5]	_	_	
3-63	528-529	4	LEX[5]	_	_	
3-64	530-536	giugno	LEX[5]	_	_	
3-65	537-541	1983	LEX[5]	_	_	
3-66	542-543	,	LEX[5]	_	_	
3-67	544-550	n. 184	LEX[5]	_	_	
3-68	551-552	(	_	_	_	
3-69	553-561	adozione	_	_	_	
3-70	562-576	internazionale	_	_	_	
3-71	577-578	)	_	_	_	
3-72	579-580	;	_	_	_	
3-73	581-584	Che	_	_	_	
3-74	585-586	,	_	_	_	
3-75	587-589	in	_	_	_	
3-76	590-595	virtù	_	_	_	
3-77	596-599	del	_	_	_	
3-78	600-608	disposto	_	_	_	
3-79	609-614	dell’	_	_	_	
3-80	615-619	art.	LEX[6]	_	_	
3-81	620-622	26	LEX[6]	_	_	
3-82	623-624	,	LEX[6]	_	_	
3-83	625-630	commi	LEX[6]	_	_	
3-84	631-632	3	LEX[6]	_	_	
3-85	633-634	e	LEX[6]	_	_	
3-86	635-636	4	LEX[6]	_	_	
3-87	637-638	,	LEX[6]	_	_	
3-88	639-642	del	LEX[6]	_	_	
3-89	643-651	D.  Lgs.	LEX[6]	_	_	
3-90	652-654	26	LEX[6]	_	_	
3-91	655-660	marzo	LEX[6]	_	_	
3-92	661-665	2001	LEX[6]	_	_	
3-93	666-667	,	LEX[6]	_	_	
3-94	668-674	n. 151	LEX[6]	_	_	
3-95	675-676	,	_	_	_	
3-96	677-681	come	_	_	_	
3-97	682-692	sostituito	_	_	_	
3-98	693-698	dall’	_	_	_	
3-99	699-703	art.	LEX[7]	_	_	
3-100	704-705	2	LEX[7]	_	_	
3-101	706-707	,	LEX[7]	_	_	
3-102	708-713	comma	LEX[7]	_	_	
3-103	714-717	452	LEX[7]	_	_	
3-104	718-719	,	LEX[7]	_	_	
3-105	720-725	della	LEX[7]	_	_	
3-106	726-731	legge	LEX[7]	_	_	
3-107	732-734	24	LEX[7]	_	_	
3-108	735-743	dicembre	LEX[7]	_	_	
3-109	744-748	2007	LEX[7]	_	_	
3-110	749-750	,	LEX[7]	_	_	
3-111	751-757	n. 244	LEX[7]	_	_	
3-112	758-759	,	_	_	_	
3-113	760-762	la	_	_	_	
3-114	763-775	sottoscritta	_	_	_	
3-115	776-778	ha	_	_	_	
3-116	779-785	fruito	_	_	_	
3-117	786-787	,	_	_	_	
3-118	788-793	prima	_	_	_	
3-119	794-799	dell’	_	_	_	
3-120	800-808	ingresso	_	_	_	
3-121	809-812	del	_	_	_	
3-122	813-819	minore	_	_	_	
3-123	820-822	in	_	_	_	
3-124	823-829	Italia	LOC	_	_	
3-125	830-831	,	_	_	_	
3-126	832-839	durante	_	_	_	
3-127	840-842	il	_	_	_	
3-128	843-850	periodo	_	_	_	
3-129	851-853	di	_	_	_	
3-130	854-864	permanenza	_	_	_	
3-131	865-869	all’	_	_	_	
3-132	870-876	estero	_	_	_	
3-133	877-886	richiesto	_	_	_	
3-134	887-890	per	_	_	_	
3-135	891-893	l’	_	_	_	
3-136	894-902	incontro	_	_	_	
3-137	903-906	con	_	_	_	
3-138	907-909	il	_	_	_	
3-139	910-916	minore	_	_	_	
3-140	917-918	e	_	_	_	
3-141	919-922	per	_	_	_	
3-142	923-926	gli	_	_	_	
3-143	927-938	adempimenti	_	_	_	
3-144	939-947	relativi	_	_	_	
3-145	948-952	alla	_	_	_	
3-146	953-962	procedura	_	_	_	
3-147	963-971	adottiva	_	_	_	
3-148	972-973	,	_	_	_	
3-149	974-976	n.	_	_	_	
3-150	977-978	5	_	_	_	
3-151	979-985	giorni	_	_	_	
3-152	986-988	di	_	_	_	
3-153	989-997	permesso	_	_	_	
3-154	998-1008	retribuito	_	_	_	
3-155	1009-1010	;	_	_	_	
3-156	1011-1013	In	_	_	_	
3-157	1014-1023	relazione	_	_	_	
3-158	1024-1026	al	_	_	_	
3-159	1027-1035	disposto	_	_	_	
3-160	1036-1041	dell’	_	_	_	
3-161	1042-1046	art.	LEX[8]	_	_	
3-162	1047-1049	26	LEX[8]	_	_	
3-163	1050-1053	del	LEX[8]	_	_	
3-164	1054-1058	T.U.	LEX[8]	_	_	
3-165	1059-1061	26	LEX[8]	_	_	
3-166	1062-1067	marzo	LEX[8]	_	_	
3-167	1068-1072	2001	LEX[8]	_	_	
3-168	1073-1074	,	LEX[8]	_	_	
3-169	1075-1081	n. 151	LEX[8]	_	_	
3-170	1082-1083	e	_	_	_	
3-171	1084-1094	successive	_	_	_	
3-172	1095-1108	modificazioni	_	_	_	
3-173	1109-1110	,	_	_	_	
3-174	1111-1112	e	_	_	_	
3-175	1113-1117	art.	LEX[9]	_	_	
3-176	1118-1120	43	LEX[9]	_	_	
3-177	1121-1124	del	LEX[9]	_	_	
3-178	1125-1133	C.C.N.L.	LEX[9]	_	_	
3-179	1134-1136	21	LEX[9]	_	_	
3-180	1137-1143	maggio	LEX[9]	_	_	
3-181	1144-1148	2018	LEX[9]	_	_	
3-182	1149-1150	;	_	_	_	
3-183	1151-1157	CHIEDE	_	_	_	
3-184	1158-1160	ai	_	_	_	
3-185	1161-1166	sensi	_	_	_	
3-186	1167-1170	del	_	_	_	
3-187	1171-1180	combinato	_	_	_	
3-188	1181-1189	disposto	_	_	_	
3-189	1190-1195	degli	_	_	_	
3-190	1196-1201	artt.	LEX[10]	_	_	
3-191	1202-1204	16	LEX[10]	_	_	
3-192	1205-1206	,	LEX[10]	_	_	
3-193	1207-1212	comma	LEX[10]	_	_	
3-194	1213-1214	1	LEX[10]	_	_	
3-195	1215-1216	,	LEX[10]	_	_	
3-196	1217-1224	lettera	LEX[10]	_	_	
3-197	1225-1226	e	LEX[10]	_	_	
3-198	1227-1228	)	LEX[10]	_	_	
3-199	1229-1230	e	_	_	_	
3-200	1231-1233	26	LEX[11]	_	_	
3-201	1234-1235	,	LEX[11]	_	_	
3-202	1236-1241	commi	LEX[11]	_	_	
3-203	1242-1243	3	LEX[11]	_	_	
3-204	1244-1245	e	LEX[11]	_	_	
3-205	1246-1247	4	LEX[11]	_	_	
3-206	1248-1249	,	LEX[11]	_	_	
3-207	1250-1253	del	LEX[11]	_	_	
3-208	1254-1258	T.U.	LEX[11]	_	_	
3-209	1259-1261	26	LEX[11]	_	_	
3-210	1262-1267	marzo	LEX[11]	_	_	
3-211	1268-1272	2001	LEX[11]	_	_	
3-212	1273-1274	,	LEX[11]	_	_	
3-213	1275-1281	n. 151	LEX[11]	_	_	
3-214	1282-1283	e	_	_	_	
3-215	1284-1294	successive	_	_	_	
3-216	1295-1308	modificazioni	_	_	_	
3-217	1309-1310	,	_	_	_	
3-218	1311-1313	il	_	_	_	
3-219	1314-1322	restante	_	_	_	
3-220	1323-1330	congedo	_	_	_	
3-221	1331-1333	di	_	_	_	
3-222	1334-1343	maternità	_	_	_	
3-223	1344-1347	con	_	_	_	
3-224	1348-1350	la	_	_	_	
3-225	1351-1365	corresponsione	_	_	_	
3-226	1366-1369	del	_	_	_	
3-227	1370-1378	relativo	_	_	_	
3-228	1379-1390	trattamento	_	_	_	
3-229	1391-1400	economico	_	_	_	
3-230	1401-1402	,	_	_	_	
3-231	1403-1405	da	_	_	_	
3-232	1406-1412	fruire	_	_	_	
3-233	1413-1420	durante	_	_	_	
3-234	1421-1422	i	_	_	_	
3-235	1423-1428	primi	_	_	_	
3-236	1429-1435	cinque	_	_	_	
3-237	1436-1440	mesi	_	_	_	
3-238	1441-1451	successivi	_	_	_	
3-239	1452-1454	al	_	_	_	
3-240	1455-1465	21/03/2017	_	_	_	
3-241	1466-1467	,	_	_	_	
3-242	1468-1472	data	_	_	_	
3-243	1473-1478	dell’	_	_	_	
3-244	1479-1488	effettivo	_	_	_	
3-245	1489-1497	ingresso	_	_	_	
3-246	1498-1501	del	_	_	_	
3-247	1502-1508	minore	_	_	_	
3-248	1509-1511	in	_	_	_	
3-249	1512-1518	Italia	LOC	_	_	
3-250	1519-1520	.	_	_	_	
3-251	1521-1527	Allega	_	_	_	
3-252	1528-1533	copia	_	_	_	
3-253	1534-1537	del	_	_	_	
3-254	1538-1551	provvedimento	_	_	_	
3-255	1552-1555	del	_	_	_	
3-256	1556-1565	tribunale	_	_	_	
3-257	1566-1569	per	_	_	_	
3-258	1570-1571	i	_	_	_	
3-259	1572-1581	minorenni	_	_	_	
3-260	1582-1583	.	_	_	_	

#Text=12/02/2017 LA RICHIEDENTE
4-1	1584-1594	12/02/2017	_	_	_	
4-2	1595-1597	LA	_	_	_	
4-3	1598-1609	RICHIEDENTE	_	_	_	
