#FORMAT=WebAnno TSV 3.3
#T_SP=custom.Span|label
#T_RL=custom.Relation|label|BT_custom.Span


#Text=Comune di Taranto
1-1	0-6	Comune	ENTE[1]	_	_	
1-2	7-9	di	ENTE[1]	_	_	
1-3	10-17	Taranto	ENTE[1]	_	_	

#Text=Provincia di Taranto
2-1	18-27	Provincia	ENTE[2]	_	_	
2-2	28-30	di	ENTE[2]	_	_	
2-3	31-38	Taranto	ENTE[2]	_	_	

#Text=Comunicazione di avvio di procedimento relativo all’ emissione di provvedimenti conseguenti ad accertamenti di violazione del codice della navigazione
3-1	39-52	Comunicazione	_	_	_	
3-2	53-55	di	_	_	_	
3-3	56-61	avvio	_	_	_	
3-4	62-64	di	_	_	_	
3-5	65-77	procedimento	_	_	_	
3-6	78-86	relativo	_	_	_	
3-7	87-91	all’	_	_	_	
3-8	92-101	emissione	_	_	_	
3-9	102-104	di	_	_	_	
3-10	105-118	provvedimenti	_	_	_	
3-11	119-130	conseguenti	_	_	_	
3-12	131-133	ad	_	_	_	
3-13	134-146	accertamenti	_	_	_	
3-14	147-149	di	_	_	_	
3-15	150-160	violazione	_	_	_	
3-16	161-164	del	_	_	_	
3-17	165-171	codice	_	_	_	
3-18	172-177	della	_	_	_	
3-19	178-189	navigazione	_	_	_	

#Text=Al Sig. Matteo Lisoni in qualità di rappresentante dell’ impresa Lisoni s.p.a. Via Rodi 7 , TA SEDE e , p.c. Alla Procura della Repubblica presso il Tribunale di Taranto Alla – Guardia Costiera – All’ Ufficio Circondariale Marittimo di Taranto All’ Agenzia del Demanio SEDE Con la presente si comunica che in data 24/08/2014 durante un sopralluogo effettuato da parte di personale appartenente all’ Ufficio Demaniale marittimo congiuntamente a personale appartenente al Corpo di Polizia Municipale in Via Rodi n. 7 presso l’ area demaniale marittima oggetto della concessione demaniale marittima n. 20314 intestata alla società Lisoni s.p.a. allo scopo di estrazione di pietra calcarea scaduta il 27/07/2013 si constatava che il cantiere era inattivo ed in stato di abbandono e degrado .
4-1	190-192	Al	_	_	_	
4-2	193-197	Sig.	_	_	_	
4-3	198-204	Matteo	PER[3]	personalRole	4-8[0_3]	
4-4	205-211	Lisoni	PER[3]	_	_	
4-5	212-214	in	_	_	_	
4-6	215-222	qualità	_	_	_	
4-7	223-225	di	_	_	_	
4-8	226-240	rappresentante	ROLE	_	_	
4-9	241-246	dell’	_	_	_	
4-10	247-254	impresa	_	_	_	
4-11	255-261	Lisoni	ORG[4]	op|addressR|companyRole|addressR	4-3[3_4]|4-13[5_4]|4-8[0_4]|4-17[0_4]	
4-12	262-268	s.p.a.	ORG[4]	_	_	
4-13	269-272	Via	LOC[5]	_	_	
4-14	273-277	Rodi	LOC[5]	_	_	
4-15	278-279	7	LOC[5]	_	_	
4-16	280-281	,	_	_	_	
4-17	282-284	TA	LOC	_	_	
4-18	285-289	SEDE	_	_	_	
4-19	290-291	e	_	_	_	
4-20	292-293	,	_	_	_	
4-21	294-298	p.c.	_	_	_	
4-22	299-303	Alla	_	_	_	
4-23	304-311	Procura	ENTE[6]	_	_	
4-24	312-317	della	ENTE[6]	_	_	
4-25	318-328	Repubblica	ENTE[6]	_	_	
4-26	329-335	presso	_	_	_	
4-27	336-338	il	_	_	_	
4-28	339-348	Tribunale	ENTE[7]	_	_	
4-29	349-351	di	ENTE[7]	_	_	
4-30	352-359	Taranto	ENTE[7]	_	_	
4-31	360-364	Alla	_	_	_	
4-32	365-366	–	_	_	_	
4-33	367-374	Guardia	ENTE[8]	_	_	
4-34	375-383	Costiera	ENTE[8]	_	_	
4-35	384-385	–	_	_	_	
4-36	386-390	All’	_	_	_	
4-37	391-398	Ufficio	_	_	_	
4-38	399-412	Circondariale	_	_	_	
4-39	413-422	Marittimo	_	_	_	
4-40	423-425	di	_	_	_	
4-41	426-433	Taranto	LOC	_	_	
4-42	434-438	All’	_	_	_	
4-43	439-446	Agenzia	ENTE[9]	_	_	
4-44	447-450	del	ENTE[9]	_	_	
4-45	451-458	Demanio	ENTE[9]	_	_	
4-46	459-463	SEDE	_	_	_	
4-47	464-467	Con	_	_	_	
4-48	468-470	la	_	_	_	
4-49	471-479	presente	_	_	_	
4-50	480-482	si	_	_	_	
4-51	483-491	comunica	_	_	_	
4-52	492-495	che	_	_	_	
4-53	496-498	in	_	_	_	
4-54	499-503	data	_	_	_	
4-55	504-514	24/08/2014	_	_	_	
4-56	515-522	durante	_	_	_	
4-57	523-525	un	_	_	_	
4-58	526-537	sopralluogo	_	_	_	
4-59	538-548	effettuato	_	_	_	
4-60	549-551	da	_	_	_	
4-61	552-557	parte	_	_	_	
4-62	558-560	di	_	_	_	
4-63	561-570	personale	_	_	_	
4-64	571-583	appartenente	_	_	_	
4-65	584-588	all’	_	_	_	
4-66	589-596	Ufficio	_	_	_	
4-67	597-606	Demaniale	_	_	_	
4-68	607-616	marittimo	_	_	_	
4-69	617-631	congiuntamente	_	_	_	
4-70	632-633	a	_	_	_	
4-71	634-643	personale	_	_	_	
4-72	644-656	appartenente	_	_	_	
4-73	657-659	al	_	_	_	
4-74	660-665	Corpo	ENTE[10]	_	_	
4-75	666-668	di	ENTE[10]	_	_	
4-76	669-676	Polizia	ENTE[10]	_	_	
4-77	677-687	Municipale	ENTE[10]	_	_	
4-78	688-690	in	_	_	_	
4-79	691-694	Via	LOC[11]	_	_	
4-80	695-699	Rodi	LOC[11]	_	_	
4-81	700-702	n.	LOC[11]	_	_	
4-82	703-704	7	LOC[11]	_	_	
4-83	705-711	presso	_	_	_	
4-84	712-714	l’	_	_	_	
4-85	715-719	area	_	_	_	
4-86	720-729	demaniale	_	_	_	
4-87	730-739	marittima	_	_	_	
4-88	740-747	oggetto	_	_	_	
4-89	748-753	della	_	_	_	
4-90	754-765	concessione	_	_	_	
4-91	766-775	demaniale	_	_	_	
4-92	776-785	marittima	_	_	_	
4-93	786-788	n.	_	_	_	
4-94	789-794	20314	_	_	_	
4-95	795-804	intestata	_	_	_	
4-96	805-809	alla	_	_	_	
4-97	810-817	società	_	_	_	
4-98	818-824	Lisoni	ORG[12]	_	_	
4-99	825-831	s.p.a.	ORG[12]	_	_	
4-100	832-836	allo	_	_	_	
4-101	837-842	scopo	_	_	_	
4-102	843-845	di	_	_	_	
4-103	846-856	estrazione	_	_	_	
4-104	857-859	di	_	_	_	
4-105	860-866	pietra	_	_	_	
4-106	867-875	calcarea	_	_	_	
4-107	876-883	scaduta	_	_	_	
4-108	884-886	il	_	_	_	
4-109	887-897	27/07/2013	_	_	_	
4-110	898-900	si	_	_	_	
4-111	901-911	constatava	_	_	_	
4-112	912-915	che	_	_	_	
4-113	916-918	il	_	_	_	
4-114	919-927	cantiere	_	_	_	
4-115	928-931	era	_	_	_	
4-116	932-940	inattivo	_	_	_	
4-117	941-943	ed	_	_	_	
4-118	944-946	in	_	_	_	
4-119	947-952	stato	_	_	_	
4-120	953-955	di	_	_	_	
4-121	956-965	abbandono	_	_	_	
4-122	966-967	e	_	_	_	
4-123	968-975	degrado	_	_	_	
4-124	976-977	.	_	_	_	
